Video ID,Comment,Comment ID,Published At,Updated At,Likes
6ZfuNTqbHE8,Avengers endgame must be release  in this year,UgwVsrrD5iPb2qUBWWp4AaABAg,2023-06-19T04:31:46Z,2023-06-19T04:31:46Z,0
6ZfuNTqbHE8,Mcu those days...,Ugzg6l8JbKaFBundqOl4AaABAg,2023-06-19T03:28:58Z,2023-06-19T03:28:58Z,1
6ZfuNTqbHE8,"I remember when I first watched this trailer in like December of 2017. I can’t believe it’s been almost 6 years, time flies.",UgwbZdqdiR9veo2bVh54AaABAg,2023-06-19T03:25:44Z,2023-06-19T03:25:44Z,0
6ZfuNTqbHE8,Imagine if YRF make such kind of a Pan Indian movie!!!!,UgxW0fPy0SkDyOK__at4AaABAg,2023-06-18T12:46:07Z,2023-06-18T12:46:07Z,1
6ZfuNTqbHE8,I was eagerly waiting for hulk in theatre 😢 but this trailer deceived me.,Ugyym1orxOO4UIAg95N4AaABAg,2023-06-18T08:33:53Z,2023-06-18T08:33:53Z,0
6ZfuNTqbHE8,"I watched this in the theater with my big sister. We’re in our 20s, but we are close and we always see the “big” movies that release in theaters. We were both blown away & I remember us being so upset about being left on a cliffhanger. We saw Endgame together as well and I cried at the end. Thank you Marvel for everything.",UgxtMNdcSVMgY980NXZ4AaABAg,2023-06-18T06:51:19Z,2023-06-18T06:51:19Z,1
6ZfuNTqbHE8,I see hulk there but in the movie I don't see him 😅,UgwDRIKH-GSIJ9P6kL54AaABAg,2023-06-18T03:52:04Z,2023-06-18T03:52:04Z,1
6ZfuNTqbHE8,Marvels never reaching this level again,UgyjjXSFpVP8RH02QKx4AaABAg,2023-06-18T01:20:27Z,2023-06-18T01:20:27Z,0
6ZfuNTqbHE8,"Good memories of what was,....before Disney destroyed it with ""phase 4"".
Here's hope to the annihilation of ESG, the people behind it, and anything that would try to take it's place.",Ugyfit-cTKxbbRehfFB4AaABAg,2023-06-17T16:36:43Z,2023-06-17T16:36:43Z,0
6ZfuNTqbHE8,2023 anyone,Ugzu6Zhi4GfyMk3X0vZ4AaABAg,2023-06-17T05:19:58Z,2023-06-17T05:19:58Z,0
6ZfuNTqbHE8,"I was thinking about Thanos' plan and realized he could have gotten away with *everything* if I stead of just erasing 1/2 of the population, he rewrote reality to where 1/2 the population never existed. No one would have stopped him because no one knew anyone was gone.",UgybOMQGp4z0USfWYyt4AaABAg,2023-06-17T02:08:28Z,2023-06-17T02:08:28Z,0
6ZfuNTqbHE8,One of the few times a movie lived up to the trailer.,Ugw6xDPtCWDen9RNCwZ4AaABAg,2023-06-17T00:34:16Z,2023-06-17T00:34:16Z,1
6ZfuNTqbHE8,Why hulk trailer he in first start he lost from thanos,Ugytby51Va23Z0IhrWh4AaABAg,2023-06-17T00:24:25Z,2023-06-17T00:24:25Z,0
6ZfuNTqbHE8,Endgame is better,UgyiEQ-3P4ehC97VHJJ4AaABAg,2023-06-17T00:24:00Z,2023-06-17T00:24:00Z,0
6ZfuNTqbHE8,How did we go from this to she-hulk and ms marvel? Please someone explain 😢,Ugxt9GcWj4kw1cliqJ94AaABAg,2023-06-16T22:35:51Z,2023-06-16T22:35:51Z,0
6ZfuNTqbHE8,1:07,Ugw_IDLjY_qxQCGiTG14AaABAg,2023-06-16T20:24:16Z,2023-06-16T20:24:16Z,0
6ZfuNTqbHE8,MARVEL,Ugw0Jrtz4Tk1fKGIdQJ4AaABAg,2023-06-16T17:13:34Z,2023-06-16T17:13:34Z,0
6ZfuNTqbHE8,Again 😍,UgxDNhxDArw2zm-_B3N4AaABAg,2023-06-16T16:06:26Z,2023-06-16T16:06:26Z,0
6ZfuNTqbHE8,You are great Marvel,UgxC0R5cGmhmabMhysF4AaABAg,2023-06-16T15:51:59Z,2023-06-16T15:51:59Z,0
6ZfuNTqbHE8,"sad but true: i just got emotional seeing this trailer, reminded me of how powerful the MCU was back then. im literally in tears, no movie trailer has ever felt so real 😭❤️",Ugy4p5fkoYvcpneGjjp4AaABAg,2023-06-16T14:16:37Z,2023-06-16T14:16:37Z,0
6ZfuNTqbHE8,The slow motion shot at 2:00 still gives me chills. Great trailer and movie,UgyNZMZSFHjFeJJYJn14AaABAg,2023-06-16T10:40:38Z,2023-06-16T10:40:38Z,0
6ZfuNTqbHE8,Trailer still bangs,UgxR2rRafqHUnkgvHAV4AaABAg,2023-06-16T08:20:07Z,2023-06-16T08:20:07Z,0
6ZfuNTqbHE8,Peak MCU,UgzqB2ACKQRwppAZDrh4AaABAg,2023-06-16T00:30:19Z,2023-06-16T00:30:19Z,2
6ZfuNTqbHE8,Hype is still up and goes day by day everytime I watch this trailer it's give goosebumps 😍,Ugw581vKJNBKUDAlBSp4AaABAg,2023-06-16T00:13:24Z,2023-06-16T00:13:24Z,2
6ZfuNTqbHE8,I was hooked the day this trailer was released.,UgyoC8Xo4Mqh2eZraIZ4AaABAg,2023-06-15T13:33:32Z,2023-06-15T13:33:32Z,0
6ZfuNTqbHE8,I came here to tell everyone endgame is not the best avenger movie 😊,UgxE0abD00JPPIWtKKN4AaABAg,2023-06-15T09:47:15Z,2023-06-15T09:47:15Z,3
6ZfuNTqbHE8,Abe infinity war me hulk kya kr rha he 😂😂,UgwEe2Xg95Dy_UY2VVZ4AaABAg,2023-06-15T08:42:28Z,2023-06-15T08:42:28Z,0
6ZfuNTqbHE8,This is sad I was 6 when this released,UgwyqEGyrAKKa26sUJV4AaABAg,2023-06-15T07:35:59Z,2023-06-15T07:35:59Z,0
6ZfuNTqbHE8,For russian this beautiful!),Ugz50IwPssYFrPZU0tN4AaABAg,2023-06-15T06:55:54Z,2023-06-15T06:55:54Z,0
6ZfuNTqbHE8,5 years later...still feel the same 😍❤,UgySrusSp7vvHi1M4Ax4AaABAg,2023-06-15T03:28:08Z,2023-06-15T03:28:08Z,3
6ZfuNTqbHE8,This was a Big moment in human history,UgzRqEKc0gV4-Qu1mjx4AaABAg,2023-06-15T03:11:22Z,2023-06-15T03:11:22Z,0
6ZfuNTqbHE8,The background music reminds me of the good old days of 2018. 😌,Ugy5Bo10moBh6ClJSYN4AaABAg,2023-06-15T01:58:58Z,2023-06-15T01:58:58Z,1
6ZfuNTqbHE8,Yes,Ugyh4XWG3uXi-05wlH94AaABAg,2023-06-14T19:44:44Z,2023-06-14T19:44:44Z,1
6ZfuNTqbHE8,wo bhi kya din the mcu.. 🤩🤩,Ugx4uYlJbXyVAt4suPJ4AaABAg,2023-06-14T18:39:37Z,2023-06-14T18:39:37Z,0
6ZfuNTqbHE8,True Bousou Turboness; appropriate response to the Doku Boubou no Jutsu,Ugz8xWpsYuR72JpQQod4AaABAg,2023-06-14T16:51:47Z,2023-06-14T16:51:47Z,0
6ZfuNTqbHE8,The best trailer,UgxJvr58ccnw4d1Q5AJ4AaABAg,2023-06-14T12:34:05Z,2023-06-14T12:34:05Z,0
6ZfuNTqbHE8,"Ahhh....'member when you were excited to see a Marvel movie?

Yeahhh....I 'member...",Ugxo7k9AW8_OJFf7Nzt4AaABAg,2023-06-14T10:21:39Z,2023-06-14T10:21:39Z,0
6ZfuNTqbHE8,It's a movie that goes against my common sense that heroes always win.,UgwucRHpZpLifaLp6OF4AaABAg,2023-06-14T10:08:05Z,2023-06-14T10:08:05Z,0
6ZfuNTqbHE8,When Does This Realese It Looks SO GOOD,UgxCHVFvX2cSJyg47KJ4AaABAg,2023-06-14T06:44:54Z,2023-06-14T06:44:54Z,0
6ZfuNTqbHE8,Who's watching in 2023 🙄,Ugykd1DBo0bEvL149kJ4AaABAg,2023-06-14T05:45:45Z,2023-06-14T05:45:45Z,3
6ZfuNTqbHE8,Time flies since i watched 5 years ago❤,Ugwr41E5_5jfL-5oW-x4AaABAg,2023-06-13T21:27:49Z,2023-06-13T21:27:49Z,2
6ZfuNTqbHE8,Some of the greatest goosebumps ive ever felt,Ugw8VXF35YTdoC-jcQZ4AaABAg,2023-06-13T19:45:55Z,2023-06-13T19:45:55Z,3
6ZfuNTqbHE8,Still getting chills😢,UgwW2C8VTNg282cM1Ft4AaABAg,2023-06-12T23:29:25Z,2023-06-12T23:29:25Z,9
6ZfuNTqbHE8,Trailer me pich Hulk bhaag Raha h or movie me Bruce Hulk bna hi nhi,Ugy7Zb2SHJN0gDz1utl4AaABAg,2023-06-12T18:00:52Z,2023-06-12T18:00:52Z,2
6ZfuNTqbHE8,5 years later and it’s still a banger,Ugy9Oh0rdlGeZXZq_9B4AaABAg,2023-06-12T14:26:37Z,2023-06-12T14:26:37Z,2
6ZfuNTqbHE8,If you are an idiot asking why Hulk is in this trailer then here is the answer: Marvel wants to make you think that there's Hulk in this movie with thier CGI magic,UgzSTvSc2fRfSaUzHV14AaABAg,2023-06-12T06:18:09Z,2023-06-12T06:18:09Z,2
6ZfuNTqbHE8,Tony Stark is so hot.,UgyAW0pqfReqk4ECtK14AaABAg,2023-06-12T05:13:20Z,2023-06-12T05:13:20Z,0
6ZfuNTqbHE8,change the thumbnail now marvel..been a while 😂😂🤣🤣,UgypbsNdM9I0L65XKId4AaABAg,2023-06-11T18:40:37Z,2023-06-11T18:40:37Z,1
6ZfuNTqbHE8,😢,Ugzffu2idN4BZEOy-lV4AaABAg,2023-06-11T15:36:28Z,2023-06-11T15:36:28Z,1
6ZfuNTqbHE8,Bhai isme hulk kaha se agya 🙄 movie mai to hulk tha hi nhi hulk Baster soot pehna hota hai bener nai,Ugytu606870O-aNkbk54AaABAg,2023-06-11T10:10:14Z,2023-06-11T10:10:14Z,0
6ZfuNTqbHE8,I miss phase 4,UgxDTNTuywT4DIN1Khx4AaABAg,2023-06-11T08:06:40Z,2023-06-11T08:06:40Z,2
6ZfuNTqbHE8,Chills!!!,UgzRmM_Wz8J_zNYPkcB4AaABAg,2023-06-11T06:23:31Z,2023-06-11T06:23:31Z,2
6ZfuNTqbHE8,I MISS THIS MARVEL,UgwtvxZGTvyTTsRnFjp4AaABAg,2023-06-11T01:14:35Z,2023-06-11T01:14:35Z,6
6ZfuNTqbHE8,The chills. There was no level of hype greater then infinity I’ve seen in my lifetime.,UgyrlqenjyQYY8bC3vh4AaABAg,2023-06-10T23:18:22Z,2023-06-10T23:18:22Z,0
6ZfuNTqbHE8,when marvel did things right...,UgyGAjHqeYSIs8EhMld4AaABAg,2023-06-10T17:21:59Z,2023-06-10T17:21:59Z,1
6ZfuNTqbHE8,Bhai isme hulk dikhaya gaya hai wakanda mai or movie mai dikhaya gaya ki hulk iron man ka suit  mai rahkar lada,Ugwpr_gzTEvMnwAtLnV4AaABAg,2023-06-10T17:16:49Z,2023-06-10T17:16:49Z,0
6ZfuNTqbHE8,Infinity war me Hulk kaha tha bhai 😂😂😂,UgwtgLparRkH2aoWfZV4AaABAg,2023-06-10T16:12:42Z,2023-06-10T16:12:42Z,0
6ZfuNTqbHE8,Saya dr masa depan tahun 2025,Ugyyvwx8tX5S8kUULmt4AaABAg,2023-06-10T13:37:56Z,2023-06-10T13:37:56Z,0
6ZfuNTqbHE8,I feel like the introduction of the multiverse was too early for the franchise,Ugy9WY9uckOE1aTk9Ep4AaABAg,2023-06-10T12:14:47Z,2023-06-10T12:14:47Z,0
6ZfuNTqbHE8,The Hulk Thing us right 😂,UgyiV5sKZAvatDHd0hF4AaABAg,2023-06-10T07:30:48Z,2023-06-10T07:30:48Z,0
6ZfuNTqbHE8,As we know that in trailer the mcu show the hulk in his mode but in infinity war movie they don't show the hulk in his mode they show the robotic hulk 😢 I don't know this is a mistake or nor 😊,UgygnnnSNCFMKKB6rnV4AaABAg,2023-06-10T07:29:06Z,2023-06-10T07:29:06Z,1
6ZfuNTqbHE8,The hype was real and you can still feel it. The best,UgwvHzrohE3U4pCnppN4AaABAg,2023-06-10T06:52:06Z,2023-06-10T06:52:06Z,1
6ZfuNTqbHE8,re relase this movie again. Pleaseeeeeeeee (From India),UgzRolHHDRo8SEW_wWB4AaABAg,2023-06-10T06:47:54Z,2023-06-10T06:47:54Z,0
6ZfuNTqbHE8,"Right, gonna go rewatch",UgzIe43tlPjywLWK5mh4AaABAg,2023-06-10T05:22:08Z,2023-06-10T05:22:08Z,1
6ZfuNTqbHE8,The best trailer crafted in the history of movies,Ugwvjzcdz3sEuLby1Eh4AaABAg,2023-06-10T05:06:19Z,2023-06-10T05:06:19Z,0
6ZfuNTqbHE8,The most viewed trailers of all time,Ugxgof76JUYXc0go5ZR4AaABAg,2023-06-10T05:04:36Z,2023-06-10T05:04:36Z,0
6ZfuNTqbHE8,Rewatching this trailer is a tradition,Ugyx1dGhWVuKif78BLR4AaABAg,2023-06-10T02:31:34Z,2023-06-10T02:31:34Z,0
6ZfuNTqbHE8,How i miss this era,UgzSHvina79olAwnhwt4AaABAg,2023-06-09T17:33:02Z,2023-06-09T17:33:02Z,1
6ZfuNTqbHE8,Kang is a fcking joke,UgwzgRZcqrPRKB-bYW54AaABAg,2023-06-09T14:25:35Z,2023-06-09T14:25:35Z,0
6ZfuNTqbHE8,"thanks marvel, i never get so hyped before",UgzFT3MWs2IsankpqZZ4AaABAg,2023-06-09T14:24:55Z,2023-06-09T14:24:55Z,1
6ZfuNTqbHE8,Fun fact : This year is when Endgame took place,UgykckPGC4D5PO0sIo94AaABAg,2023-06-09T13:31:42Z,2023-06-09T13:31:42Z,0
6ZfuNTqbHE8,Goosebumps trailer,Ugz9tdb55D3IclsbZol4AaABAg,2023-06-09T03:58:34Z,2023-06-09T03:58:34Z,0
6ZfuNTqbHE8,I am back after 5 year❤,UgyvQLdXSVC0jT5v3z54AaABAg,2023-06-09T02:56:35Z,2023-06-09T02:56:35Z,2
6ZfuNTqbHE8,"The trailer was released for as long as The Blip lasted, oh how time flies am I right?",UgztK890kjpo4qKBinV4AaABAg,2023-06-08T20:00:00Z,2023-06-08T20:00:00Z,0
6ZfuNTqbHE8,"Whenever my Grandchildren come to me for a story it will start by the words, "" There was an idea....""",Ugy2uSaHS-n4mIpewQl4AaABAg,2023-06-08T16:34:34Z,2023-06-08T16:34:34Z,0
6ZfuNTqbHE8,Even after 5 years people are watching trailer again and again which shows how good this movie is,UgzgVhYWGThXxg3QQj54AaABAg,2023-06-08T14:49:29Z,2023-06-08T14:49:29Z,0
6ZfuNTqbHE8,Wait they put post snap clip at the beginning🤯,UgwKKLXNhWWEJOQpDp94AaABAg,2023-06-08T11:26:00Z,2023-06-08T11:26:00Z,0
6ZfuNTqbHE8,Are you there....,UgymsenZ5UDX4hTm2x14AaABAg,2023-06-08T09:56:29Z,2023-06-08T09:56:29Z,0
6ZfuNTqbHE8,Everytime I watch this trailer it makes me even more sad to see what the mcu has become.,Ugx0akhTenGAFrvqct94AaABAg,2023-06-07T22:02:16Z,2023-06-07T22:02:16Z,3
6ZfuNTqbHE8,Imagune about time when will the secret war trailer will drop😮❤,Ugxht8xibRiZMiNQveZ4AaABAg,2023-06-07T08:07:23Z,2023-06-07T08:07:23Z,3
6ZfuNTqbHE8,The hype was real❤,UgwS3EJPfZ3lhupw5Rl4AaABAg,2023-06-07T07:31:56Z,2023-06-07T07:31:56Z,4
6ZfuNTqbHE8,"Who is here in 2023?
Still memorising this Cinematic Experience 💥✨",UgwS8Kq4i5hgkgfQI254AaABAg,2023-06-07T03:40:00Z,2023-06-07T03:40:00Z,3
6ZfuNTqbHE8,Endgame got a Shot only because of this Master Piece!!!,Ugw3L075Tn6t2G8gw6t4AaABAg,2023-06-07T02:51:04Z,2023-06-07T02:51:04Z,1
6ZfuNTqbHE8,"Black Panther: Evacuate the city. Engage our defenses.

Emmet Brickowski: AND GET ME SOME GLITTER GLUE!!!",Ugx2ddC08G3O5advnKx4AaABAg,2023-06-07T02:37:46Z,2023-06-07T02:37:46Z,2
6ZfuNTqbHE8,"THIS is what Marvel was. Now its over-saturated with too many misses, and not enough hits.",UgyyAp5JXOUZFS5iWsB4AaABAg,2023-06-07T01:49:23Z,2023-06-07T01:49:23Z,2
6ZfuNTqbHE8,"It was such a masterpiece ..that I'm watching the trailer after 5 years.
Even I get the same hype for this movie better than endgame....Love you Avengers..",UgyEjg8M_mRftWXfdXB4AaABAg,2023-06-07T01:41:00Z,2023-06-07T01:43:25Z,3
6ZfuNTqbHE8,Still best trailer ever,UgwoMh2VINbvT5H8mAN4AaABAg,2023-06-07T01:14:13Z,2023-06-07T01:14:13Z,2
6ZfuNTqbHE8,"Forever, my all time favorite movie trailer. Will forever give me chills. Even the dialogue is like poetry.",UgxeWSbe95Eg-NHS9F94AaABAg,2023-06-06T23:12:45Z,2023-06-06T23:12:45Z,3
6ZfuNTqbHE8,Rip black panther. Wakanda forever!,UgzmE8X8KaFkBzp9yc14AaABAg,2023-06-06T22:03:39Z,2023-06-06T22:03:39Z,2
6ZfuNTqbHE8,I really wish I watched this when it came out,UgyCvYAdL9tBQe2H5o94AaABAg,2023-06-06T19:51:16Z,2023-06-06T19:51:16Z,2
6ZfuNTqbHE8,"What, the Hulk wasn't in Wakanda",Ugwo9fkAmqHEz6tzBsZ4AaABAg,2023-06-06T17:38:01Z,2023-06-06T17:38:01Z,1
6ZfuNTqbHE8,This is where MCU peaked. It will take ten more years to reach anywhere near this level. What an absolutely beautiful time it was!,UgzLCTsgdPoRZJwAkI14AaABAg,2023-06-06T17:34:55Z,2023-06-06T17:34:55Z,2
6ZfuNTqbHE8,This was peak mcu. Everything went downhill after endgame.,UgxLHWt-3wkv88pFs094AaABAg,2023-06-06T09:09:16Z,2023-06-06T09:09:16Z,5
6ZfuNTqbHE8,cant win,UgxCjq7U7xsTxzSZgiF4AaABAg,2023-06-06T04:54:37Z,2023-06-06T04:54:37Z,1
6ZfuNTqbHE8,I am watching the video on mute and I'm already getting goosebumps,Ugy43n2LrU2VVId9jkZ4AaABAg,2023-06-06T03:26:14Z,2023-06-06T03:26:14Z,1
6ZfuNTqbHE8,🥲,Ugx7fSmqqFjUerS5E0Z4AaABAg,2023-06-05T23:22:07Z,2023-06-05T23:22:07Z,2
6ZfuNTqbHE8,Anyone watching 2023 ?,UgxhC6bBR5CSnBhtsQF4AaABAg,2023-06-05T15:02:57Z,2023-06-05T15:02:57Z,5
6ZfuNTqbHE8,After five year still masterpiece👍,UgxHSFV6u1aD0jcA5HV4AaABAg,2023-06-05T02:19:33Z,2023-06-05T02:19:33Z,3
6ZfuNTqbHE8,Its still awesome❤,Ugwh7zFh22rq2On8yzZ4AaABAg,2023-06-05T02:18:54Z,2023-06-05T02:18:54Z,2
6ZfuNTqbHE8,❤❤😢😢,UgxLfZIbhPn6InfRiOh4AaABAg,2023-06-05T02:18:43Z,2023-06-05T02:18:43Z,1
6ZfuNTqbHE8,GREATEST. MOVIE. EVER.,Ugz401_BMbGI_RWKohN4AaABAg,2023-06-04T22:13:45Z,2023-06-04T22:13:45Z,0
6ZfuNTqbHE8,Never get bored from this one!,Ugwe7a6pdRL1LHF9QRN4AaABAg,2023-06-04T21:31:47Z,2023-06-04T21:31:47Z,1
6ZfuNTqbHE8,"Great trailer, but they really got us with that fake Hulk",Ugz_IW3oDPfwKlnvqXl4AaABAg,2023-06-04T20:43:42Z,2023-06-04T20:43:42Z,0
6ZfuNTqbHE8,"One of the things I love about IW is that practically no one was done dirty, and everyone got their chance to shine. That goes for Starlord too because being emotional is perfectly in character for him, and it was HIS almost successful plan that he messed up.",UgxFp275bqwaENcmDk14AaABAg,2023-06-04T16:37:59Z,2023-06-04T16:37:59Z,4
6ZfuNTqbHE8,this and infinity war are so iconic. Nothing has topped them in the whole mcu since,UgyaUfH2AFXKH6tWaDB4AaABAg,2023-06-04T14:55:30Z,2023-06-04T14:55:30Z,0
6ZfuNTqbHE8,I was in middle school when this came out now im getting ready for college holy time flies,Ugzy3iceTjwnCBtOrdd4AaABAg,2023-06-04T13:42:56Z,2023-06-04T13:42:56Z,0
6ZfuNTqbHE8,"Infinity war was the MCU's peak, change my mind.",UgwN3T_VkeNf56PDwhp4AaABAg,2023-06-04T13:36:39Z,2023-06-04T13:36:39Z,0
6ZfuNTqbHE8,You know its a famous cast when tom holland has about 3 seconds in the trailer lol,Ugx99G0zElSavUpzqhd4AaABAg,2023-06-04T12:47:01Z,2023-06-04T12:47:01Z,1
6ZfuNTqbHE8,In this year Avengers win the battle 😭🤍🔥,UgzD0DAmzNRMSxwCk2F4AaABAg,2023-06-04T11:25:43Z,2023-06-04T11:25:43Z,0
6ZfuNTqbHE8,I can't believe it was 5 years ago still feel like yesterday,UgzXWI0Zj5cFHsk9u_p4AaABAg,2023-06-04T09:11:16Z,2023-06-04T09:11:16Z,1
6ZfuNTqbHE8,Crazy how they put hulk in that wakanda scene to not give any spoilers,Ugx7mpDFM8VMxfHU57Z4AaABAg,2023-06-04T03:32:59Z,2023-06-04T03:32:59Z,0
6ZfuNTqbHE8,After 5 years 😅,UgxqeSiQC-AId9OVIzF4AaABAg,2023-06-04T02:56:44Z,2023-06-04T02:56:44Z,3
6ZfuNTqbHE8,How has it been 5 years already????,UgxVlgGZkdh2dwfy4RF4AaABAg,2023-06-04T00:44:41Z,2023-06-04T00:44:41Z,2
6ZfuNTqbHE8,Masterpiece,UgzD3_aZNUer4nZo1xZ4AaABAg,2023-06-03T20:35:22Z,2023-06-03T20:35:22Z,2
6ZfuNTqbHE8,Can't believe it's been five years! Take us back! 🥲,Ugzn_jtT4m3VagmiK814AaABAg,2023-06-03T12:40:50Z,2023-06-03T12:40:50Z,3
6ZfuNTqbHE8,MAN...,Ugw6Mh6Q__t782rXxOt4AaABAg,2023-06-03T11:58:41Z,2023-06-03T11:58:41Z,2
6ZfuNTqbHE8,love u iron man,UgwzFncZF1_elhTJfSd4AaABAg,2023-06-03T07:36:47Z,2023-06-03T07:36:47Z,1
6ZfuNTqbHE8,Favorite movie franchise of all time!!,UgxZqkr-6VZiTp35Qx14AaABAg,2023-06-03T05:54:37Z,2023-06-03T05:54:37Z,1
6ZfuNTqbHE8,"I realized this after watching it years later, but at the end(2:01) they show hulk at the battle of wakanda when in the movie he never came out. Guess they changed that last minute.",UgxYwYcVEH2NPzN4yMB4AaABAg,2023-06-03T02:21:33Z,2023-06-03T02:21:33Z,3
6ZfuNTqbHE8,"This movie is really a once-in-a-lifetime experience, no matter how many years pass this movie will still be talked about for many generations to come.",Ugw59XSOYxie6G_mOB54AaABAg,2023-06-02T23:38:51Z,2023-06-02T23:38:51Z,0
6ZfuNTqbHE8,"Although for almost everyone, Endgame is the best, for me Infinity War is the best because this movie showed us something different from what we were used to, but above all, we saw Cap America with a beard🤭",UgzkBy2Ovay3rULYC5p4AaABAg,2023-06-02T18:00:15Z,2023-06-02T18:00:15Z,1
6ZfuNTqbHE8,Still a masterpiece.,Ugz4if6wotRYNRSLXCV4AaABAg,2023-06-02T17:54:23Z,2023-06-02T17:54:23Z,0
6ZfuNTqbHE8,We grew up after this movie i guess :(,UgyHC8-i3mZJDU7mjsh4AaABAg,2023-06-02T12:34:04Z,2023-06-02T12:34:04Z,2
6ZfuNTqbHE8,Hulk was not in Wakanda fight,UgzBs98iC8mN6P6ii7J4AaABAg,2023-06-02T01:37:13Z,2023-06-02T01:37:13Z,2
6ZfuNTqbHE8,I’m back 5 years after I was blipped out of existence. What did I miss?,UgyY9bOkSBMz-l58ZAB4AaABAg,2023-06-01T23:53:58Z,2023-06-01T23:53:58Z,3
6ZfuNTqbHE8,Avengers vs justice league?,Ugz9EVEErWVk7we1eKJ4AaABAg,2023-06-01T21:20:50Z,2023-06-01T21:20:50Z,0
6ZfuNTqbHE8,DC needs to learn how to put up a trailer.,Ugxlq7Uw3EoeeSrP_u14AaABAg,2023-06-01T18:47:21Z,2023-06-01T18:47:21Z,1
6ZfuNTqbHE8,5 years ago♥️,UgwpD01yybaU0h8LHqx4AaABAg,2023-06-01T15:29:48Z,2023-06-01T15:29:48Z,0
6ZfuNTqbHE8,5 years later and Thanos entry still giving goosebumps,UgzIiPHrWMb-Ph8epfJ4AaABAg,2023-06-01T14:53:08Z,2023-06-01T14:53:08Z,1
6ZfuNTqbHE8,I came to watch the trailer again 5 years after its initial release. Wow.,UgxrlJuTKAs2foyRgKJ4AaABAg,2023-06-01T14:14:34Z,2023-06-01T14:14:34Z,2
6ZfuNTqbHE8,Where was drax?,UgwzMopXzMSzSUWyA6J4AaABAg,2023-06-01T13:08:47Z,2023-06-01T13:08:47Z,0
6ZfuNTqbHE8,LEGEND !,UgyU0UGXLhcL58qpJ5t4AaABAg,2023-06-01T09:27:18Z,2023-06-01T09:27:18Z,0
6ZfuNTqbHE8,The feeling of having to wait until the following summer to get answers was surreal looking back.,Ugza_njndw5VTJAZIC94AaABAg,2023-06-01T05:19:31Z,2023-06-01T05:19:31Z,3
6ZfuNTqbHE8,"Sorry endgame but this was the best movie-going experience I've ever had, hands down",UgyoPA1dB7e6eIbJ0PN4AaABAg,2023-06-01T01:08:38Z,2023-06-01T01:08:38Z,3
6ZfuNTqbHE8,"I was 10 when this film came out, 5 years later, this movie still gives me the chills",UgzrJ80bA8g53R5yA3V4AaABAg,2023-05-31T17:41:06Z,2023-05-31T17:41:06Z,2
6ZfuNTqbHE8,I wish we knew at that point what we were getting and unfortunately what we got afterwards,UgyGbGuLIQYPjSjwZwR4AaABAg,2023-05-31T15:53:55Z,2023-05-31T15:53:55Z,1
6ZfuNTqbHE8,Best trailer of all time....period.,UgwabnLUgPsfIWp01Ux4AaABAg,2023-05-31T14:19:30Z,2023-05-31T14:19:30Z,3
6ZfuNTqbHE8,The biggest scam that Marvel Studio has shown in this trailer was hulks fighting scene at wakanda battle which doesn't happened at all in the movie 😂😂😂,Ugwx60aPeMls44C93ZF4AaABAg,2023-05-31T10:41:42Z,2023-05-31T10:41:42Z,6
6ZfuNTqbHE8,The best trailer I've ever scene,UgxPpzxjiKAwOlV-H9B4AaABAg,2023-05-31T09:31:13Z,2023-05-31T09:31:13Z,0
6ZfuNTqbHE8,"This is the best marvel movie, and probably the best superheroe movie.",Ugwr-SMiZuhO08vZ8aJ4AaABAg,2023-05-31T07:40:22Z,2023-05-31T07:40:22Z,2
6ZfuNTqbHE8,"The hype and anticipation for this movie won’t ever be matched in any form of entertainment. TV show, Video game, movie, etc.",UgyHn0z_-2zUUm0dCZ94AaABAg,2023-05-31T07:03:09Z,2023-05-31T07:03:09Z,0
6ZfuNTqbHE8,"Just rewatched this movie last night, so peak. And this trailer was even better I remember seeing it for the first time. Best movie era ever",UgzhvT09VfIIOxy2QfZ4AaABAg,2023-05-31T05:23:12Z,2023-05-31T05:23:12Z,0
6ZfuNTqbHE8,2023?,UgzPgnBuRPpTPErOd6V4AaABAg,2023-05-31T02:38:49Z,2023-05-31T02:38:49Z,4
6ZfuNTqbHE8,5 years later and i still get chills,UgxyRVxVcqyKCANJOal4AaABAg,2023-05-30T23:46:28Z,2023-05-30T23:46:28Z,29
6ZfuNTqbHE8,This will forever be my favorite marvel movie.,UgxipuX4InlcTvGS7Bx4AaABAg,2023-05-30T22:14:00Z,2023-05-30T22:14:00Z,3
6ZfuNTqbHE8,still waiting for this iconic scene 2:00,UgwQ5nVeX-z8gUIqxMF4AaABAg,2023-05-30T20:45:25Z,2023-05-30T20:45:25Z,4
6ZfuNTqbHE8,THE HYPE FOR THIS FILM WAS SOMETHING ELSE♥️,UgwZzAMDQMa8eCkZ0ml4AaABAg,2023-05-30T16:37:10Z,2023-05-30T16:37:10Z,2
6ZfuNTqbHE8,0:53 me everytime i re-watch this trailer,UgwJEBlPTIxXwTRb9OV4AaABAg,2023-05-30T14:01:02Z,2023-05-30T14:02:41Z,2
6ZfuNTqbHE8,algum Brasileiro revendo isso,UgxEF330uYu9VNgEyLR4AaABAg,2023-05-30T03:19:46Z,2023-05-30T03:19:46Z,1
6ZfuNTqbHE8,It's been 5 years and this and endgame still hits hard. That's legendary.,UgzoIzYdutdFqccZL8N4AaABAg,2023-05-30T02:20:49Z,2023-05-30T02:20:49Z,10
6ZfuNTqbHE8,Im gonna read thanos speech at my sisters wedding😂😂😂😂fun is t something one contemplâtes when balancing the universe…but this….does put a smile on my face 😂,UgxU1SNCOVbnWzZetk94AaABAg,2023-05-30T01:09:54Z,2023-05-30T01:11:03Z,0
6ZfuNTqbHE8,Where Marvel peaked,UgyZEdCiwwke-7SguRp4AaABAg,2023-05-29T17:51:23Z,2023-05-29T17:51:23Z,0
6ZfuNTqbHE8,We all go back to this trailer knowing we're never gonna get a movie like this ever again,UgwQ5bCndniAVxOZVhp4AaABAg,2023-05-29T17:47:32Z,2023-05-29T17:47:32Z,2
6ZfuNTqbHE8,2023 watch ❤‍🔥,UgwelWi2jgotMuQNkWF4AaABAg,2023-05-29T16:45:11Z,2023-05-29T16:45:11Z,3
6ZfuNTqbHE8,"The absolute hype for this movie was incredible. It feels so weird how far back this was. Obviously Endgame was the culmination of everything and was amazing, but this movie was more iconic to me.",Ugz0HSyQ_873C1TNKtZ4AaABAg,2023-05-29T11:10:41Z,2023-05-29T11:10:41Z,4
6ZfuNTqbHE8,The hype leading up to this movie will never be topped. 22 films all lead up to the best Marvel movie ever. I will never forget watching it for the first time.,Ugw-F8nEphEcnzTEluV4AaABAg,2023-05-29T04:55:58Z,2023-05-29T04:55:58Z,3
6ZfuNTqbHE8,"Endgame is one of the best mcu movies but the only reason why that movie gain so much money is because of how good Infinity War is.
Infinity war >>>> endgame",UgzEOaOtnh2pP0pZA314AaABAg,2023-05-29T03:18:26Z,2023-05-29T03:18:26Z,5
6ZfuNTqbHE8,My almost perfect movie 😢😂🎉,Ugxj5FF09VvKb6bzzeJ4AaABAg,2023-05-29T01:05:04Z,2023-05-29T01:05:04Z,1
6ZfuNTqbHE8,Pre m She U Qasim great,Ugw9vWJJLmy8mkWxd1J4AaABAg,2023-05-29T01:04:26Z,2023-05-29T01:04:26Z,1
6ZfuNTqbHE8,This trailer’s music >>>>>>,Ugw715fYw6pp70YMMHd4AaABAg,2023-05-28T21:30:48Z,2023-05-28T21:30:48Z,1
6ZfuNTqbHE8,"I miss this Marvel, right now it's just constant and blatant cash grabs with mediocre at best writing.",Ugx_Dqpeh8gYsn9JgSZ4AaABAg,2023-05-28T19:45:25Z,2023-05-28T19:45:25Z,5
6ZfuNTqbHE8,"2:00 hulk was hit by thanos at the beginning of the movie, this is click bait HAHAHAAH",UgzcIdjLDdjA9oVqNat4AaABAg,2023-05-28T19:21:46Z,2023-05-28T19:21:46Z,0
6ZfuNTqbHE8,best movie ever,UgyoQkTkA1cpCQ6Xzih4AaABAg,2023-05-28T19:18:49Z,2023-05-28T19:18:49Z,0
6ZfuNTqbHE8,One of the greatest movies ever made,Ugw-0Z5guICGzdMhopx4AaABAg,2023-05-28T18:26:59Z,2023-05-28T18:26:59Z,1
6ZfuNTqbHE8,When Black Panther says- get this man a shield 🔥🔥🔥🔥🔥🔥🔥🔥🔥🔥🔥🔥🔥,Ugx9_b79Pu3gG1J20Qd4AaABAg,2023-05-28T17:25:01Z,2023-05-28T17:25:01Z,0
6ZfuNTqbHE8,Kahit 5 years na.. Di parun Kukupas ang trailer na to.🔥🔥,Ugz1QGacMzZCigzEKRh4AaABAg,2023-05-28T12:52:57Z,2023-05-28T12:52:57Z,1
6ZfuNTqbHE8,"If tobey maguire would be alive , then he would simply put some dirt on Thanos eyes 😅😅😅😅😅😅",UgzKMGjbYDHxMoY46dh4AaABAg,2023-05-28T07:39:29Z,2023-05-28T07:39:29Z,1
6ZfuNTqbHE8,Anybody noticed hulk in last scene whereas this was not shown in movie,Ugwvbfw96uhyg3tJp0l4AaABAg,2023-05-28T06:37:37Z,2023-05-28T06:37:37Z,2
6ZfuNTqbHE8,Man some of the best super hero movies EVER.,Ugyj4_gVtzki-Zf_sGR4AaABAg,2023-05-28T04:50:19Z,2023-05-28T04:50:19Z,2
6ZfuNTqbHE8,the sound track is Imminence by Really Slow Motion but its been edited with the avengers theme,UgzulRO36kf-LfzkqLJ4AaABAg,2023-05-28T02:30:40Z,2023-05-28T02:30:40Z,1
6ZfuNTqbHE8,goosebumps,UgzsEgv6tITc2OcqpSx4AaABAg,2023-05-27T22:10:17Z,2023-05-27T22:10:17Z,1
6ZfuNTqbHE8,"I can't believe its been 5 years, nothing can describe the hype I felt for this film, it was the pinnacle of the MCU",Ugx6r0vAWFCMLzs-3z94AaABAg,2023-05-27T21:58:44Z,2023-05-27T21:58:44Z,2
6ZfuNTqbHE8,GOAT 🐐,UgyEOEfhH61DpevqRqB4AaABAg,2023-05-27T20:48:54Z,2023-05-27T20:48:54Z,0
6ZfuNTqbHE8,Am here bcoz I have found the Fun fact @2:00 this scene not there in movie 😂,UgwVSoPaVCCMblq-i6J4AaABAg,2023-05-27T18:20:08Z,2023-05-27T18:20:48Z,0
6ZfuNTqbHE8,People will move on but not us. To watch trailer,UgwD58D8YRLy5sTlQ5J4AaABAg,2023-05-27T16:55:27Z,2023-05-27T16:55:27Z,0
6ZfuNTqbHE8,Anyone here on 2023.. still gets goosebumps while watching this trailer,UgzvhzaW-hZ5oO6NnRB4AaABAg,2023-05-27T15:27:39Z,2023-05-27T15:27:39Z,0
6ZfuNTqbHE8,5 years after and still AWESOME.,UgzyUr2lsaer7Y9f3pV4AaABAg,2023-05-27T12:57:56Z,2023-05-27T12:57:56Z,0
6ZfuNTqbHE8,i wish i wasnt 11 fricking years old when i saw this and didnt remember it only entering and leaving (probably slept) and then watching it once it got onto disney plsu to then realize tf nothing makes sense and ruining the whole storyline for myself,UgxyioxuM0oY5beXL6B4AaABAg,2023-05-27T11:34:33Z,2023-05-27T11:34:33Z,0
6ZfuNTqbHE8,Watching it after 5 years.... Still give me chills🤌🏻... Such a masterpiece created by MCU....  Thanks a lot marvel,Ugy_qBAXbtrRGBA-UKd4AaABAg,2023-05-27T11:05:25Z,2023-05-27T11:05:25Z,0
6ZfuNTqbHE8,It have been 3 years and it is still this epic.,UgzSp_wLHe7ebkFPx3N4AaABAg,2023-05-27T11:05:05Z,2023-05-27T11:05:05Z,0
6ZfuNTqbHE8,2:01 what is hulk doing there?,UgwmAd3SNZkbZ_-lZ4t4AaABAg,2023-05-27T03:29:24Z,2023-05-27T03:29:24Z,2
6ZfuNTqbHE8,The last spectacular marvel movie,UgxHr6HnQQPfskXmWrZ4AaABAg,2023-05-27T01:57:16Z,2023-05-27T01:57:16Z,0
6ZfuNTqbHE8,i remember watching this trailer for the first time in my gym while running on treadmil,UgxkFEL-ChcfY3X8OBl4AaABAg,2023-05-26T19:57:15Z,2023-05-26T19:57:15Z,1
6ZfuNTqbHE8,This trailer will never die lol,Ugx70Rnfu4Fj2P2ujCR4AaABAg,2023-05-26T19:21:43Z,2023-05-26T19:21:43Z,0
6ZfuNTqbHE8,I come here to remind myself life can be awesome too...what a time to be alive,UgwxZyUWjGTjkK_tEzV4AaABAg,2023-05-26T19:16:35Z,2023-05-26T19:16:35Z,2
6ZfuNTqbHE8,"2018: This is such a good Trailer
2099: This is such a good Trailer",UgzKMAhkcIUU6r5KFnZ4AaABAg,2023-05-26T19:13:19Z,2023-05-26T19:13:19Z,2
6ZfuNTqbHE8,This trailer still does put a smile on my face even after 5 years,UgxDwh6tp7Vm4945tE94AaABAg,2023-05-26T17:26:59Z,2023-05-26T17:26:59Z,30
6ZfuNTqbHE8,MEMORIES. 😢😢😢😢😢😢😢😢,UgxtbW33l9Petp2OM4t4AaABAg,2023-05-26T16:26:50Z,2023-05-26T16:26:50Z,1
6ZfuNTqbHE8,Crooked Hillary 🤥,UgwSsCis_bE0k968mPl4AaABAg,2023-05-26T16:04:08Z,2023-05-26T16:04:08Z,0
6ZfuNTqbHE8,"god they did hulk so dirty in this movie tho, such a shame.",UgwIXkX4NuUVUeXlXwN4AaABAg,2023-05-26T15:27:17Z,2023-05-26T15:27:17Z,0
6ZfuNTqbHE8,I come back here to to see Hulk at Wakanda ❤❤❤,UgxxYBIcRyhx4X6yCUJ4AaABAg,2023-05-26T10:07:12Z,2023-05-26T10:07:12Z,1
6ZfuNTqbHE8,"1:15 evacuate the city, angage all defences and GET THIS MAN A SHIELD. This line still gives chills in 2023 🥶🥶🥶🥶",UgwObWtofh5a6d3R1v54AaABAg,2023-05-26T06:20:10Z,2023-05-26T06:22:57Z,2
6ZfuNTqbHE8,I was 33 when I first saw this trailer.. now im 38...  will be back here when im 43...,UgykON-32n7WXMLPtwZ4AaABAg,2023-05-26T06:09:00Z,2023-05-26T06:09:00Z,0
6ZfuNTqbHE8,0:32 that music intro 🔥,Ugx9xRrEPVBlcdcIph94AaABAg,2023-05-26T06:03:23Z,2023-05-26T06:03:23Z,1
6ZfuNTqbHE8,my one of the no 1 biggest movie,Ugxkwf2XD9P_zX310ot4AaABAg,2023-05-26T03:26:06Z,2023-05-26T03:26:06Z,1
6ZfuNTqbHE8,Hulk running in the background is the biggest scam,UgxH2Cl37hrFQomCZkB4AaABAg,2023-05-26T02:57:11Z,2023-05-26T02:57:11Z,0
6ZfuNTqbHE8,2:00 this was from probably the deleted scene where Bruce banner becomes hulk in the climax wakanda battle as we can see hulk here running...,Ugw8x5irF4oV17TgObl4AaABAg,2023-05-26T01:40:52Z,2023-05-26T01:40:52Z,0
6ZfuNTqbHE8,Yeah but the ending scene.. he wasn't hulk in that fight,UgxET0Z-_dWN7XmWMOh4AaABAg,2023-05-25T22:09:55Z,2023-05-25T22:09:55Z,0
6ZfuNTqbHE8,Any other movie or even MCU itself can not recreate that hype now.,Ugxwx2myuss6sWGnqQV4AaABAg,2023-05-25T19:52:23Z,2023-05-25T19:52:23Z,2
6ZfuNTqbHE8,Infinity war >>>>>> endgame,UgxsIsNJHOfWXuST0ld4AaABAg,2023-05-25T19:18:59Z,2023-05-25T19:18:59Z,4
6ZfuNTqbHE8,"Everything changed after this movie, not just the movie, but life.",UgwJH9uxbI2f2rhhTAd4AaABAg,2023-05-25T18:37:00Z,2023-05-25T18:37:00Z,2
6ZfuNTqbHE8,I can watch this movie 100 times and still not get bored,UgwySM7AvSdY-cAjkjt4AaABAg,2023-05-25T14:24:12Z,2023-05-25T14:24:12Z,2
6ZfuNTqbHE8,Keep coming back to this feeling !,UgwHvR4Qv-THTg3_8L94AaABAg,2023-05-25T06:04:25Z,2023-05-25T06:04:25Z,0
6ZfuNTqbHE8,marvel had the world in their hands and they sold,Ugxq8My76W3Sz8IqGX54AaABAg,2023-05-25T05:53:01Z,2023-05-25T05:53:01Z,3
6ZfuNTqbHE8,What the Hulk is going on 😅,UgxfQhGJBlqdELfRi_x4AaABAg,2023-05-25T04:41:50Z,2023-05-25T04:41:50Z,0
6ZfuNTqbHE8,Dam I wish we could go back in time 😭,Ugw2CxukBS_hs6Ov85l4AaABAg,2023-05-24T22:43:02Z,2023-05-24T22:43:02Z,0
6ZfuNTqbHE8,It's been 5 years and I'm still excited and screaming like a little boy. Plus how wild is it that we were rushing to watch this in theatres and now we can watch on our phones like its nothing?,UgwIgm3Jcu6Uo9Mltdp4AaABAg,2023-05-24T16:52:14Z,2023-05-24T16:54:47Z,1
6ZfuNTqbHE8,Rip Chadwick boseman gem of marvel ❤🎉,Ugz1eeEURD5fWB9r_094AaABAg,2023-05-24T12:13:39Z,2023-05-24T12:13:39Z,1
6ZfuNTqbHE8,I am witnessed this masterpiece in theater 🎥 😍 💜 ❤️ ✨️ 🙌 🎥 😍 💜 ❤️ ✨️ 🙌 🎥 😍 💜 ❤️ ✨️ 🙌,UgxiDyZB-1Le_PKnUR14AaABAg,2023-05-24T06:36:51Z,2023-05-24T06:36:51Z,0
6ZfuNTqbHE8,This was PEAK cinema nothing like being in the theater watching this for the first time,UgxywVsWwu3_v1HZxKJ4AaABAg,2023-05-24T02:42:45Z,2023-05-24T02:42:45Z,4
6ZfuNTqbHE8,Who else is still watching this trailer 😅😊,UgwOh7NWcXj0mMf_a5l4AaABAg,2023-05-23T23:16:34Z,2023-05-23T23:16:34Z,1
6ZfuNTqbHE8,Who's here after the Kang dynasty and secret wars?,UgwXBVnxvxTXTgAPZOV4AaABAg,2023-05-23T22:56:21Z,2023-05-23T22:56:21Z,0
6ZfuNTqbHE8,❤❤❤❤❤❤❤❤❤❤❤❤❤❤❤❤❤❤❤❤❤❤❤❤❤❤❤❤❤❤❤❤❤❤❤❤❤❤❤❤❤❤❤❤❤❤❤❤❤❤❤❤❤❤❤❤❤❤❤❤❤❤❤❤❤❤❤❤❤❤❤❤❤❤❤❤❤❤❤❤❤❤❤❤❤❤❤❤❤❤❤❤❤❤❤❤❤❤❤❤❤❤❤❤❤❤❤❤❤❤❤❤❤❤❤❤❤❤❤❤❤❤❤❤❤❤❤❤❤❤❤❤❤❤❤❤❤❤❤❤❤❤❤❤❤❤❤❤❤❤❤❤❤❤❤❤❤❤❤❤❤❤❤❤❤❤❤❤❤❤❤❤❤❤❤❤❤❤❤❤❤❤❤❤❤❤❤❤❤❤❤❤❤❤❤❤❤❤❤❤❤❤❤❤❤❤❤❤❤❤❤❤❤❤❤❤❤❤❤❤❤❤❤❤❤❤❤❤❤❤❤❤❤❤❤❤❤❤❤❤❤❤❤❤❤❤❤❤❤❤❤❤❤❤❤❤❤❤❤❤❤❤❤❤❤❤❤❤❤❤❤❤❤❤❤❤❤❤❤❤❤❤❤❤❤❤❤❤❤❤❤❤❤❤❤❤❤❤❤❤❤❤❤❤❤❤❤❤❤❤❤❤❤❤❤❤❤❤❤❤❤❤❤❤❤❤❤❤❤❤❤❤❤❤❤❤❤❤❤❤❤❤❤❤❤❤❤❤❤❤❤❤❤❤❤❤❤❤❤❤❤❤❤❤❤❤❤❤❤❤❤❤❤❤❤❤❤❤❤❤❤❤❤❤❤❤❤❤❤❤❤❤❤❤❤❤❤❤❤❤❤❤❤❤❤❤❤❤❤❤❤❤❤❤❤❤❤❤❤❤❤❤❤,Ugzm168q-oESigUdVYl4AaABAg,2023-05-23T22:17:35Z,2023-05-23T22:17:35Z,0
6ZfuNTqbHE8,IMO this movie is the best MCU project simply because it's not about the heroes. This is a Thanos movie. It's so different to everything that came before or after it. A true classic,UgzoWkf64YCBhsjocLx4AaABAg,2023-05-23T18:38:36Z,2023-05-23T18:38:55Z,2
6ZfuNTqbHE8,I’ll give anything to experience something like this again,UgzDX9_ZwEzTAq5YfkZ4AaABAg,2023-05-23T17:18:20Z,2023-05-23T17:18:20Z,0
6ZfuNTqbHE8,The amount of hype that surrounded this movie will never be matched imo for a long time.,UgxFG19NB5cRjn51djR4AaABAg,2023-05-23T15:30:19Z,2023-05-23T15:30:19Z,0
6ZfuNTqbHE8,i feel so honored to have worked on this movie. top 3 i've ever worked on in my career.,UgxR6jbAkY9ThFW_sit4AaABAg,2023-05-23T14:33:48Z,2023-05-23T14:33:48Z,0
6ZfuNTqbHE8,"5 years later, I still remember the time I watched this with my family:( Good old days of MCU",UgyGPqEcLueNvyiBQaZ4AaABAg,2023-05-23T12:52:57Z,2023-05-23T12:52:57Z,0
6ZfuNTqbHE8,Lol just noticed they showed hulk in the trailer 2:00,UgxwLsPNOhEYAITg5rt4AaABAg,2023-05-23T12:21:51Z,2023-05-23T12:22:05Z,0
6ZfuNTqbHE8,Iwant re release this movie,Ugwsv4w2UuSCz3Qcl8J4AaABAg,2023-05-23T07:49:17Z,2023-05-23T07:49:17Z,1
6ZfuNTqbHE8,"*""Perfectly Balanced, As All Things Should Be."" - Thanos*",UgzRLl0wNGCNUa1PYA54AaABAg,2023-05-23T06:26:21Z,2023-05-23T06:27:09Z,0
6ZfuNTqbHE8,Infinity War is better than Endgame!,UgwyEwxPjnBhmgGseyp4AaABAg,2023-05-23T03:13:16Z,2023-05-23T03:13:16Z,2
6ZfuNTqbHE8,"Lol hulk never showed up in the end though, cmon Disney and Marvel",UgzHBWxCXatqICZTB5F4AaABAg,2023-05-22T22:01:49Z,2023-05-22T22:01:49Z,0
6ZfuNTqbHE8,Still feels exciting 😍 this is something called world class❤,UgyZBFZyGcej4En1A_F4AaABAg,2023-05-22T19:47:07Z,2023-05-22T19:47:07Z,0
6ZfuNTqbHE8,5 years later and still coming back to this trailer,UgwKRNOKtkGNlqvNtC14AaABAg,2023-05-22T19:38:16Z,2023-05-22T19:38:16Z,0
6ZfuNTqbHE8,It's actually time for the Endgame now(five years from the Thanos' snap). 😮,UgxpZyZLiH_FPnhxsit4AaABAg,2023-05-22T19:32:33Z,2023-05-22T19:32:54Z,0
6ZfuNTqbHE8,"""Dread it , Run from it""...movie aside who loves the trailer equally?(like me)",UgwAPmCEZTJbCgJEFLB4AaABAg,2023-05-22T19:30:38Z,2023-05-22T19:30:57Z,0
6ZfuNTqbHE8,good job,UgzSDBafHOMwic8LGB14AaABAg,2023-05-22T19:10:11Z,2023-05-22T19:10:11Z,0
6ZfuNTqbHE8,But there is no Hulk in movie,Ugxku2fgk_17UE79EiV4AaABAg,2023-05-22T18:34:13Z,2023-05-22T18:34:13Z,0
6ZfuNTqbHE8,This trailer is the best one I have ever seen and the movie surpassed the expectations I had 🔥,Ugx2lX3YtK2xNofEeuV4AaABAg,2023-05-22T18:22:12Z,2023-05-22T18:22:12Z,1
6ZfuNTqbHE8,🧜🏻‍♂️😍🤩  im here folks 🔱,UgzSQrd7WmDpcbeCgVR4AaABAg,2023-05-22T15:13:19Z,2023-05-22T15:13:19Z,0
6ZfuNTqbHE8,Idc how corrupt or evil Disney gets I get marvel movies like this ever 10 years I’m a happy guy,UgzN23wPb89omV409XZ4AaABAg,2023-05-22T12:07:44Z,2023-05-22T12:07:44Z,0
6ZfuNTqbHE8,Grandiose même des années plus tard,UgxMsDGb-4kz-1iBxC14AaABAg,2023-05-22T11:48:28Z,2023-05-22T11:48:28Z,0
6ZfuNTqbHE8,AND PEOPLE SAY DC IS BETTER THAN MARVEL 💔,UgyceAxdEnKrZqyKrt54AaABAg,2023-05-22T03:17:39Z,2023-05-22T03:17:39Z,0
6ZfuNTqbHE8,I love how we all come back here after some year later♥️,UgzNIjTiDzgXYsI4dA94AaABAg,2023-05-21T21:56:32Z,2023-05-21T21:56:32Z,2
6ZfuNTqbHE8,Guardianes de la Galaxia Vol. 3 >>>> End Game,UgwQ3kdBdXO4myLkUol4AaABAg,2023-05-21T21:42:14Z,2023-05-21T21:42:14Z,1
6ZfuNTqbHE8,"It's 5 years, and still you can feel those vibrations🖤🖤🖤",UgyszbXZMz7WT1cuEtR4AaABAg,2023-05-21T18:42:23Z,2023-05-21T18:42:23Z,6
6ZfuNTqbHE8,As great as this movie was. Half of this trailer didn't even happen.,Ugx0LSaFCJx-uc9Rxi54AaABAg,2023-05-21T17:26:51Z,2023-05-21T17:26:51Z,0
6ZfuNTqbHE8,Hulk not in fight 🙂,UgznG93OSPyfDGialth4AaABAg,2023-05-21T17:22:00Z,2023-05-21T17:22:00Z,0
6ZfuNTqbHE8,Still my goosebumps are activated,UgxvkL1ixZTJQlvHgS54AaABAg,2023-05-21T15:16:15Z,2023-05-21T15:16:15Z,2
6ZfuNTqbHE8,"this might just be the best movie trailer ever, 5 YEARS later and its still so hype",Ugz9LCchylxaGofqC7N4AaABAg,2023-05-21T14:57:55Z,2023-05-21T14:57:55Z,1
6ZfuNTqbHE8,"For me it's still make's me cry, I like Infinity War, more than Endgame",UgzDS-FC3bhDW_paHRV4AaABAg,2023-05-21T14:44:45Z,2023-05-21T14:44:45Z,0
6ZfuNTqbHE8,The coming generations wouldn't know the hype of this.,Ugz_IZ5EMvbJj_CeOul4AaABAg,2023-05-21T12:21:42Z,2023-05-21T12:21:42Z,4
6ZfuNTqbHE8,🥲,UgzdBZ0BAzI37AwCV-94AaABAg,2023-05-21T12:13:06Z,2023-05-21T12:13:06Z,0
6ZfuNTqbHE8,World no. 1 trailer🎉,UgzQF5iQfiWnvx0Umg54AaABAg,2023-05-21T07:30:09Z,2023-05-21T07:30:09Z,1
6ZfuNTqbHE8,There is hulk in the trailer but not in the movie why 🤔🤔🤔,UgytJLP-03CilkEv_LF4AaABAg,2023-05-20T09:22:30Z,2023-05-20T09:22:30Z,3
6ZfuNTqbHE8,Indians,UgyI_ILawBA92OkB9UZ4AaABAg,2023-05-20T08:48:13Z,2023-05-20T08:48:13Z,2
6ZfuNTqbHE8,"Finally seeing thanos go completely unhinged against everyone in this was totally epic. After years and years of teasing him, the avengers finally met their match. Seeing this movie in the theater the first time was such a surreal experience with everyone else in there. If you didnt, you definitely missed out.",UgzkFgejTUWW96xjHLp4AaABAg,2023-05-20T04:17:59Z,2023-05-20T04:17:59Z,1
6ZfuNTqbHE8,Crazy that 5 years have passed man...,UgxFtg0xexVpioBCO714AaABAg,2023-05-20T00:04:28Z,2023-05-20T00:04:28Z,0
6ZfuNTqbHE8,Hulk is in the final battle. but how?,UgxcESn325ewOdkNRlx4AaABAg,2023-05-19T23:19:12Z,2023-05-19T23:19:12Z,1
6ZfuNTqbHE8,"Evacuate the city, engage all defenses and get this man a shield
Dam that was so legendary",UgyztOA0J8-UDhP7hut4AaABAg,2023-05-19T18:38:06Z,2023-05-19T18:38:06Z,0
6ZfuNTqbHE8,I still remember the feeling adter watching this movie and having that question mark thinking whats next? Whats going to happen? I could barely sleep that night,UgxiYaEa5PeQbG60gg54AaABAg,2023-05-19T18:36:19Z,2023-05-19T18:36:19Z,0
6ZfuNTqbHE8,This movie is batter than avatar.,Ugw9jPtxVlwegkBRP2V4AaABAg,2023-05-19T15:38:26Z,2023-05-19T15:38:26Z,2
6ZfuNTqbHE8,"Still Goosebumps for me😍
Awesome trailer 👌in MCU",UgysDJha3Kk5bcOIrOd4AaABAg,2023-05-19T13:39:51Z,2023-05-19T13:39:51Z,1
6ZfuNTqbHE8,Great memories man,Ugz-5IeVd_hPIC6cufV4AaABAg,2023-05-19T10:45:07Z,2023-05-19T10:45:07Z,0
6ZfuNTqbHE8,"it’s been 5 years since this legendary trailer dropped…once in a while still think about think, so impactful",UgzmRot0BJJEpf4tmsx4AaABAg,2023-05-19T05:54:31Z,2023-05-19T05:54:41Z,1
6ZfuNTqbHE8,"ITS Been 5 Years , Many Good Movies have came along the whole period but just waiting for another master piece like this MARVEL WE ARE WAITING for another one like this nowadays the feel is not same sab badal gaya hai HOPE THAT FUTURE IS GOOD LIKE OLD ...................................................................",Ugy8JbX_bWdaPJ2pQCN4AaABAg,2023-05-19T03:12:45Z,2023-05-19T03:12:45Z,3
6ZfuNTqbHE8,i hope they do this with kang dynasty cause for sure that movie will be hella dark and sad😢,UgzwjYZJY3x0OOl0M3l4AaABAg,2023-05-18T19:28:54Z,2023-05-18T19:28:54Z,2
6ZfuNTqbHE8,Who else is revisiting... all of you are awesome.. I wish we all can watch this movie again in theatre❤❤,Ugzw3aDojySb9n74iAp4AaABAg,2023-05-18T18:25:19Z,2023-05-18T18:25:19Z,0
6ZfuNTqbHE8,it's been 5 years but still gives me goosebumps.,Ugyw_OsJjaKPwiEAPot4AaABAg,2023-05-18T12:55:44Z,2023-05-18T12:55:44Z,8
6ZfuNTqbHE8,2018-2019 watching Infinity War and Endgame with my father during opening days.,UgwA39aoDJiaJF1fYEZ4AaABAg,2023-05-18T10:46:58Z,2023-05-18T10:46:58Z,1
6ZfuNTqbHE8,This was THE event of the year,UgwUZfEyI7p4iyUTm314AaABAg,2023-05-18T08:33:51Z,2023-05-18T08:33:51Z,1
6ZfuNTqbHE8,Hulk? Where Was Hulk In The Whole Infinity War? Why is he in thumbnail And Trailer?,Ugxe4Ds5M7_wiRvn82J4AaABAg,2023-05-18T06:44:52Z,2023-05-18T06:46:14Z,2
6ZfuNTqbHE8,Don’t know why but I’m here in 2023,UgyZtW3tXlVPiK-pu014AaABAg,2023-05-18T04:45:03Z,2023-05-18T04:45:03Z,1
6ZfuNTqbHE8,The trailer and movies not same hulk not here on movies,Ugwshn_UdxZ88TtmHW94AaABAg,2023-05-18T04:28:55Z,2023-05-18T04:28:55Z,1
6ZfuNTqbHE8,Oh to be able to see this again for the first time....,Ugx8g0RpJixI9K2BwD94AaABAg,2023-05-18T02:14:15Z,2023-05-18T02:14:15Z,1
6ZfuNTqbHE8,Now it’s all gone down the drain😢 (it actually hurts to know what Disney did to this beautiful universe),Ugy6-rCQg-_FwQqufFt4AaABAg,2023-05-17T21:15:29Z,2023-05-17T21:15:29Z,0
6ZfuNTqbHE8,Memories bring back.....😢,UgyT-Ck7K6dthGN6EeN4AaABAg,2023-05-17T19:24:14Z,2023-05-17T19:24:14Z,1
6ZfuNTqbHE8,I mean Phase 4 or 5 is laughable  compared to this.... this Feminist movement is losing so MUCH money,Ugz7NPvFO9A8XAPDv_F4AaABAg,2023-05-17T19:09:19Z,2023-05-17T19:09:19Z,2
6ZfuNTqbHE8,"5 years now! The hype for Avengers Infinity War was incredible, I remember getting excited each time a new trailer came out, watching the movie opening weekend was an  unforgettable experience , good times 👏👏👏👏",UgyfNIRy2gVfXmRTYAN4AaABAg,2023-05-17T15:07:56Z,2023-05-17T15:07:56Z,0
6ZfuNTqbHE8,Anyone see that Hulk in wakanda 1.59  min but not in movie there's only Hulk buster,UgwcSXdejqjx9_WxHXt4AaABAg,2023-05-17T13:53:41Z,2023-05-17T13:58:55Z,0
6ZfuNTqbHE8,"1:59 wait a sec 
Am I seeing hulk in this scene 🤯🤯
But not in the movie ..........wtf",UgwSmdBPjqL-3bSwjP94AaABAg,2023-05-17T10:59:36Z,2023-05-17T10:59:36Z,2
6ZfuNTqbHE8,Maturity is when u realize Thanos was right...,Ugxb4ghxWdytv6tsog94AaABAg,2023-05-17T08:07:17Z,2023-05-17T08:07:17Z,1
6ZfuNTqbHE8,STILL CRAZY,UgzR8bQUR7Ttzjqf1kx4AaABAg,2023-05-17T08:06:04Z,2023-05-17T08:06:04Z,0
6ZfuNTqbHE8,This movie is more about thor and thanos,Ugz5bbB-rgqSkDeXCKd4AaABAg,2023-05-17T07:52:41Z,2023-05-17T07:52:41Z,0
6ZfuNTqbHE8,Happy 5 Year Anniversary To Avengers: Infinity Warefare!,UgxHPq_y7kGaGiS_iex4AaABAg,2023-05-17T03:19:21Z,2023-05-17T03:19:21Z,1
6ZfuNTqbHE8,My daughter loves this movie.. especially thanos… I miss the old mcu,UgynDTIhKCWygil-e5F4AaABAg,2023-05-17T03:09:08Z,2023-05-17T03:09:08Z,0
6ZfuNTqbHE8,"For us Transformers fans, this was ""Dark of the Moon"" for us!!",Ugyl_8kG3y1LYHo5zft4AaABAg,2023-05-16T17:28:39Z,2023-05-16T17:28:39Z,1
6ZfuNTqbHE8,"It’s been 5 years?? :0
The goosebumps watching this trailer again",UgxZJlod9DyXme5oULV4AaABAg,2023-05-16T14:57:26Z,2023-05-16T14:57:26Z,0
6ZfuNTqbHE8,Sometime I watch this trailer just to reminisce the good times. Miss 2018.,UgzrnpyaF8ozYKgEDqd4AaABAg,2023-05-16T13:39:19Z,2023-05-16T13:39:19Z,0
6ZfuNTqbHE8,This was peak mcu,Ugw3xX0WcEZ_2bJjVCF4AaABAg,2023-05-16T11:15:55Z,2023-05-16T11:15:55Z,0
6ZfuNTqbHE8,"the thumbnail hulk is fake, as we get to see a hulkbuster show.",Ugz5ybSsIJp7SNTv9vJ4AaABAg,2023-05-16T08:37:04Z,2023-05-16T08:37:04Z,0
6ZfuNTqbHE8,Infinity War is the best among the avengers,UgzNFwnLu2kgebSpO3B4AaABAg,2023-05-16T06:32:09Z,2023-05-16T06:32:09Z,0
6ZfuNTqbHE8,In simple ...best trailer ever,UgzsWDZ7Hx0qO6K2QJB4AaABAg,2023-05-15T19:32:31Z,2023-05-15T19:32:31Z,1
6ZfuNTqbHE8,The best trailer,UgyWOJnT9NZw56wzYGN4AaABAg,2023-05-15T19:29:19Z,2023-05-15T19:29:19Z,1
6ZfuNTqbHE8,Without a doubt the best trailer I’ve ever seen in my life.,UgyYECujJVF9dpE0Pvt4AaABAg,2023-05-15T18:28:42Z,2023-05-15T18:28:42Z,1
6ZfuNTqbHE8,Seeing this trailer for the first time was a once in a lifetime feeling,UgxlO2UX4IRGWSK3Eud4AaABAg,2023-05-15T14:09:29Z,2023-05-15T14:09:29Z,1
6ZfuNTqbHE8,I can’t wait for its release,UgxWwWjAbL5hjO1aKvx4AaABAg,2023-05-15T13:52:31Z,2023-05-15T13:52:31Z,0
6ZfuNTqbHE8,Here in big 2023🥶,Ugwc6-Cfx3OdfJi54814AaABAg,2023-05-15T07:10:38Z,2023-05-15T07:10:38Z,0
6ZfuNTqbHE8,Just here to see Guardians after Volume 3!,Ugw9Wlv3rVQDpTil1LZ4AaABAg,2023-05-14T20:29:38Z,2023-05-14T20:29:38Z,2
6ZfuNTqbHE8,Miss when marvel was actually good,Ugw-sM1UY4eHJ77tnmt4AaABAg,2023-05-14T19:37:38Z,2023-05-14T19:37:38Z,1
6ZfuNTqbHE8,The whole movie gives me goosebumps,UgxGIIMaYDhJD_TRvOt4AaABAg,2023-05-14T14:45:06Z,2023-05-14T14:45:06Z,1
6ZfuNTqbHE8,"Guys I have to say this
THIS IS LITERALLY THE BEST MOVIE IN THE WHOLE MCU
It can even top endgame",Ugw9_IQF83woux8g96x4AaABAg,2023-05-14T14:44:31Z,2023-05-14T14:44:31Z,0
6ZfuNTqbHE8,How many of you are watching kgf chapter2 teaser and watching this teaser.,UgxahY_uZBiFCf-xRZF4AaABAg,2023-05-14T13:37:45Z,2023-05-14T13:37:45Z,0
6ZfuNTqbHE8,"gideon  bible  app  
Please   Announcement",Ugxc0zncq2tjykq5Ytx4AaABAg,2023-05-14T10:48:35Z,2023-05-14T10:48:35Z,0
6ZfuNTqbHE8,5 years now still giving goosebumps 😬,UgxLxJVhKamjygpYwJJ4AaABAg,2023-05-14T09:40:48Z,2023-05-14T09:40:48Z,0
6ZfuNTqbHE8,I don’t no if I’m alone but watching this trailer make me so nostalgic of the golden age of marvel that I wanna cry 😢😢❤️,UgxUTQi7886wCjBr_ZB4AaABAg,2023-05-14T08:33:10Z,2023-05-14T08:33:10Z,0
6ZfuNTqbHE8,Five years ago we lost,UgznHHeJ8DHzqtsyv8Z4AaABAg,2023-05-14T04:37:03Z,2023-05-14T04:37:03Z,0
6ZfuNTqbHE8,we need more superhero movies where the villain wins,UgzZ-6e5Es9v2nnFEFp4AaABAg,2023-05-14T04:14:48Z,2023-05-14T04:14:48Z,1
6ZfuNTqbHE8,Time flies.,Ugx7qZkBxj2iAGhcY9V4AaABAg,2023-05-13T21:30:14Z,2023-05-13T21:30:14Z,0
6ZfuNTqbHE8,"Thanos was right, just saying...",UgyuxdOahFfTUP5YHgt4AaABAg,2023-05-13T21:21:44Z,2023-05-13T21:21:44Z,1
6ZfuNTqbHE8,Theres nothing different aftre 5 years...,UgwgFPaxlk2k_Mvnj9B4AaABAg,2023-05-13T18:56:20Z,2023-05-13T18:56:20Z,2
6ZfuNTqbHE8,Mi bello MARVEL ❤❤❤,UgwMdbIW_iZqSPBVnb94AaABAg,2023-05-13T18:18:22Z,2023-05-13T18:18:22Z,0
6ZfuNTqbHE8,Millet İttifakı vs Tayyip,UgynYTHxjpzx2qkBtQJ4AaABAg,2023-05-13T15:44:20Z,2023-05-13T15:44:20Z,0
6ZfuNTqbHE8,I completely forgot seeing GOG at the end was like WHAAAAAAAATTT??AEWSOOOMEEEEEEEE,UgzsC6ZxOrC-jvHqNuN4AaABAg,2023-05-13T09:39:08Z,2023-05-13T09:39:08Z,0
6ZfuNTqbHE8,I feel like avengers endgame was when marvel then peeked but after other than Spiderman far from home and no way home it just fell,UgzW3ivZ0OWco68wXDl4AaABAg,2023-05-12T22:31:07Z,2023-05-12T22:31:07Z,4
6ZfuNTqbHE8,"I can‘t believe it’s already 5 years old…, I remember how crazy everybody was about this…, I‘m already so excited for Avengers The Kang Dynasty and Avengers Secret Wars",UgyM5IPF4XAoQrN1yRd4AaABAg,2023-05-12T22:10:08Z,2023-05-12T22:10:08Z,0
6ZfuNTqbHE8,Take me back,UgyQ5Mg-w6zASg4I30h4AaABAg,2023-05-12T20:27:58Z,2023-05-12T20:27:58Z,1
6ZfuNTqbHE8,Goosebumps whenever you watch it,UgwvRNpH5hY802GpTEV4AaABAg,2023-05-12T17:50:30Z,2023-05-12T17:50:30Z,1
6ZfuNTqbHE8,"Looking at this trailer really makes me want DC to build up a Justice League v Legion of Doom event type movie. So much potential, a superhero movie like that has never been done before having many iconic villains altogether on screen teaming up. It could rival Infinity War/Endgame and make billions if done right.",Ugz3VkRYZ-fVcLKKLY14AaABAg,2023-05-12T16:21:56Z,2023-05-12T16:21:56Z,0
6ZfuNTqbHE8,Legends are watching in 2023,UgyzUa1AIqOmXSM2qXh4AaABAg,2023-05-12T16:03:38Z,2023-05-12T16:03:38Z,0
6ZfuNTqbHE8,After five years 😍😍😍😍,Ugyk5_dBOv9dhBpkbrZ4AaABAg,2023-05-12T15:46:34Z,2023-05-12T15:46:34Z,0
6ZfuNTqbHE8,42:54,UgyrtJU4oT_qJPdTT_F4AaABAg,2023-05-12T15:13:57Z,2023-05-12T15:13:57Z,0
6ZfuNTqbHE8,La mejor pelicula de superheroes que he visto ❤,Ugy8WDWU6hWQ8S2zNCh4AaABAg,2023-05-12T14:51:49Z,2023-05-12T14:51:49Z,0
6ZfuNTqbHE8,you guys still here in 2023?,Ugyu1PZX6nVR3D94MnR4AaABAg,2023-05-12T07:45:42Z,2023-05-12T07:46:06Z,3
6ZfuNTqbHE8,Back to it once again. Revisiting past.,UgyPaGfNw3hCtnz7S854AaABAg,2023-05-12T03:17:03Z,2023-05-12T03:17:03Z,2
6ZfuNTqbHE8,"Watching this trailer in 2023, now that does bring a smile to my face.",Ugyid3NC3PcmBD6vUcF4AaABAg,2023-05-12T01:54:22Z,2023-05-12T01:54:22Z,1
6ZfuNTqbHE8,1:59,UgzrrXLTTSFvexFWf6l4AaABAg,2023-05-12T00:17:35Z,2023-05-21T22:35:36Z,1
6ZfuNTqbHE8,IMAX!,UgyQdtAcbqvdCMCFc8l4AaABAg,2023-05-11T20:17:26Z,2023-05-11T20:17:26Z,1
6ZfuNTqbHE8,Endgame don't even get close to this MASTERPIECE.,Ugyr9OWAnpfIowDOPl94AaABAg,2023-05-11T18:46:57Z,2023-05-11T18:46:57Z,1
6ZfuNTqbHE8,me watching this after endgame and now 2 other movies of Avengers are going to come out... this feeling is dam awesome... even though these last movies have been rought and sad i will still be a big big biggggg fan of marvel ❤️❤️,UgxV-gjrunn-XJA8YoR4AaABAg,2023-05-11T18:23:40Z,2023-05-11T18:23:40Z,0
6ZfuNTqbHE8,"Where is kgf2 trailer???
It is top viewed trailer on YouTube",UgxTlBLV5Bp27N7RyKd4AaABAg,2023-05-11T16:40:25Z,2023-05-11T16:40:25Z,1
6ZfuNTqbHE8,"Its been so long and yet here we are watching this trailer, reliving the old best days of MCU",UgxDbnszVnXbQzEqwxF4AaABAg,2023-05-11T14:07:16Z,2023-05-11T14:07:16Z,0
6ZfuNTqbHE8,I FEEL SAD HOW PEOPLE WILL NEVER GET TO LIVE AND EXPERIENCE THIS WHOLE SAGA IN THEATRES,Ugzv1zqOhW60D5Hlpjx4AaABAg,2023-05-11T10:56:50Z,2023-05-11T10:56:50Z,0
6ZfuNTqbHE8,"5 Years ago, a MASTERPIECE was dropped",UgzIHUITQfa1CH7q7cN4AaABAg,2023-05-11T10:29:28Z,2023-05-11T10:29:28Z,0
6ZfuNTqbHE8,"I still can't believe that Marvel went from this to crap that that they are making today... Of course there are few exceptions but at the end of the day few movies from marvel give goosebumps to me like Infinity war, Iron man, End game used to....",Ugz0ZdgMni_yq5tuf7x4AaABAg,2023-05-11T10:26:52Z,2023-05-11T10:26:52Z,1
6ZfuNTqbHE8,"In trailor....
Goosebumps in thynos entry 😮",UgwYooCrqvqTLlU3HwZ4AaABAg,2023-05-11T07:09:57Z,2023-05-11T07:09:57Z,1
6ZfuNTqbHE8,pure nostalgic,Ugx5q9IOSF7Yz9gPSY14AaABAg,2023-05-11T05:51:58Z,2023-05-11T05:51:58Z,0
6ZfuNTqbHE8,5 years ago this is number 1 marvel best movie,UgzWHZPisPBAlYDojtB4AaABAg,2023-05-11T05:08:27Z,2023-05-11T05:08:27Z,0
6ZfuNTqbHE8,5 years ago WoW,UgwaMydIYLoHrAb_X4Z4AaABAg,2023-05-10T23:09:47Z,2023-05-10T23:09:47Z,1
6ZfuNTqbHE8,Can’t believe this was 5 years ago wow,UgzsuUkho19s2KEWCkh4AaABAg,2023-05-10T19:17:15Z,2023-05-10T19:17:15Z,2
6ZfuNTqbHE8,Old good days,Ugwpf_h2SYcw0l1p3-94AaABAg,2023-05-10T17:27:31Z,2023-05-10T17:27:31Z,1
6ZfuNTqbHE8,... Who is also very interesting,UgyBR7olRwj8aIo5juZ4AaABAg,2023-05-10T16:50:09Z,2023-05-10T16:50:36Z,0
6ZfuNTqbHE8,A sad movie...,UgyQW6I1N_7CS-UN1jR4AaABAg,2023-05-10T16:49:35Z,2023-05-10T16:49:35Z,0
6ZfuNTqbHE8,That Tony Vs Thanos battle still excites me 🔥🔥🔥🔥🔥❤,Ugwke1IbkemMJxhUvit4AaABAg,2023-05-10T15:39:13Z,2023-05-10T15:39:13Z,0
6ZfuNTqbHE8,❤❤❤❤,UgxNBOvhzxjHEyDuxXx4AaABAg,2023-05-10T14:58:05Z,2023-05-10T14:58:05Z,0
6ZfuNTqbHE8,Rewatching this trailer again and I'm still getting goosebumps,UgxYSsuiLUCcde9mBB54AaABAg,2023-05-10T11:30:25Z,2023-05-10T11:30:25Z,4
6ZfuNTqbHE8,Been 5 years but still come back just for the trailer,Ugy25imgf1bUL1KCU0t4AaABAg,2023-05-10T11:05:51Z,2023-05-10T11:05:51Z,0
6ZfuNTqbHE8,And then we waiting for Kang Dynasty,UgyEueQDZLJgGbTR5hF4AaABAg,2023-05-10T08:35:24Z,2023-05-10T08:35:24Z,0
6ZfuNTqbHE8,Love u 3000 ...in year 09/05/2023,Ugx8k21wqoe1bM7Yj1V4AaABAg,2023-05-10T07:46:23Z,2023-05-10T07:46:23Z,0
6ZfuNTqbHE8,the biggest mislead in marvel history,UgxHcCv2oDCzJjDL8o94AaABAg,2023-05-10T00:45:09Z,2023-05-10T00:45:09Z,0
6ZfuNTqbHE8,"I always come here to remember that feeling, that adrenaline I felt when I first saw it. I was on the train, on the way to a test, I was so hyped, all I could thing about was this teaser, I FAILED THE TEST 🤦‍♀
Also, Infinity War is way superior to Endgame... Nothing beats this movie.",UgyXRCEy0fYapUs-Wix4AaABAg,2023-05-09T22:47:04Z,2023-05-09T22:47:04Z,0
6ZfuNTqbHE8,"5 years have passed, and the goosebumps are even more.",UgyDtYs9pvomV6PEA9l4AaABAg,2023-05-09T22:13:48Z,2023-05-09T22:13:48Z,0
6ZfuNTqbHE8,2:00 biggest scam is the trailer shows hulk in wakanda 🗿,UgxuAID_2O1DQ4IUZFh4AaABAg,2023-05-09T16:16:53Z,2023-05-09T16:16:53Z,1
6ZfuNTqbHE8,where did the epicness go man 😞,Ugzepjc4PY6T4fG4KYd4AaABAg,2023-05-09T11:33:16Z,2023-05-09T11:33:16Z,1
6ZfuNTqbHE8,Tbh... If any of Avengers had been in his supreme version..Thanos would have died by then.,UgzKCZfXWLcq0Br-rdp4AaABAg,2023-05-09T09:52:03Z,2023-05-09T09:52:03Z,1
6ZfuNTqbHE8,"This is the best science fiction movie I have ever watched.
The pace of this movie and they way they showed it, was extraordinary.",Ugw3jd8Ayl1m7d7TnBJ4AaABAg,2023-05-09T06:01:35Z,2023-05-09T06:01:35Z,0
6ZfuNTqbHE8,That will forever be the quote for thanos !! :45- - Destiny has Arrived,UgxnCSlQoeJsmkGvWSV4AaABAg,2023-05-09T04:13:34Z,2023-05-09T04:14:20Z,0
6ZfuNTqbHE8,Fun fact the beginning when Thanos starts talking I was thinking about Optimus Prime for a minute,UgzWxp24llcNX-RvsD14AaABAg,2023-05-08T05:34:29Z,2023-05-08T05:34:29Z,1
6ZfuNTqbHE8,Truth be told Thanos or the infinity stones can't touch the Quantum Realm or the Multiverse even though every other universe will Probably have to deal with Thanos,Ugwf4HBYPYxShEXp7_N4AaABAg,2023-05-08T05:33:55Z,2023-05-08T05:33:55Z,0
6ZfuNTqbHE8,"Am I weird? I absolutely loved this film, but hated Endgame.",UgyAUvwRAB8K-kzSpO94AaABAg,2023-05-07T21:04:36Z,2023-05-07T21:04:36Z,3
6ZfuNTqbHE8,"I wish that opening of the characters's narration talking about the Avengers Initiative was still used in the movie. I would like to hear the Avengers actually use that little speech. Perhaps in Kang Dynasty or Secret Wars. Perhaps Spider-Man can hear it. Or all the younger heroes training to be the Young Avengers. But overall, I think it should be used in the actual final MCU/Avengers film. I know we don't know when that could possibly ever happen. But I feel like it would be a nice way to bring things full circle. Picture it. The movie starts and the screen is just pitch black. Then we hear Nick Fury giving the whole speech and then is when the Marvel Studios logo happens. Or the speech can happen over the logo. Another way it can happen is that we see Nick Fury all alone and getting ready for the biggest battle they are ever going to face and while that happens, we hear the narration.",UgwjDLysBMGV20Awomd4AaABAg,2023-05-07T18:30:19Z,2023-05-07T18:30:19Z,0
6ZfuNTqbHE8,Legends watching in 2023,UgxkJ0y_5etuHAIbMDd4AaABAg,2023-05-07T14:32:51Z,2023-05-07T14:32:51Z,1
6ZfuNTqbHE8,good old marvel days,UgxtFuZu5CIdZkmwf-t4AaABAg,2023-05-07T10:23:56Z,2023-05-07T10:23:56Z,0
6ZfuNTqbHE8,The hype was unreal❤,Ugy3qxcWHEIw6js5N-B4AaABAg,2023-05-07T08:42:27Z,2023-05-07T08:42:27Z,2
6ZfuNTqbHE8,Marvel when things were serious,Ugzmu_976zRtTBzIyN54AaABAg,2023-05-07T05:28:19Z,2023-05-07T05:28:19Z,1
6ZfuNTqbHE8,Why they show Hulk,UgzoLIFy82ujJlEAIyd4AaABAg,2023-05-07T04:32:10Z,2023-05-07T04:32:10Z,0
6ZfuNTqbHE8,"One day, we will look back, and wonder how MARVEL got so bad...",UgykDtR27G9ENuI0FTl4AaABAg,2023-05-07T00:26:35Z,2023-05-07T00:26:35Z,2
6ZfuNTqbHE8,Mbeki,UgwgbOAzlO5w59gqg4l4AaABAg,2023-05-06T16:25:43Z,2023-05-06T16:25:43Z,0
6ZfuNTqbHE8,Is funny how they put the big green guy but he was never in the movie,Ugy0ZezSCxWbhedYgNN4AaABAg,2023-05-06T13:35:48Z,2023-05-06T13:35:48Z,1
6ZfuNTqbHE8,Made me smile to revisit this trailer years later and see the old comment from 17 year old me 5 years ago getting excited in anticipation for the upcoming release of the movie.,UgwAA8avZhEJGgIh3pp4AaABAg,2023-05-06T12:47:51Z,2023-05-06T12:47:51Z,0
6ZfuNTqbHE8,1:59 how hulk is here in the trailer if he is not in the original movie in wakanda,UgydaHP0xVG_YzDFrJR4AaABAg,2023-05-06T10:06:07Z,2023-05-06T10:06:07Z,0
6ZfuNTqbHE8,Everyone here compare End Game and Infinity War and here i am see these two as one  5 Hours 30 minutes movie.,UgymQ8oc5-r0tTJLoGV4AaABAg,2023-05-06T06:33:02Z,2023-05-06T06:33:02Z,2
6ZfuNTqbHE8,"i hope this movie ends good. Bad guy loses and good guy wins, thats how movies work 😣",UgzvA4pRM6zCD85TUUl4AaABAg,2023-05-06T02:54:28Z,2023-05-06T02:54:28Z,1
6ZfuNTqbHE8,I’m back here after 5 years…. 5 years and this trailer still gives me chills,UgwAxQnPla2lDljeFYh4AaABAg,2023-05-06T02:02:15Z,2023-05-06T02:02:15Z,83
6ZfuNTqbHE8,Peak mcu right here,UgzR3fRMYBxUqfPaPs54AaABAg,2023-05-05T22:31:14Z,2023-05-05T22:31:14Z,5
6ZfuNTqbHE8,The end of this trailer had to be rewatched in preparation for Guardians of the Galaxy Vol. 3.,Ugy8K4fsCn1qwrDocDp4AaABAg,2023-05-05T21:18:43Z,2023-05-05T21:18:43Z,1
6ZfuNTqbHE8,INFINITY WAR is better than ENDGAME,UgwYavjdUrEoUu1-6DN4AaABAg,2023-05-05T19:55:52Z,2023-05-05T19:55:52Z,4
6ZfuNTqbHE8,Still i can feel that goosebumps ❤,UgyxPyFiy2O3mfQzPQt4AaABAg,2023-05-05T14:32:48Z,2023-05-05T14:32:48Z,3
6ZfuNTqbHE8,The most hyped film and where has Marvel reached at phase 5,Ugz4Ov6ou3YsW-AuXHl4AaABAg,2023-05-05T13:21:17Z,2023-05-05T13:21:17Z,4
6ZfuNTqbHE8,"Hulk in Earth OMG
🤦🤦🤦",Ugytyk9NDm7zqOZCmK14AaABAg,2023-05-05T03:42:16Z,2023-05-05T03:42:16Z,1
6ZfuNTqbHE8,And in 5 yrs Marvel has turn to S***T Thats why love the trailers...I too have the feel,UgwT1-dXfZaWzL4UTmt4AaABAg,2023-05-05T03:25:38Z,2023-05-05T03:25:38Z,2
6ZfuNTqbHE8,Anyone else still pissed about them teasing us with the hulk at the end?,UgzVpzqtK1LjwML1XrB4AaABAg,2023-05-05T01:52:21Z,2023-05-05T01:52:21Z,2
6ZfuNTqbHE8,The nostalgia is ripping my body atom by atom and theres nothing i can do to stop it,UgyUqH7sH1RQ5DPISCd4AaABAg,2023-05-04T21:17:25Z,2023-05-04T21:17:25Z,7
6ZfuNTqbHE8,I wish I could relive seeing this trailer and movie for the first time.,UgzzO1BoJZOwtI_Heh14AaABAg,2023-05-04T19:44:36Z,2023-05-04T19:44:36Z,2
6ZfuNTqbHE8,Who is here from ind 🇮🇳,UgwjAyJ9PsOmONF1sfp4AaABAg,2023-05-04T17:32:54Z,2023-05-04T17:32:54Z,1
6ZfuNTqbHE8,I’ll never forget walking out of the theater at the end and a bunch of kids and even adults were full on sobbing. Good times!,Ugxdbs0Ubgh3wsQcrfB4AaABAg,2023-05-04T16:11:30Z,2023-05-04T16:11:30Z,14
6ZfuNTqbHE8,I am watching it again,UgzUPMisRQhrTDBOC7h4AaABAg,2023-05-04T10:55:27Z,2023-05-04T10:55:27Z,0
6ZfuNTqbHE8,"If you come back to this trailer just to go back to that feeling you had the first time you saw it, you are a legend!",UgwNxtcao9pEUSmq_kB4AaABAg,2023-05-04T06:29:47Z,2023-05-04T06:29:47Z,5
6ZfuNTqbHE8,Can’t believe this is now almost 6 years ago! Awesome movie.,UgwRFoOZXPIr7OA0K6Z4AaABAg,2023-05-04T02:09:35Z,2023-05-04T02:09:35Z,0
6ZfuNTqbHE8,i am wonder how hulk is in real form in the end,UgwiVAAEG7a-YHp6-ex4AaABAg,2023-05-03T15:14:06Z,2023-05-03T15:14:06Z,0
6ZfuNTqbHE8,5 years later I still get hyped everythime I watch this trailer... one of the best movies ever,Ugz2UHMA-6WgTDqiYNl4AaABAg,2023-05-03T14:32:12Z,2023-05-03T14:32:12Z,1
6ZfuNTqbHE8,New generation will never understand how hyped we all have been for this,Ugz30u-3uSKr28RP61N4AaABAg,2023-05-03T11:18:58Z,2023-05-03T11:18:58Z,8
6ZfuNTqbHE8,"As of today may, 2023
This is the most watched Marvel YouTube video with 258 million views
Endgame trailer is 2nd most watched but very far, 150million views",UgxYjAdrtdz_o9LYm094AaABAg,2023-05-03T07:05:07Z,2023-05-03T07:05:07Z,4
6ZfuNTqbHE8,This movie made the history... Honestly I don't think I'll ever be more hyped than I was in 2018 for this movie,Ugw9VRXvn_x8bVm1t9t4AaABAg,2023-05-02T18:14:35Z,2023-05-02T18:14:35Z,1
6ZfuNTqbHE8,The best trailer,Ugw3m_v-EX77MKuKFhR4AaABAg,2023-05-02T12:57:05Z,2023-05-02T12:57:05Z,1
6ZfuNTqbHE8,I miss you guys 😢,UgyVBX2JaDgYXMjmJsB4AaABAg,2023-05-02T03:08:41Z,2023-05-02T03:08:41Z,0
6ZfuNTqbHE8,Maturity is when you realise Thanos was the real hero of this film,UgxUBgQuftOhevbhL1d4AaABAg,2023-05-01T19:29:48Z,2023-05-01T19:29:48Z,2
6ZfuNTqbHE8,the nostalgia...,UgwEnfjOCQhDTN7eH4Z4AaABAg,2023-05-01T17:41:11Z,2023-05-01T17:41:11Z,3
6ZfuNTqbHE8,"0:36 bro that music gives me vibes, and tears too🥺",Ugw3A4wcijVZAlmQR-F4AaABAg,2023-05-01T15:32:19Z,2023-05-01T15:32:19Z,2
6ZfuNTqbHE8,😮😮😮,UgyjUH5nXOiabmpm-gF4AaABAg,2023-05-01T13:18:05Z,2023-05-01T13:18:05Z,0
6ZfuNTqbHE8,flop. barbie (2023) devours this.,Ugwog01fuFyNGyRKWEd4AaABAg,2023-05-01T11:52:13Z,2023-05-01T11:52:13Z,2
6ZfuNTqbHE8,Awesome.,UgzBn1P7qKP9GvH_0Sl4AaABAg,2023-05-01T11:40:11Z,2023-05-01T11:40:11Z,0
6ZfuNTqbHE8,"It's been 5 years since THE BLIP. And it seems MCU should just go back in time to the same spot once again, and learn from their own marvellous movies to make something better this time.",UgwAM2pqFtQKGWYDh3R4AaABAg,2023-04-30T18:11:06Z,2023-04-30T18:11:06Z,0
6ZfuNTqbHE8,"1:37
Lmao",Ugx0XmqQn77NsmIraeJ4AaABAg,2023-04-30T15:20:08Z,2023-04-30T15:20:08Z,0
6ZfuNTqbHE8,Happy 5 years old!,Ugx6u8_r00wmkxRm0wF4AaABAg,2023-04-30T13:02:22Z,2023-04-30T13:02:22Z,2
6ZfuNTqbHE8,I'm iron man,UgyVn86EgHDWr5C7sot4AaABAg,2023-04-30T11:13:59Z,2023-04-30T11:13:59Z,2
6ZfuNTqbHE8,Watching it after 5 years and got my eyes watered. what a legacy has been created by marvel. God i love these characters so much. I still remember watching the trailer at least 20-30 times when it was released.,UgxGnb-mG3KmjzsYNPJ4AaABAg,2023-04-30T06:47:52Z,2023-04-30T06:47:52Z,0
6ZfuNTqbHE8,Nothing beats This trailer,UgyXazzEIThX-DRckQ94AaABAg,2023-04-30T02:27:21Z,2023-04-30T02:27:21Z,1
6ZfuNTqbHE8,What FNAF game is this?,Ugz0YJyzTHZyzM35yW94AaABAg,2023-04-30T00:45:50Z,2023-04-30T00:45:50Z,0
6ZfuNTqbHE8,NO MOVIE IN THE MCU WILL EVER EVER EVER BEAT WATCHING INFINITY WAR FOR THE FIRST TIME.,UgwfEJlctTg_1fvP-XV4AaABAg,2023-04-29T22:57:40Z,2023-04-29T22:57:40Z,1
6ZfuNTqbHE8,"Realising the best trailer ever made by marvel ,👀
Never get borred ✨️",Ugx0WJjmtgBRDxM_-kZ4AaABAg,2023-04-29T20:14:02Z,2023-04-29T20:14:02Z,1
6ZfuNTqbHE8,This was MCU at it's prime. They're making straight up trash now compared to this,UgwtMCYK3lGKZ7VV_yp4AaABAg,2023-04-29T17:59:39Z,2023-04-29T17:59:39Z,4
6ZfuNTqbHE8,"I’ve been rewatching all of the MCU recently, and I have yet to revisit Infinity War by the time of me writing this. Seeing this trailer again is truly a special moment, this is telling you that everything these heroes have been throughout an entire decade is nothing compared to the true final boss of this entire saga. The stakes are even higher than they have ever been, everybody is going to play their part in this massive event, the action is going to go all out even harder than it ever had, and the villain will be NOTHING like anyone else before him. This was THE movie that all of its predecessors have been building up to all these years. Truly one of the most epic moments in all of cinema, preserved in this time capsule of a trailer.

EDIT: Just got back from rewatching Infinity War, and man, it is so much better than I remembered. Both it, and Endgame, felt like deserving payoffs to the entire MCU, and I never felt more satisfied by these movies.",Ugzn8RRSgKH6Cmt1V7t4AaABAg,2023-04-29T11:48:39Z,2023-05-07T03:12:04Z,0
6ZfuNTqbHE8,"Happy 5th birthday, Infinity War!",UgwDE0FTATCOvWgjTKN4AaABAg,2023-04-29T11:25:43Z,2023-04-29T11:25:43Z,0
6ZfuNTqbHE8,It's been 5 year?? Whew what a moment this was when it came out. Who else is watching this because of nostalgia???,Ugx9fnv3mYyBM9G3YTd4AaABAg,2023-04-29T10:42:24Z,2023-04-29T10:42:24Z,1
6ZfuNTqbHE8,Trash and overrated movie of all time,UgzYY7zxiZH4vqTzA7V4AaABAg,2023-04-29T07:30:16Z,2023-04-29T07:30:16Z,0
6ZfuNTqbHE8,"Marvel's masterpiece.

They're never gonna top this even if they try 20 times.",UgzktAzgw6YRW7BIY2J4AaABAg,2023-04-29T06:21:52Z,2023-04-29T06:21:52Z,1
6ZfuNTqbHE8,Please return Ironman 😢,UgydElEQKRP0FMXlXsJ4AaABAg,2023-04-29T05:02:48Z,2023-04-29T05:02:48Z,0
6ZfuNTqbHE8,Proud to be the person of this infinity era❤,UgwMgRQrOGMo75J7W8V4AaABAg,2023-04-28T17:37:16Z,2023-04-28T17:37:16Z,2
6ZfuNTqbHE8,"Honestly, endgame should've never happened maybe. Had I wished a more darker world after Decimation.",UgwcXV9d8S-0TxTrNyN4AaABAg,2023-04-28T16:53:51Z,2023-04-28T16:54:07Z,1
6ZfuNTqbHE8,Esto si me emocionó cuando salió xdddd,UgxORrxDtlo6OIIzCLt4AaABAg,2023-04-28T16:16:37Z,2023-04-28T16:16:37Z,0
6ZfuNTqbHE8,Will Thanos appear in the movie??? 😮,Ugx-yRh2XcadKq-MtAR4AaABAg,2023-04-28T15:57:38Z,2023-04-28T15:57:38Z,2
6ZfuNTqbHE8,5 years since the snap today,UgxVuwWQ__MBoAARRWZ4AaABAg,2023-04-28T05:20:12Z,2023-04-28T05:20:12Z,2
6ZfuNTqbHE8,I remember this day.,UgxyRucApiy_W-z2L-h4AaABAg,2023-04-28T05:07:33Z,2023-04-28T05:07:33Z,0
6ZfuNTqbHE8,"Happy 5th Anniversary Marvel Studios ""AVENGERS 3: INFINITY WAR"" (APRIL 27, 2018)!!!!!!!!!!!!!!!!!!!!!!!!!!!!!!!!!!!!!!!!!!!!!!!!!!!!!!!!!!!!!!!!!!!!!!!!!!!!!!!!!!!!!!!!!!!!!!!!!!!!!!!!!!!! (R.I.P. STAN LEE, CHADWICK BOSEMMAN, AND WILLIAM HURT)",UgxADY5jGdGmWUhHsq54AaABAg,2023-04-28T03:55:28Z,2023-04-28T04:57:35Z,5
6ZfuNTqbHE8,Good,Ugz1Np-JYnLwkkcIF6d4AaABAg,2023-04-28T03:31:40Z,2023-04-28T03:31:40Z,0
6ZfuNTqbHE8,5 YEARS AGO???,UgwRIxNYYHioKMoe2BR4AaABAg,2023-04-28T03:12:34Z,2023-04-28T03:12:34Z,1
6ZfuNTqbHE8,5 years later just like endgame,UgxMfUq4u_rmI_GONVR4AaABAg,2023-04-28T01:32:46Z,2023-04-28T01:32:46Z,5
6ZfuNTqbHE8,"To think this movie came out 5 YEARS AGO, still the best MCU ever!!!!",UgzR5eIk8tIdu6yA9tl4AaABAg,2023-04-28T01:32:32Z,2023-04-28T01:32:32Z,2
6ZfuNTqbHE8,Hoy 5 años desde que salió esta maravillosa película. Éramos muy felices en esa época,UgyPuiFw0lTxoONtRxh4AaABAg,2023-04-27T23:56:54Z,2023-04-27T23:56:54Z,13
6ZfuNTqbHE8,April 27 2023… 5 years later🥲❤️,Ugze57UfW6QoqKSXmat4AaABAg,2023-04-27T21:57:57Z,2023-04-27T21:57:57Z,4
6ZfuNTqbHE8,Infinity War > Endgame,UgwC7dvuei9Q0iAWyL94AaABAg,2023-04-27T20:51:06Z,2023-04-27T20:51:06Z,7
6ZfuNTqbHE8,Can’t believe today marks five years of this master piece!  I have so many amazing memories from watching this in theatres,UgxeF7i0uP1pjvlHfhd4AaABAg,2023-04-27T20:19:52Z,2023-04-27T20:19:52Z,1
6ZfuNTqbHE8,😢😢 love u all old avengers  ❤❤❤,Ugxnu5T_MQHcLX912DN4AaABAg,2023-04-27T18:17:14Z,2023-04-27T18:17:14Z,0
6ZfuNTqbHE8,5 years of this masterpiece,UgxARQHATxUHrb5MJex4AaABAg,2023-04-27T17:57:17Z,2023-04-27T17:57:17Z,1
6ZfuNTqbHE8,goosebumps 2023 still watch...,UgxiYDZd5WQfZaTNxIV4AaABAg,2023-04-27T17:22:15Z,2023-04-27T17:31:39Z,1
6ZfuNTqbHE8,Nostalgic for a Marvel Fan❤❤,Ugy060-MyUu4-G4GcRZ4AaABAg,2023-04-27T16:55:59Z,2023-04-27T16:55:59Z,2
6ZfuNTqbHE8,I can’t believe it’s already been 5 years (literally half a decade) since this came out. Still one of the best things Marvel has ever released,UgyrtH0M4wuVmlVwImN4AaABAg,2023-04-27T14:25:43Z,2023-04-27T14:25:43Z,44
6ZfuNTqbHE8,🫡 salute to the best time to be a marvel fan,UgyQ2KYSPXpvqYB8F3F4AaABAg,2023-04-27T11:50:23Z,2023-04-27T11:50:48Z,1
6ZfuNTqbHE8,5 years!,Ugxgh__ILMb02By5gop4AaABAg,2023-04-27T07:15:48Z,2023-04-27T07:15:48Z,1
6ZfuNTqbHE8,I still come back and STILL GET GOOSEBUMPS,Ugx2cChzyU_OtBAAtot4AaABAg,2023-04-27T05:55:22Z,2023-04-27T05:55:22Z,3
6ZfuNTqbHE8,They need to bring Galactus. Kang is good but he is not as great as thanos,UgxeSwJaEEy19mkKOlt4AaABAg,2023-04-27T04:06:04Z,2023-04-27T04:06:04Z,2
6ZfuNTqbHE8,I wish we get another Marvel movie like this one. Infinity War is awesome. It’s a shame that the MCU is dead and we are getting terrible movies now. I will never forgive Disney for what they did to Marvel and the MCU.,UgySyU5kL-agbTF-Gs54AaABAg,2023-04-27T02:01:41Z,2023-04-27T02:01:58Z,1
6ZfuNTqbHE8,Chills!,UgzgSc0q7l8hjpBuz-J4AaABAg,2023-04-26T16:43:37Z,2023-04-26T16:43:37Z,0
6ZfuNTqbHE8,The day i will never forget.. What a masterpiece.,UgweDpKgx1vgbzs_1NB4AaABAg,2023-04-26T15:53:14Z,2023-04-26T15:53:14Z,2
6ZfuNTqbHE8,this is the last best Marvel film for me,Ugx9_5MThou3XnR7Ggd4AaABAg,2023-04-26T14:53:32Z,2023-04-26T14:53:32Z,0
6ZfuNTqbHE8,Incriebli😊1000,UgyuDiCuzkjT90r5ryh4AaABAg,2023-04-26T12:35:45Z,2023-04-26T12:35:45Z,0
6ZfuNTqbHE8,STILL one of if not the BEST MCU trailer so far...,UgzUFi55cHKxrtjsgRp4AaABAg,2023-04-26T11:48:51Z,2023-04-26T11:48:51Z,0
6ZfuNTqbHE8,Tomorrow it would be 5 years,Ugy-HazA6rzQiYWsyJB4AaABAg,2023-04-26T10:05:55Z,2023-04-26T10:05:55Z,2
6ZfuNTqbHE8,"""And get this man a shield"" always have goosebumps",UgxszCd3fLAF75pFOuR4AaABAg,2023-04-26T08:27:53Z,2023-04-26T08:27:53Z,1
6ZfuNTqbHE8,"*It's 2023... The Blimp is over...*
*This movie makes me want to time travel back 5 years ago*
🟣🔵🔴🟠🟢🟡",UgwJrvJRAc2vdOZJ5q94AaABAg,2023-04-26T06:32:15Z,2023-04-26T06:32:15Z,2
6ZfuNTqbHE8,Greatest moment in cinema history!!!,UgxwpygiRIypItxK5nZ4AaABAg,2023-04-26T01:16:00Z,2023-04-26T01:16:00Z,2
6ZfuNTqbHE8,Life time agod ☹️,UgwhalNF6FT0x9P6oT14AaABAg,2023-04-25T20:27:48Z,2023-04-25T20:27:48Z,1
6ZfuNTqbHE8,we need to cancel this racist movie..thanos calling a spider insect is soo racist,UgwaFRPyxCqq0xJ7RBx4AaABAg,2023-04-25T18:54:42Z,2023-04-25T18:54:42Z,1
6ZfuNTqbHE8,Did anyone noticed that Hulk was running in Wakanda in the Trailer but not in the movie!?,Ugy7v0Inol61GBx4cvB4AaABAg,2023-04-25T16:14:45Z,2023-04-25T16:14:45Z,0
6ZfuNTqbHE8,Wtf 5 years ?,UgwAzKjW--BdEliOMsx4AaABAg,2023-04-25T16:02:56Z,2023-04-25T16:02:56Z,1
6ZfuNTqbHE8,We still waiting for that money shot. The final charge lead by The Captain,UgwuR8hvGKiV3jS8g1t4AaABAg,2023-04-25T16:02:34Z,2023-04-25T16:02:34Z,0
6ZfuNTqbHE8,AWSOME!!!,Ugyqa9nnSY0uaJWX3a94AaABAg,2023-04-25T15:26:16Z,2023-04-25T15:26:16Z,0
6ZfuNTqbHE8,2023 and still such a great trailer. So many fans wanted Thanos to finally show up and he left the crowds in theaters in silence.  IMHO That was the best ending of any MCU movie so far.,UgxjkF3w1kq_Vxenukl4AaABAg,2023-04-25T14:53:36Z,2023-04-25T14:53:36Z,3
6ZfuNTqbHE8,❤I miss the hype❤,Ugz--ZZvVhwOvRafLyV4AaABAg,2023-04-25T13:10:49Z,2023-04-25T13:10:49Z,1
6ZfuNTqbHE8,"""Fun isn't something one considers when balancing the universe. But this... does put a smile on my face."" 1:38 

This line and this trailer gives me goosebumps every time I hear it",UgyHy3z32sJVnGkr-dt4AaABAg,2023-04-24T18:22:43Z,2023-04-24T18:22:43Z,162
6ZfuNTqbHE8,بالله,UgwOLOtyacD_0N-RS0J4AaABAg,2023-04-24T14:10:09Z,2023-04-24T14:10:09Z,0
6ZfuNTqbHE8,Dr. Bruce banner was never Hulk in the infinity war.. he had the hulkbuster suit,UgwertPcyjUtrYudqdR4AaABAg,2023-04-24T13:40:16Z,2023-04-24T13:40:16Z,0
6ZfuNTqbHE8,Still feels like Yesterday,Ugx-XAvHXl3xxHl8t_h4AaABAg,2023-04-24T11:34:26Z,2023-04-24T11:34:26Z,1
6ZfuNTqbHE8,Marvel fell off after Stan Lee compare this masterpiece to the new captain marvel trailer💀,UgwstzNPND50K-UrhZl4AaABAg,2023-04-24T02:31:44Z,2023-04-24T02:31:44Z,1
6ZfuNTqbHE8,"5 years ago, most excited event happens...",UgzQHefm5QLxPZJThtp4AaABAg,2023-04-23T23:52:36Z,2023-04-23T23:52:36Z,1
6ZfuNTqbHE8,"How is it possible ""Despacito"" has over 1 billion views and this trailer doesn't?",UgyzJtuf2etxVCJrnFZ4AaABAg,2023-04-23T15:14:54Z,2023-04-23T15:14:54Z,2
6ZfuNTqbHE8,Thor: who the hell are you guys 😂😂😂😂,UgzRjCVNRH9ROOIFNkB4AaABAg,2023-04-23T06:22:35Z,2023-04-23T06:22:35Z,0
6ZfuNTqbHE8,Let's make this the most watched trailer again!,UgwD_0xxikBS8E5CrQR4AaABAg,2023-04-23T05:56:36Z,2023-04-23T05:56:36Z,1
6ZfuNTqbHE8,The movie and the Trailer is sooo good that people still come to see after 5 years,UgyZLi5XAUU4dbM_XTN4AaABAg,2023-04-23T05:36:58Z,2023-04-23T05:36:58Z,2
6ZfuNTqbHE8,bro where tf was hulk in the last fight???,UgwHr8F_ZXWcXdqCRCp4AaABAg,2023-04-23T03:31:41Z,2023-04-23T03:31:41Z,0
6ZfuNTqbHE8,Peak MCU - I'm worried we'll never be back to this level again.,Ugz0ppyZfVDtWKTZt454AaABAg,2023-04-22T23:39:06Z,2023-04-22T23:39:06Z,5
6ZfuNTqbHE8,Over a quarter of a billion views on a trailer! That's insane.,UgyKl6AVjsZUTj4OXcx4AaABAg,2023-04-22T17:55:52Z,2023-04-22T17:55:52Z,0
6ZfuNTqbHE8,Really Missing the hype and excitement we had during the Infinity Saga. 😢❤,UgyCfc89RXbGO17CP2J4AaABAg,2023-04-22T17:55:19Z,2023-04-22T17:55:19Z,41
6ZfuNTqbHE8,The future will never know how incredible this was,UgyLNe1WyFJI1qhrf_14AaABAg,2023-04-22T17:32:25Z,2023-04-22T17:32:25Z,1
6ZfuNTqbHE8,I was coding peacefully and suddenly Copilot generated me this link in the middle of a comment. No ideal how this happened.,UgxJ9igefGGqr2OZjG94AaABAg,2023-04-22T14:44:16Z,2023-04-22T14:44:16Z,0
6ZfuNTqbHE8,This song and words in starting of the trailer is awesome and only can feel by true Marvel fan ❤️🥺,UgxeNUTdy2e3DVBk_154AaABAg,2023-04-22T08:40:52Z,2023-04-22T08:40:52Z,0
6ZfuNTqbHE8,"""this does put a smile on my face"" 😍",Ugy85DWimvoxZ43a91Z4AaABAg,2023-04-22T08:11:35Z,2023-04-22T08:11:35Z,0
6ZfuNTqbHE8,ಕನ್ನಡಿಗರು ಯಾರಾದ್ರೂ ನೋಡ್ತಿದೀರಾ ♥️👍,UgxPwHvq53YhnUhdLbd4AaABAg,2023-04-22T03:34:09Z,2023-04-22T03:34:09Z,0
6ZfuNTqbHE8,"Bring us back to the good ole'd days when the MCU has stakes, consequences, and compelling characters.",Ugx9aoFeeBxiQynsqMN4AaABAg,2023-04-21T22:08:30Z,2023-04-21T22:08:30Z,2
6ZfuNTqbHE8,The Drama continues.,UgwkGLWmv9kkfy1Vg9d4AaABAg,2023-04-21T16:50:28Z,2023-04-21T16:50:28Z,0
6ZfuNTqbHE8,"It's been five years, but still I couldn't able to forget what it felt like when I first watched this movie in theater with my dad. And my dad couldn't understand why I was crying so much even if it is not an emotional scene. I want to thank all the creators that made this possible ,the comic book writers, character designers, script writers, screenplay writers, producers, directors, production designers, costume designers, stunt men and women, music composers, camera men, crews, vfx artist and all the actors and actresses.",Ugy3HLYmqyVjLWtXkPh4AaABAg,2023-04-21T14:06:23Z,2023-04-21T14:06:23Z,280
6ZfuNTqbHE8,If only they didn’t nerfed Hulk,UgwCs71-6JvUDc-SHgl4AaABAg,2023-04-21T12:09:54Z,2023-04-21T12:09:54Z,0
6ZfuNTqbHE8,longing..,UgzQgdQlJMZD6PsRoJt4AaABAg,2023-04-21T06:42:41Z,2023-04-21T06:42:41Z,0
6ZfuNTqbHE8,"in the age of wokeness, Thanos was right",UgxW93uvUkX_N_L6-qN4AaABAg,2023-04-20T21:17:09Z,2023-04-20T21:17:09Z,3
6ZfuNTqbHE8,Who knew this would be the film that neuters the hulk,UgwKBMSRR662nHOi40t4AaABAg,2023-04-20T17:27:06Z,2023-04-20T17:27:06Z,0
6ZfuNTqbHE8,The entrances in this movie can never be matched period.,UgxFoUDbkNLSACaLIZd4AaABAg,2023-04-20T15:59:44Z,2023-04-20T15:59:44Z,0
6ZfuNTqbHE8,El mejor trailer que he visto en mi vida,UgxMz5JjFSJjRezshcF4AaABAg,2023-04-20T09:43:59Z,2023-04-20T09:43:59Z,1
6ZfuNTqbHE8,like....if u watching this in 2023,UgxhRqI8g5e9mkNLm5l4AaABAg,2023-04-20T08:42:29Z,2023-04-20T08:42:29Z,2
6ZfuNTqbHE8,This halk😅😅😅,Ugz8MlQ2isS2ZuI1v1x4AaABAg,2023-04-19T16:15:37Z,2023-04-19T16:15:37Z,1
6ZfuNTqbHE8,After 5 Years I Am Present 👍,UgwLIKR37IE-gevAQBd4AaABAg,2023-04-19T16:15:18Z,2023-04-19T16:15:18Z,2
6ZfuNTqbHE8,Who remembers the rumors of captain America dying,UgwEOuyz6ZY9T4Z5aVR4AaABAg,2023-04-19T10:13:44Z,2023-04-19T10:13:44Z,0
6ZfuNTqbHE8,Best movie after endgame😢😢,UgzhryIiNn11Qwub_DF4AaABAg,2023-04-19T09:49:39Z,2023-04-19T09:49:39Z,1
6ZfuNTqbHE8,Any one today remember this legendary movie.,UgzBKhzzEBHpZpZObPd4AaABAg,2023-04-19T08:31:13Z,2023-04-19T08:31:13Z,0
6ZfuNTqbHE8,"It's 2023, let's see the legends still vibing with Thanos quotes",UgxPK-lKBzGqk8xQdFJ4AaABAg,2023-04-19T07:31:46Z,2023-04-19T07:31:46Z,0
6ZfuNTqbHE8,"April 2023, still gives goosebumps",UgytFzfiaoMD8SNQOTp4AaABAg,2023-04-19T05:40:37Z,2023-04-19T05:40:37Z,0
6ZfuNTqbHE8,My favourite movie forever 😍,UgxZeLEsPPvegcNZa5h4AaABAg,2023-04-19T04:48:42Z,2023-04-19T04:48:42Z,0
6ZfuNTqbHE8,After all this time... still the greatest trailer/movie marvel ever made,UgzHfURiBX8-dNafOmh4AaABAg,2023-04-19T04:38:11Z,2023-04-19T04:38:11Z,1
6ZfuNTqbHE8,😎,Ugx-yXaCYtzp6j0b4m94AaABAg,2023-04-19T03:25:26Z,2023-04-19T03:25:26Z,0
6ZfuNTqbHE8,Dédicace M. Comics from Stan are extremely appreciated. Listen to business war in respect to him 😌,UgwljU9GgYiM5tEcpWF4AaABAg,2023-04-19T03:24:56Z,2023-04-19T03:24:56Z,0
6ZfuNTqbHE8,when the MCU was good,UgzgLApfISrNPLh8-kZ4AaABAg,2023-04-18T23:57:34Z,2023-04-18T23:57:34Z,1
6ZfuNTqbHE8,"0:04
""There was an idea.""
The idea turned into fruition & became the best idea ever...",UgyZmGUJq20WiA5XeCZ4AaABAg,2023-04-18T18:41:39Z,2023-04-18T18:41:39Z,2
6ZfuNTqbHE8,"Rip MCU  🧠💪🤘
Born MSheU 🤡💩🦄🤮",UgytbAHbEv2OnS_Kj-F4AaABAg,2023-04-18T18:06:28Z,2023-04-18T18:06:28Z,1
6ZfuNTqbHE8,It's shame to say that it's the same studio which released she hulk.. 😔,UgyxDqgRROuZtF2Kh3Z4AaABAg,2023-04-18T16:00:18Z,2023-04-18T16:00:18Z,0
6ZfuNTqbHE8,In 2023 and I'm here to tell you that this is and will still be one of the best trailers ever made for a film.,UgwAsOuEw-eCIcp-EhR4AaABAg,2023-04-18T10:20:11Z,2023-04-18T10:20:11Z,0
6ZfuNTqbHE8,Bring Back That Classical Mcu ❤😢,UgwVSQa-uvYr62JllrZ4AaABAg,2023-04-18T09:54:38Z,2023-04-18T09:54:38Z,0
6ZfuNTqbHE8,Golden days😭,Ugzby6xTchj-ojNqaLB4AaABAg,2023-04-17T22:30:24Z,2023-04-17T22:30:24Z,1
6ZfuNTqbHE8,I've been watching Marvel since childhood,UgxAdpTS1BQrpXBsAQJ4AaABAg,2023-04-17T20:12:31Z,2023-04-17T20:12:31Z,1
6ZfuNTqbHE8,Everyone who from 2023 👇😄,UgyxIcOcz32eSQc3BCB4AaABAg,2023-04-17T18:53:14Z,2023-04-17T18:53:25Z,1
6ZfuNTqbHE8,"Its 2023 ,5 years since infinty war and yet marvel has'nt produced anything near to it.Absolute marvelous.
Thanks to Russo brothers.",Ugz8A-gUkY85ydLUv5p4AaABAg,2023-04-17T18:36:38Z,2023-04-17T18:36:38Z,1
6ZfuNTqbHE8,Best trailer period,UgzwbvHQEP2IvGTa2BN4AaABAg,2023-04-17T16:44:26Z,2023-04-17T16:44:26Z,0
6ZfuNTqbHE8,Indonesia hadir,UgzorOOXm1VAd7HBNRp4AaABAg,2023-04-17T16:24:47Z,2023-04-17T16:24:47Z,0
6ZfuNTqbHE8,5 years still it's best teaser i have ever seen i am Lucy to witness mcu,UgxcSCBDdsFqgXQb0V94AaABAg,2023-04-17T10:02:58Z,2023-04-17T10:02:58Z,2
6ZfuNTqbHE8,still goosebumps after 5 years,UgyXXJRJV1iefH3tned4AaABAg,2023-04-17T09:43:33Z,2023-04-17T09:43:33Z,0
6ZfuNTqbHE8,"Came back 5 years later, still got goosebumps.",UgxGYsh8HuXNMVVX9Vd4AaABAg,2023-04-17T03:41:05Z,2023-04-17T03:41:05Z,0
6ZfuNTqbHE8,Aún no puedo superar Infinity war el tráiler 2018 fue el mejor triste como termino pero ame la película porque si lo hacen,UgwuigIyzq3Bc-HH__d4AaABAg,2023-04-16T23:30:46Z,2023-04-16T23:30:46Z,1
6ZfuNTqbHE8,"Stan Lee. After you passed on, marvel went with you.😔",Ugxuwawk0KaQe9WkII14AaABAg,2023-04-16T21:36:18Z,2023-04-16T21:36:18Z,2
6ZfuNTqbHE8,"Unpopular opinion: this is the best Marvel movie ever.
-non-stop action
-pure nerdgasm 
-2 best superhero entrances (cap-cold and thor-nerd dream)

Only thing that drag it down is defeat at end.",UgyXRdl6p_2UqRdKE3l4AaABAg,2023-04-16T21:14:25Z,2023-04-16T21:14:25Z,2
6ZfuNTqbHE8,Better than Endgame btw and it's not very close,UgxhLVc-7KKU_F5vZdV4AaABAg,2023-04-16T21:01:02Z,2023-04-16T21:01:02Z,1
6ZfuNTqbHE8,AHHHHHHHHH I MISS THISSSSSS,Ugx19FSBvteQUUMgjpF4AaABAg,2023-04-16T20:54:38Z,2023-04-16T20:54:38Z,2
6ZfuNTqbHE8,"Absolutely crazy this film is now 5 years old.
One of the best films ever.",UgzfYvISaHcRsyFKf9J4AaABAg,2023-04-16T18:09:23Z,2023-04-16T18:09:23Z,27
6ZfuNTqbHE8,"Can't believe this was half a decade ago!
Best Mcu movie and one of the best movies all of time. 
I wish I could watch it for the first time again.",UgzI7X4RFxWToyXW64x4AaABAg,2023-04-16T17:14:31Z,2023-04-16T17:14:31Z,3
6ZfuNTqbHE8,Still the biggest eargasm ever at 2:03,Ugxt9PCAqM6OpRVNRvF4AaABAg,2023-04-16T12:59:47Z,2023-04-16T12:59:47Z,1
6ZfuNTqbHE8,peak,Ugy-8WzIa7PNLyFRod94AaABAg,2023-04-16T12:23:56Z,2023-04-16T12:23:56Z,0
6ZfuNTqbHE8,Legends are watching in 2023 😂😂,UgyiVdKZ1JtJKi3xdMV4AaABAg,2023-04-16T12:22:07Z,2023-04-16T12:22:07Z,2
6ZfuNTqbHE8,Who is here from India?🤔,UgzPND6bem7b0AFhD4d4AaABAg,2023-04-16T09:45:52Z,2023-04-16T09:45:52Z,2
6ZfuNTqbHE8,From   K  G  F    Chapter 2,UgzYwtbv5djw_nm1dUl4AaABAg,2023-04-16T04:50:34Z,2023-04-16T04:50:34Z,2
6ZfuNTqbHE8,Infinity War is almost becoming 5 years old now..,Ugw2ddRgpYp2voras2B4AaABAg,2023-04-16T00:04:30Z,2023-04-16T00:04:30Z,4
6ZfuNTqbHE8,😎😎😎😎😎,Ugw2PUof2a-mHRYVltx4AaABAg,2023-04-15T16:01:13Z,2023-04-15T16:01:13Z,2
6ZfuNTqbHE8,Good,Ugyvo0e_Hmtm-jBWbN14AaABAg,2023-04-15T15:45:30Z,2023-04-15T15:45:30Z,2
6ZfuNTqbHE8,"That's how you end a movie.
Best Marvel movie till date 🙌",UgwFfYmUJryttex8lHt4AaABAg,2023-04-15T15:09:34Z,2023-04-15T15:09:34Z,3
6ZfuNTqbHE8,It's 2023 but I still feel the goosebumps an epic battle than any marvel movies,Ugwl-yMbA9CrS95zibV4AaABAg,2023-04-15T13:49:10Z,2023-04-15T13:49:10Z,3
6ZfuNTqbHE8,It's been 5 years since this masterpiece came out. It makes me sad knowing that this was the beginning of the end of something truly beautiful.,UgwpnTiXBaLevwNo2xN4AaABAg,2023-04-15T12:21:01Z,2023-04-15T12:21:01Z,81
6ZfuNTqbHE8,"Marvel went from making 2 part masterpieces like this , to making a bunch of unnecessary movies that don't even affect the bigger storyline. They need to focus on quality over quantity.",UgwOYn48N_fkpmZM1154AaABAg,2023-04-15T03:09:51Z,2023-04-15T03:09:51Z,4
6ZfuNTqbHE8,"The music, omg, 5 years later and I've still got goosebumps 😩🔥🔥🔥🔥",UgymgDMm0tW0F3yJJ1J4AaABAg,2023-04-14T22:23:44Z,2023-04-14T22:23:44Z,28
6ZfuNTqbHE8,Thor lover's... 💙,Ugz4N0IjE8cwKdQbiAN4AaABAg,2023-04-14T20:15:22Z,2023-04-14T20:15:22Z,1
6ZfuNTqbHE8,14 april 2023......STILL GOOSEBUMPS 💓💓,UgzzPOg--dKpMBAo5PN4AaABAg,2023-04-14T18:55:06Z,2023-04-14T18:55:06Z,1
6ZfuNTqbHE8,Only me & me!,UgzWzqmcDPita_L-GnF4AaABAg,2023-04-14T16:27:58Z,2023-04-14T16:27:58Z,1
6ZfuNTqbHE8,who still watching this masterpiece?,UgwmIid9AvBXbb0pcbp4AaABAg,2023-04-14T12:51:31Z,2023-04-14T12:51:31Z,5
6ZfuNTqbHE8,Yez 🎉,UgxvAp_9vIUq2zrOlU94AaABAg,2023-04-14T02:44:21Z,2023-04-14T02:44:21Z,1
6ZfuNTqbHE8,El mejor trailer de la historia,UgzbYpox4-27E1PjYR54AaABAg,2023-04-14T02:35:09Z,2023-04-14T02:35:09Z,1
6ZfuNTqbHE8,"back then, when Marvel was great.",Ugy47up_0FhsPYL6ONZ4AaABAg,2023-04-13T18:26:23Z,2023-04-13T18:26:23Z,2
6ZfuNTqbHE8,"Came back after 5 years just to feel the hype like the 1st time, who knows if we'll ever get this level of excitement again in the mcu",Ugze8i006qYWFbniJBF4AaABAg,2023-04-13T01:55:28Z,2023-04-13T01:55:28Z,55
6ZfuNTqbHE8,I miss them😢,Ugy_uxfd0UNxPf3XTvd4AaABAg,2023-04-12T16:06:05Z,2023-04-12T16:06:05Z,3
6ZfuNTqbHE8,"Whenever I find MCU to be real bad these days, I come watch this trailer, just to take me back to the good old times. Corporates kill anything thats functioning well. Be it food chains like KFC or Comics based movies.",UgzvXv80D1nJYOXlv5d4AaABAg,2023-04-12T15:08:19Z,2023-04-12T15:08:19Z,1
6ZfuNTqbHE8,Still the best trailer of all time.,UgzbquB96oel9E9LIk54AaABAg,2023-04-12T13:59:33Z,2023-04-12T13:59:33Z,0
6ZfuNTqbHE8,Avenge is the best,UgzjuaBHBbBb8wldnJ94AaABAg,2023-04-12T12:58:01Z,2023-04-12T12:58:01Z,1
6ZfuNTqbHE8,"Cryptocurrency investment has brought me great success!!! Regardless of the economic depression, I can boast of over $12,000 a week in my investment.",UgyCiVWCCA8DXU2W2vt4AaABAg,2023-04-12T11:31:53Z,2023-04-12T11:31:53Z,0
6ZfuNTqbHE8,Avengers infinity war❤                  Avengers endgame🔥                Avengers kang dynasty❤🔥     Avengers secret wars 🔥❤💀,UgzFmk7-0brqldj0yk94AaABAg,2023-04-11T22:44:52Z,2023-04-11T22:44:52Z,2
6ZfuNTqbHE8,"Therapist : How many time have you watch this trailer
Me: YES",UgzSij17rBdbULUHYFN4AaABAg,2023-04-11T21:01:53Z,2023-04-11T21:01:53Z,5
6ZfuNTqbHE8,5 years ago dang,UgxnlhMdYUkKtRmn5Sx4AaABAg,2023-04-11T19:36:17Z,2023-04-11T19:36:17Z,1
6ZfuNTqbHE8,Hulk fighting in wakanda we never got,UgzN3qLU8R1NeHUvbH94AaABAg,2023-04-11T19:33:01Z,2023-04-11T19:33:01Z,0
6ZfuNTqbHE8,Bring me back,UgxzFiwz-OVOhqigCR94AaABAg,2023-04-11T17:11:53Z,2023-04-11T17:11:53Z,4
6ZfuNTqbHE8,Trailer me Hulk tha last me,UgxI5dfVp1JCTil5iN94AaABAg,2023-04-11T08:51:38Z,2023-04-11T08:51:38Z,0
6ZfuNTqbHE8,This trailer is better than almost all marvel productions after 2019,UgznCHvfmHp5YQnoSl14AaABAg,2023-04-11T02:30:21Z,2023-04-11T02:30:21Z,3
6ZfuNTqbHE8,rip the hulk running scene😢,Ugw70l-HAn8VdAY58eF4AaABAg,2023-04-11T02:12:46Z,2023-04-11T02:12:46Z,0
6ZfuNTqbHE8,"The only two marvel films I remember watching are Infinity War and Endgame. It sure was an experience, would have loved to have the context of all before seeing them. It felt amazing.",UgwWHq_uFg1-rwZVkCp4AaABAg,2023-04-10T22:31:44Z,2023-04-10T22:32:03Z,1
6ZfuNTqbHE8,Don’t We All Miss Chris Evans As Captain American,UgwkZ1E7Tgq6Ktcktwx4AaABAg,2023-04-10T20:00:11Z,2023-04-10T20:00:11Z,3
6ZfuNTqbHE8,The best Marvel Movie,UgzXgi4GHpHvZxYdSlN4AaABAg,2023-04-10T16:04:03Z,2023-04-10T16:04:03Z,11
6ZfuNTqbHE8,After 5 years I just realized team Iron Man only speaked in the beginning and not captain America and others….,UgxhxR8kaSueQzDVXsB4AaABAg,2023-04-10T14:21:30Z,2023-04-10T14:21:30Z,1
6ZfuNTqbHE8,"They blew all the budget on this movie, even from the movies the past 4 years.",UgzuepzZq4slgvQeiht4AaABAg,2023-04-10T13:06:27Z,2023-04-10T13:07:17Z,0
6ZfuNTqbHE8,"I am so glad I saw this in theatres
The feeling was unmatched",UgybMnwKE5cfh4jsK-V4AaABAg,2023-04-10T09:46:22Z,2023-04-10T09:46:22Z,199
6ZfuNTqbHE8,5 years later... Still have the feels.,UgyMhRi3aRR55ZDwIip4AaABAg,2023-04-10T04:29:45Z,2023-04-10T04:29:45Z,1487
6ZfuNTqbHE8,Nostalgia,UgzebPqYekRD1j2rw6F4AaABAg,2023-04-10T04:06:42Z,2023-04-10T04:06:42Z,0
6ZfuNTqbHE8,"This is perfect to use for a Toronto Maple Leafs hype vid, thanks Marvel 🔥",UgyeXxp2n2I9xHeG9Dh4AaABAg,2023-04-10T03:53:54Z,2023-04-10T03:53:54Z,1
6ZfuNTqbHE8,5 year and still give me *GOOSEBUMPS*,Ugww_s_oG1bHh9Zd6aN4AaABAg,2023-04-09T14:41:39Z,2023-04-09T14:41:39Z,1
6ZfuNTqbHE8,5 YEARS LATER.,Ugy5VthhKeT9ted__ft4AaABAg,2023-04-09T13:42:53Z,2023-04-09T13:42:53Z,0
6ZfuNTqbHE8,It still give chills 🙌🏼,UgxsmlrbmIRq6PUpc6B4AaABAg,2023-04-09T12:18:23Z,2023-04-09T12:18:23Z,0
6ZfuNTqbHE8,Miss you all 😍😌🥺,UgxO9xjbhLYJJsMZ9ZJ4AaABAg,2023-04-09T09:29:03Z,2023-04-09T09:29:03Z,1
6ZfuNTqbHE8,"When Nick says ""there was an idea"" all I can think of is MLK's ""I have a dream""",UgzTaxFwZLDMdDFyJ-t4AaABAg,2023-04-09T09:15:35Z,2023-04-09T09:15:35Z,0
6ZfuNTqbHE8,Every time I remember Marvel phase 4 I come back here to revive my dying passion.,Ugy6OXI4QIuAn0QWwEl4AaABAg,2023-04-09T09:12:54Z,2023-04-09T09:12:54Z,0
6ZfuNTqbHE8,0:31-0:44,UgxgT2bQiRamRgvy-Qd4AaABAg,2023-04-09T07:12:53Z,2023-04-09T07:13:44Z,0
6ZfuNTqbHE8,"In the trailer there is the Hulk, why Bruce can't transform in the movie?",UgwdPMOTEeqZF7weWrx4AaABAg,2023-04-08T23:26:20Z,2023-04-08T23:26:20Z,0
6ZfuNTqbHE8,"Endgame was great, but Avengers: Infinity War will forever be the best Marvel movie ever made, IMO. It was everything a Marvel fan could want and more. Coming back to these trailers, the hype still feels real. God, I love this movie.",Ugy7ftwHfsMZhm3VgKJ4AaABAg,2023-04-08T04:37:20Z,2023-04-08T04:37:20Z,317
6ZfuNTqbHE8,Malik And Do you know how A few minutes ago O for me know,UgxSQynz70SPZ7DAwtV4AaABAg,2023-04-08T03:02:57Z,2023-04-08T03:02:57Z,0
6ZfuNTqbHE8,So many comments... 😳,UgyyH9EmtNt4p6kVZ9V4AaABAg,2023-04-08T01:28:27Z,2023-04-08T01:28:27Z,0
6ZfuNTqbHE8,This and man of steel trailer 2 are the best superhero movies trailers ever!! I can watch them countlessly,UgyFv8NR0UEUPuwvrHB4AaABAg,2023-04-08T00:07:40Z,2023-04-08T00:07:40Z,0
6ZfuNTqbHE8,🔥🔥🔥🔥,UgxCbxt8twv7fjooU2p4AaABAg,2023-04-07T16:12:24Z,2023-04-07T16:12:24Z,0
6ZfuNTqbHE8,Infinity war increased the blood pressure of fans! The most serious movie that hyped us to seek a way is how Thanos will die! 😅,Ugw4fh78wDtLSkYGzV94AaABAg,2023-04-07T13:05:39Z,2023-04-07T13:05:39Z,0
6ZfuNTqbHE8,Miss this mcu,UgyXIH4XG8oxfkNYiJN4AaABAg,2023-04-07T08:57:51Z,2023-04-07T08:57:51Z,0
6ZfuNTqbHE8,Still get goosebumps no matter how many times I've watched it,Ugxv_veMtkNRDtuQ8Tx4AaABAg,2023-04-07T08:37:51Z,2023-04-07T08:37:51Z,0
6ZfuNTqbHE8,Man it’s been 5 years and this movie is still a master piece to bad it was one of your last,UgwgyGX-mB2pJvtWLH94AaABAg,2023-04-07T04:31:48Z,2023-04-07T04:31:48Z,0
6ZfuNTqbHE8,April 6th 2023 time is 10:57 pm and I'm watching this ❤️,UgyFglqQ6CBw203JPxF4AaABAg,2023-04-06T17:27:15Z,2023-04-06T17:27:15Z,2
6ZfuNTqbHE8,Watching this masterpiece currently.,UgxtVnlZAedtZ_tgp2d4AaABAg,2023-04-06T15:02:42Z,2023-04-06T15:02:42Z,2
6ZfuNTqbHE8,We need these type movies again in mcu,UgzSbFrUHAHTepFvjj94AaABAg,2023-04-06T14:11:41Z,2023-04-06T14:11:41Z,3
6ZfuNTqbHE8,"This was marvel's prime, the days when they spend time on character depth, plot and visual effects. Now they are rushing so many movies with great potential",Ugy7QydVVoKNhjB63-R4AaABAg,2023-04-06T13:34:05Z,2023-04-06T13:34:05Z,2
6ZfuNTqbHE8,Watching 2023 😢❤️❤️,UgxnypXk3JNz1dOhZ0R4AaABAg,2023-04-06T08:16:59Z,2023-04-06T08:16:59Z,0
6ZfuNTqbHE8,I can’t believe it’s been 5 years i Reiner watching it in 4th grade now I’m in highschoool I was so hyped,UgycsUPgycE-4OCxyqp4AaABAg,2023-04-06T01:22:08Z,2023-04-06T01:22:08Z,0
6ZfuNTqbHE8,It's 2023 but it still gives goosebumps!,Ugy49RiT5aMv_VjAcnJ4AaABAg,2023-04-06T00:36:54Z,2023-04-06T00:36:54Z,0
6ZfuNTqbHE8,We were happy and we didn't know it😢,UgzNSriRE2wQbExZM9F4AaABAg,2023-04-05T21:03:15Z,2023-04-05T21:03:15Z,0
6ZfuNTqbHE8,I wish i can eraser memories to watch it again for the first time love you 3000 ❤,UgxPxeC4BcHAYUtJXrZ4AaABAg,2023-04-05T15:17:31Z,2023-04-05T15:17:31Z,3
6ZfuNTqbHE8,"I had new headphone "" maybe it will use in trailer damm 💥 it was useful after this trailer beside Endgame last greatest movie including upcoming MOST 🎉 BLUE BETEL "" Secret Invasion ....🗿",UgxGnKBzv7cqCZXGvJR4AaABAg,2023-04-05T14:49:15Z,2023-04-05T14:49:15Z,0
6ZfuNTqbHE8,"Still , we wish Loki was there to , fighting side by side with his brother , and finally have his happy ending as a hero not the vilain they think he is. We miss you Loki",Ugx7HK9nd09swaxnSn54AaABAg,2023-04-05T13:37:24Z,2023-04-05T13:37:24Z,1
6ZfuNTqbHE8,I had an exhaisting day. But this... this does put a smile on my face,Ugwq1T3LXufCY0CE2vt4AaABAg,2023-04-05T12:44:39Z,2023-04-05T12:44:39Z,0
6ZfuNTqbHE8,"Wanted some goosebumps, so came to watch this",Ugx5PSWCe637U3YYCKZ4AaABAg,2023-04-05T12:16:34Z,2023-04-05T12:16:34Z,0
6ZfuNTqbHE8,0:34 the way the theme starts playing gets me hyped everytime,UgwYlQSxn4yGS2Pi3Ad4AaABAg,2023-04-05T11:15:54Z,2023-04-05T11:15:54Z,0
6ZfuNTqbHE8,"The hype was strong with this film!
Watching this trailer for the first time was not great,it was PHENOMENAL!",Ugw-PzsVy7VKuMc-URx4AaABAg,2023-04-05T10:44:50Z,2023-04-05T10:44:50Z,1
6ZfuNTqbHE8,Legend watching 2023,UgxK0UtGr1ua3zskq8d4AaABAg,2023-04-05T10:44:48Z,2023-04-05T10:44:48Z,0
6ZfuNTqbHE8,I miss these marvel years before they went full disney,Ugws1teyqksArrXvz354AaABAg,2023-04-05T04:12:43Z,2023-04-05T04:12:43Z,0
6ZfuNTqbHE8,"5 Years later, I can confirm, this is still just as epic as it was in 2018.",Ugz3V-kcZo40rwEEz3F4AaABAg,2023-04-05T04:06:58Z,2023-04-05T04:06:58Z,0
6ZfuNTqbHE8,I don't think anyone could forget those feelings they had at the end of this epic movie. 5 years later and watching Endgame 2000 times and I'm still recovering.,Ugy443vq1uDQ-vFjsmp4AaABAg,2023-04-05T00:44:02Z,2023-04-05T00:44:02Z,30
6ZfuNTqbHE8,Hope we all can get the same feeling of this infinity war vibe on any upcoming new avengers movie again,Ugzd3bFn9fh6mPi3edh4AaABAg,2023-04-04T23:01:15Z,2023-04-04T23:01:15Z,0
6ZfuNTqbHE8,🔥 🔥,UgzDYRD6V7zfnvE4Hxx4AaABAg,2023-04-04T22:49:25Z,2023-04-04T22:49:25Z,0
6ZfuNTqbHE8,Start From 0:30 I who can feel  the Marvel BGM,UgzVQ-abzdv50-Ft38B4AaABAg,2023-04-04T17:40:25Z,2023-04-04T17:40:25Z,0
6ZfuNTqbHE8,It's been five years.. and still gives me  goosebumps 😭❤️🔥,UgzmMMW_W2mSueYto9l4AaABAg,2023-04-04T14:14:45Z,2023-04-04T14:14:45Z,0
6ZfuNTqbHE8,It's been more than 4 years and i still can't believe of how marvel fooled us byfalsely showing hulk fighting in wakandan battle.,Ugw71myh9pJvevIDW714AaABAg,2023-04-04T10:10:24Z,2023-04-04T10:10:24Z,1
6ZfuNTqbHE8,Golden Era of The MCU,UgzzbrSNePJDilWrP514AaABAg,2023-04-04T07:06:00Z,2023-04-04T07:06:00Z,1
6ZfuNTqbHE8,I can't believe it. It's been five years now,UgxENti-pDahRkfYc8V4AaABAg,2023-04-04T06:47:25Z,2023-04-04T06:47:25Z,0
6ZfuNTqbHE8,Wow so hyped for this movie to come out and see it for the first time!! (😖),Ugx5R-Y92GmsvtcHBTR4AaABAg,2023-04-04T03:49:47Z,2023-04-04T03:49:47Z,1
6ZfuNTqbHE8,Man 5 years?,UgwM3AB3w1YrFsC2A0R4AaABAg,2023-04-04T03:31:54Z,2023-04-04T03:31:54Z,0
6ZfuNTqbHE8,It’s been 5 years and I still got goosebumps,Ugx3vv7Pabd3dgG6TDp4AaABAg,2023-04-04T02:13:44Z,2023-04-04T02:13:44Z,1
6ZfuNTqbHE8,I could rewatch this movie a million times and still never get bored,Ugx_bfuifaKI0pdp2rt4AaABAg,2023-04-04T01:58:59Z,2023-04-04T01:58:59Z,658
6ZfuNTqbHE8,This was the peak of MCU,UgzB4Tu10XXDY0YnzMB4AaABAg,2023-04-03T21:45:13Z,2023-04-03T21:45:13Z,0
6ZfuNTqbHE8,I miss this so much this movie was a feeling,UgwOGLxhJwWfZNTW5LB4AaABAg,2023-04-03T20:13:14Z,2023-04-03T20:13:14Z,2
6ZfuNTqbHE8,5 years later. And nothing matches the hype for this movie and endgame,UgwvJavGWpkXlGtUO2p4AaABAg,2023-04-03T18:32:35Z,2023-04-03T18:32:35Z,1
6ZfuNTqbHE8,"""There was an idea...""",UgymCEsaW_H0-iu5Jxl4AaABAg,2023-04-03T16:33:21Z,2023-04-03T16:33:21Z,1
6ZfuNTqbHE8,Being able to see this in theaters was a beautiful 1 time experience,Ugy7ltRvmFhlwPvHf0B4AaABAg,2023-04-03T16:32:49Z,2023-04-03T16:32:49Z,1
6ZfuNTqbHE8,Cap's entrance was hard💪,UgzGN04DIroCwdcC7614AaABAg,2023-04-03T16:04:13Z,2023-04-03T16:04:13Z,1
6ZfuNTqbHE8,It's Been 10 year And Still it gives goosebumps,UgxugduzjO2Pwy9AMUR4AaABAg,2023-04-03T13:35:55Z,2023-04-03T13:35:55Z,4
6ZfuNTqbHE8,2023 and I am here after seeing Marvel messing with their movies 🥲,Ugzym9h7dyBGiInSwNp4AaABAg,2023-04-03T12:46:24Z,2023-04-03T12:46:24Z,2
6ZfuNTqbHE8,The best superhero movie ever,UgwQeRLgvXlKCXDFBVd4AaABAg,2023-04-03T10:20:45Z,2023-04-03T10:20:45Z,2
6ZfuNTqbHE8,The re watchablity of Infinity war is better than Endgame,UgxaXJzb09mq4gqp47V4AaABAg,2023-04-03T10:16:19Z,2023-04-03T10:16:19Z,4
6ZfuNTqbHE8,still goosebumps,UgwSzx8TUf5O8ZRFmCV4AaABAg,2023-04-03T09:10:09Z,2023-04-03T09:10:09Z,1
6ZfuNTqbHE8,INFINITY WAR >>> endgame,Ugxn4HJqoMbgV2PY6at4AaABAg,2023-04-03T06:48:48Z,2023-04-03T06:48:48Z,2
6ZfuNTqbHE8,"🇱 🇴 🇻 🇪  🇫 🇷 🇴 🇲   [♥] [🇧🇩]

❤❤❤❤❤❤❤❤❤❤❤❤❤❤❤
❤                                                               ❤ 
❤ 🇧 🇦 🇳 🇬 🇱 🇦 🇩 🇪 🇸 🇭    ❤
❤                                                               ❤
❤❤❤❤❤❤❤❤❤❤❤❤❤❤❤

           💚💚💚💚💚💚💚💚💚💚
           💚💚💚💚❤️💚💚💚💚💚
           💚💚💚❤️❤️❤️💚💚💚💚
           💚💚💚💚❤️💚💚💚💚💚
           💚💚💚💚💚💚💚💚💚💚",UgzqS7UtT6Ae_TfCTax4AaABAg,2023-04-03T06:07:34Z,2023-04-03T06:07:34Z,2
6ZfuNTqbHE8,"You ever just come back to this trailer and just say ""I miss THIS marvel?""",UgyvHXqzQ98kiCMuQTZ4AaABAg,2023-04-03T04:07:41Z,2023-04-03T04:07:41Z,4
6ZfuNTqbHE8,"I can’t believe it’s 5 years already. 
We are getting old.",UgxCde6dBIiXz5lxT814AaABAg,2023-04-02T22:23:59Z,2023-04-02T22:23:59Z,1
6ZfuNTqbHE8,This STILL gets me so excited,UgyS94l1IOI5ojRjpA94AaABAg,2023-04-02T20:38:16Z,2023-04-02T20:38:16Z,0
6ZfuNTqbHE8,"The First 2 Avengers films 
Avengers - 8.9/10
Avengers: Age of Ultron - 9.8/10
We’re pretty good.
I’ll get Avengers Infinity War/Endgame I’ll Check those Out.

Can’t wait to see Avengers: Secret Wars/The Kang Dynasty.",UgxrnNhaKHEj9N30_Ed4AaABAg,2023-04-02T06:42:26Z,2023-04-02T06:44:14Z,0
6ZfuNTqbHE8,This Trailer is better then whole she Hulk series 😁,Ugyg4YHzXjw0OczExK14AaABAg,2023-04-02T05:29:40Z,2023-04-02T05:29:40Z,6
6ZfuNTqbHE8,What a time to be alive as a marvel fan.,UgzXp3mrUfZxd92_4cl4AaABAg,2023-04-02T04:02:59Z,2023-04-02T04:02:59Z,0
6ZfuNTqbHE8,Still gives me goosebumps,UgwK5GjPTCMeC9cWGPR4AaABAg,2023-04-01T23:15:24Z,2023-04-01T23:15:24Z,0
6ZfuNTqbHE8,Feels like this came out 2 months ago,UgwcevqtxJTiZup1ZRl4AaABAg,2023-04-01T22:30:00Z,2023-04-01T22:30:00Z,0
6ZfuNTqbHE8,What am I doing here...💗🙂,UgzhmVnj4ngzje4H4w14AaABAg,2023-04-01T17:33:03Z,2023-04-01T17:33:03Z,0
6ZfuNTqbHE8,Only movie where avengers lost,Ugy88zV0JCuqC-X-CJp4AaABAg,2023-04-01T13:44:53Z,2023-04-01T13:44:53Z,0
6ZfuNTqbHE8,back when the MCU hit its peak. it'll never be the same again,UgwsiFoyT76eghc5JW94AaABAg,2023-04-01T11:52:35Z,2023-04-01T11:52:35Z,0
6ZfuNTqbHE8,"I remember being the first in my class to see this, I was like no way and told everyone the trailer was out, our teacher put it up on the projector and we all took a break from class to watch it",Ugyjj-2C2f-OKRYWKrF4AaABAg,2023-03-31T21:42:00Z,2023-03-31T21:42:00Z,2
6ZfuNTqbHE8,Who's here after she hulk🤢,UgzWWJtfD4BLYN_rDWF4AaABAg,2023-03-31T12:29:34Z,2023-03-31T12:29:34Z,2
6ZfuNTqbHE8,Russo brothers,UgzQ17XkzgCG1T1o9g54AaABAg,2023-03-31T03:38:52Z,2023-03-31T03:38:52Z,0
6ZfuNTqbHE8,When Thanos said fun isn't something you consider when balancing half of the universe but this brings a smile to my face my spine tingled,UgwRjX-QDrN3TY0auZB4AaABAg,2023-03-31T02:18:27Z,2023-03-31T02:18:27Z,1
6ZfuNTqbHE8,You're not the only one watching the trailer of this magnum opus in 2023...,UgzsOJeV7iX1uV5ZcR94AaABAg,2023-03-30T14:25:12Z,2023-03-30T14:25:12Z,5
6ZfuNTqbHE8,We were so young then.....,UgzINCmT2M8-dM-hQ1R4AaABAg,2023-03-30T07:54:08Z,2023-03-30T07:54:08Z,4
6ZfuNTqbHE8,Till this dayy I think it's the best trailer ever made,UgyeMTQs-l0XdKPbLdF4AaABAg,2023-03-30T05:20:22Z,2023-03-30T05:20:22Z,1
6ZfuNTqbHE8,Funny that when they show the Guardians of the galaxy you can barely see Drax 😂😂😂,UgzFgwD3WOM06QvJPkN4AaABAg,2023-03-29T15:06:58Z,2023-03-29T15:06:58Z,0
6ZfuNTqbHE8,I can't live with Marvel's failure....where did it bring me....back to this trailer,Ugw7GlYQmQh8yRgYXIV4AaABAg,2023-03-29T02:44:21Z,2023-03-29T02:44:21Z,5
6ZfuNTqbHE8,"I miss those good ol’ days of the MCU, when it was at it’s peak, when it wasn’t like a Disney XD channel",UgzCchdlOkzJQGnqpJF4AaABAg,2023-03-28T23:34:11Z,2023-03-28T23:34:11Z,1
6ZfuNTqbHE8,This movie was the same feeling i had in gsp last fight,UgyakiNXI27F_I-F-Sx4AaABAg,2023-03-28T09:03:01Z,2023-03-28T09:03:01Z,0
6ZfuNTqbHE8,How a trailer can make you cry🥹,Ugy2wNdttTebpWH7o-Z4AaABAg,2023-03-27T20:01:45Z,2023-03-27T20:01:45Z,3
6ZfuNTqbHE8,"5 years after endgame, is there anyone who is still in awe of the trailer of infinity war?",UgyGMFE0nf6JWRll93p4AaABAg,2023-03-27T15:59:14Z,2023-03-27T15:59:14Z,10
6ZfuNTqbHE8,"This feels soooo nostalgic to me and just feels great, this is like one of my favorite trailers",UgzLNFdOVeo-j62rqox4AaABAg,2023-03-27T06:06:20Z,2023-03-27T06:06:20Z,5
6ZfuNTqbHE8,Still gives me the chills.,Ugy1DDUYdMvly-GFsid4AaABAg,2023-03-27T03:05:04Z,2023-03-27T03:05:04Z,0
6ZfuNTqbHE8,The fact that this movie was half a decade ago,UgwXKCgAFQOrwV3pOgR4AaABAg,2023-03-26T15:40:57Z,2023-03-26T15:40:57Z,1
6ZfuNTqbHE8,Marvel sacficed all of the goodness of the mcu just to make 2 movies no one can beat.,Ugx00rJeq5BdDv48ZFF4AaABAg,2023-03-26T15:35:35Z,2023-03-26T15:35:35Z,1
6ZfuNTqbHE8,After watching ant man I just came back to watch  trailer of the-best movie I ever watch,UgyT-BQIwksOY4w4xCl4AaABAg,2023-03-26T15:33:28Z,2023-03-26T15:33:28Z,0
6ZfuNTqbHE8,"This movie alone is better than the entire phase 4, even nwh.",Ugz3Z19m5VBhHLKJGPJ4AaABAg,2023-03-26T15:31:51Z,2023-03-26T15:31:51Z,1
6ZfuNTqbHE8,In the trailer the only thing that gives me goosebump is thanos entrance,UgzcPrXa-LomRvW9bVh4AaABAg,2023-03-26T11:48:42Z,2023-03-26T11:48:56Z,1
6ZfuNTqbHE8,I see you’re also re-visiting this trailer to remember the MCU at the height of its power. Great memories.,UgwJOWBoDR-AAvlokhd4AaABAg,2023-03-26T06:07:25Z,2023-03-26T06:07:25Z,2818
6ZfuNTqbHE8,wish I could relive the night I saw this for the first time,UgwM8sQL_iUDpVBrtgR4AaABAg,2023-03-26T02:44:45Z,2023-03-26T02:44:45Z,8
6ZfuNTqbHE8,TRANSFORMERS OPTIMUS PRIME,UgxGHgfE_fOIeOZ_TvB4AaABAg,2023-03-26T02:43:40Z,2023-03-26T02:43:40Z,5
6ZfuNTqbHE8,"""There was an idea to bring together a group of remarkable people""..... This line still play in my head till today.",Ugz6aQjzNP-EhSFs7Wt4AaABAg,2023-03-25T20:04:36Z,2023-03-25T20:04:36Z,39
6ZfuNTqbHE8,"Pov: it's November and you just came home from school, opening YouTube and get this masterpiece of a trailer in your algorithm",UgzuH_BBQ7MXja29ndJ4AaABAg,2023-03-25T17:30:40Z,2023-03-25T17:30:40Z,3
6ZfuNTqbHE8,KGF chapter 2 teaser......268million views .....power of rocky bhai....❤,UgyjVv3pWSJRuSwfz1d4AaABAg,2023-03-25T17:21:09Z,2023-03-25T17:21:09Z,6
6ZfuNTqbHE8,Still give me goosebumps 😌,Ugy6PeCRRWF4II_Njqd4AaABAg,2023-03-25T17:01:50Z,2023-03-25T17:01:50Z,2
6ZfuNTqbHE8,Holy crap up until now this one is the best trailer ever made. Goosebumps 🥶🥶🥶,UgxpO_5qbQbs65aY2-d4AaABAg,2023-03-25T14:38:04Z,2023-03-25T14:38:04Z,0
6ZfuNTqbHE8,2:00 Hulk seriously? Infinity war,UgyeXpfSih1_zJzVIbR4AaABAg,2023-03-25T12:51:41Z,2023-03-25T12:51:41Z,2
6ZfuNTqbHE8,One of best trailers,UgwxlyxLNMPOWnsG0Yp4AaABAg,2023-03-25T12:18:45Z,2023-03-25T12:18:45Z,0
6ZfuNTqbHE8,Kgf,Ugz5bRLKKVenYMDGN2d4AaABAg,2023-03-25T11:44:12Z,2023-03-25T11:44:12Z,0
6ZfuNTqbHE8,After 5 years this still gives the same goosebumps as the first time,UgyG1WsDGFn8g-0X5pJ4AaABAg,2023-03-25T10:23:10Z,2023-03-25T10:23:10Z,8
6ZfuNTqbHE8,"Coming back to this trailer, it’s sad to see how far Marcel have fallen in the last 5 years",UgyqpO18ZFFQTgc5q894AaABAg,2023-03-25T07:36:39Z,2023-03-25T07:36:39Z,1
6ZfuNTqbHE8,We'll tell our kids about this movie....how the climax turned the theater into a stadium.,UgyoVYQTz5Oldo9lDhV4AaABAg,2023-03-24T18:12:38Z,2023-03-24T18:12:38Z,1
6ZfuNTqbHE8,I remember first watching this trailer five years ago and getting goosebumps I still get them now.,UgwA6nWK3Pj1qUNBqBF4AaABAg,2023-03-24T17:21:34Z,2023-03-24T17:21:34Z,0
6ZfuNTqbHE8,I just realised they lied to us by putting hulk in at 2:00 when it’s actually the hulk buster that’s in the movie.,UgzeGNOeJC2V1AKP5xB4AaABAg,2023-03-24T10:23:20Z,2023-03-24T10:23:20Z,0
6ZfuNTqbHE8,Avengers ❤❤❤,UgwcspdFkqr9T5Lm2Gh4AaABAg,2023-03-23T14:48:12Z,2023-03-23T14:48:12Z,2
6ZfuNTqbHE8,still goosebumps,UgwiPVEkk3fK5RUts5F4AaABAg,2023-03-23T14:46:30Z,2023-03-23T14:46:30Z,1
6ZfuNTqbHE8,THERE WAS AN IDEA...I still come back to watch this like its the first time 🤩🤩🤩🤩,Ugy5l4NTprzzeqIQMJx4AaABAg,2023-03-23T11:29:05Z,2023-03-23T11:29:05Z,0
6ZfuNTqbHE8,"1:57 
Hulk wasn't even in the movie whole time
Banner was using hulkbuster the whole time",UgwRsonxALmugEI0tpl4AaABAg,2023-03-23T10:30:50Z,2023-03-23T10:30:50Z,1
6ZfuNTqbHE8,"The ending was unbelievable, so sad marvel has lost its way.",Ugx89n0mWWzCGDsSncZ4AaABAg,2023-03-23T09:14:35Z,2023-03-23T09:14:35Z,0
6ZfuNTqbHE8,Commenting too late 🙂.. I saw this trailer at release time when I was in 10th and preparing for board exam..,Ugz8us4teHSabwrgLSB4AaABAg,2023-03-23T04:18:18Z,2023-03-23T04:18:18Z,4
6ZfuNTqbHE8,"I am still watching this, and getting the same goosebumps 🔥🔥🔥",UgzOMnu-TyO2Yw5uoeB4AaABAg,2023-03-23T00:18:08Z,2023-03-23T00:18:08Z,2
6ZfuNTqbHE8,❤️♥️,UgxTOu8hWIE14womQD54AaABAg,2023-03-22T18:18:29Z,2023-03-22T18:18:29Z,2
6ZfuNTqbHE8,Agar Avengers kang dynasty aur secret wars ka trailer ayega to apne aap bhej dena,Ugwojle7KfR2OMg4v4F4AaABAg,2023-03-22T12:32:21Z,2023-03-22T12:32:21Z,1
6ZfuNTqbHE8,POV you've here for marvel's popular,UgysqKvKC_cdpBl3XG94AaABAg,2023-03-22T11:42:35Z,2023-03-22T11:42:35Z,1
6ZfuNTqbHE8,the good old days back when marvel was still good,Ugy36nbHDn9rbDH2ccp4AaABAg,2023-03-22T11:38:21Z,2023-03-22T11:38:21Z,0
6ZfuNTqbHE8,Who else comes after 5 year to watch this masterpiece,UgyhT9rfXO9R-JWblYt4AaABAg,2023-03-22T10:07:45Z,2023-03-22T10:07:45Z,1
6ZfuNTqbHE8,It's been exactly 5 years since he came to earth,Ugwaove50wrVIIDzYMV4AaABAg,2023-03-22T09:57:38Z,2023-03-22T09:57:38Z,1
6ZfuNTqbHE8,njir udh 5 tahun lalu 😭😭😭,Ugy28U-1VZVyzNdqff14AaABAg,2023-03-22T07:09:58Z,2023-03-22T07:09:58Z,1
6ZfuNTqbHE8,"Infinity war is by far the best marvel movie. It's a shame that the writers were morons and wrote themselves into a hole for endgame and killed off infinity war thanos early in the film . Ultimately, endgames biggest hero was the random rat who brought back antman. Introducing thanos was masterful and poetic, but they just didn't have the brain cells to write a good story on how he'd be beaten",UgzlP3FOgj5dNflRY_R4AaABAg,2023-03-21T23:44:03Z,2023-03-21T23:44:03Z,1
6ZfuNTqbHE8,"This film exceeded even the highest expectations that will never be forgotten. Try to do better, I know, you can't, because this is a MASTERPIECE, now and forever. Marvel for life👊",UgyKmHi-tPRt01ekbE14AaABAg,2023-03-21T20:52:07Z,2023-03-21T20:52:07Z,1
6ZfuNTqbHE8,Still giving me goosebumps,Ugyz2h4arASuNHCsZ0V4AaABAg,2023-03-21T12:43:36Z,2023-03-21T12:43:36Z,6
6ZfuNTqbHE8,Anyone here in 2023 🔥❤️,Ugwh7b2h8K5njG5qzBp4AaABAg,2023-03-21T06:13:46Z,2023-03-21T06:13:46Z,3
6ZfuNTqbHE8,why was hulk on the wakanda fight? wasnt it bruce banner on hulk buster suit?,UgzWL4ETr9FxHYPI8wJ4AaABAg,2023-03-21T01:01:52Z,2023-03-21T01:01:52Z,3
6ZfuNTqbHE8,"I wish we can see black panther in the kang dynasty that would’ve been crazy, black panther and captain America vs kang😳. But R.I.P Chadwick 🕊️",Ugw1fAyyM5mEhIAihUZ4AaABAg,2023-03-20T22:54:09Z,2023-03-20T22:54:09Z,0
6ZfuNTqbHE8,Who's here 5 years later??,UgxISR493qScrh_Q64B4AaABAg,2023-03-20T19:12:13Z,2023-03-20T19:12:13Z,0
6ZfuNTqbHE8,6 years later this trailer still giving goosebumps,UgxSKK6lA-yYSFNF6vh4AaABAg,2023-03-20T18:52:41Z,2023-03-20T18:52:41Z,0
6ZfuNTqbHE8,"I say it not just as a Marvel fan but a movie fan, too..this is the greatest trailer of all time.",UgwdsEUTBSUl9pjNFbh4AaABAg,2023-03-20T18:39:06Z,2023-03-20T18:39:06Z,1
6ZfuNTqbHE8,I still remember my voice being broken for a week after the screams I made in the theatre watching infinity war.,UgymOl1YDzWj-khqxeh4AaABAg,2023-03-20T17:20:15Z,2023-03-20T17:20:15Z,0
6ZfuNTqbHE8,Top 10 movies ever made. A whole era of different story lines wrapped into a mammoth conclusion. Only other notable film that’s top 10 during my lifetime is the dark knight with the joker. These are two movies we won’t see again. Impeccable.,UgxogNCoezbvoYl1Ykh4AaABAg,2023-03-20T11:46:10Z,2023-03-20T11:46:10Z,1
6ZfuNTqbHE8,after 5 years still goosebumpsss,UgwGEkSGMo61bHBxSj14AaABAg,2023-03-20T10:39:13Z,2023-03-20T10:39:13Z,1
6ZfuNTqbHE8,"Decades from now, all of nerd-dom will look back at this time period from November 2017 to April 2019 as the time when all nerds united to celebrate this duology.",UgxsGBgfofjbsHP4kfh4AaABAg,2023-03-19T23:48:32Z,2023-03-19T23:48:32Z,1
6ZfuNTqbHE8,The anticipation of this movie man was just ...🤌🤌🤌🤌,Ugy6iepKVYGZ9XidnZh4AaABAg,2023-03-19T21:19:10Z,2023-03-19T21:19:10Z,0
6ZfuNTqbHE8,Look how far it's fallen 😭 the MCU ended with Infinity War fr,UgzDkNLejFOUv80tmV54AaABAg,2023-03-19T20:34:00Z,2023-03-19T20:34:00Z,4
6ZfuNTqbHE8,still the best trailer ever made . with dolby and full volume . make me feel that fear of thanos,UgylXJp-mEVLjGviMip4AaABAg,2023-03-19T15:34:57Z,2023-03-19T15:34:57Z,1
6ZfuNTqbHE8,*N* *O* *S* *T* *A* *L* *G* *I* *A*,Ugz5KmR8lqZZ1auvGDt4AaABAg,2023-03-19T13:07:56Z,2023-03-19T13:07:56Z,2
6ZfuNTqbHE8,"This Thanos was different 😌 but then so was the Hulk 😐

Infinity War is class👌🏿💥",UgxyV0l0ZcPrVG1dTIp4AaABAg,2023-03-19T12:58:19Z,2023-03-19T12:58:19Z,3
6ZfuNTqbHE8,Almost 6 years yet i get goosebumps,UgyF6YgHJkeXiEYic8h4AaABAg,2023-03-19T12:55:08Z,2023-03-19T12:55:08Z,0
6ZfuNTqbHE8,cc,Ugxz19sRbmu9UCYCCnF4AaABAg,2023-03-19T04:49:05Z,2023-03-19T04:49:05Z,0
6ZfuNTqbHE8,2023 and this still gives me goosebumps,UgxC0GfvhJbKIX9OmAl4AaABAg,2023-03-18T21:57:54Z,2023-03-18T21:57:54Z,1
6ZfuNTqbHE8,"No.
No, no no no NO NOOOOO!
5 years. I can't be that old.
It can't be.",UgzmaXeejtfiuUQyrWB4AaABAg,2023-03-18T21:39:18Z,2023-03-18T21:39:18Z,1
6ZfuNTqbHE8,Remember when comic movies were some what serious and not about jokes and twitter wars i almost cried watching this again,Ugw6C9VhT-iu7uGoMgx4AaABAg,2023-03-18T21:37:55Z,2023-03-18T21:37:55Z,0
6ZfuNTqbHE8,0:31 is a epic!,UgwGvFJOEiRgKgoslKd4AaABAg,2023-03-18T18:42:36Z,2023-03-18T18:43:13Z,3
6ZfuNTqbHE8,Epic,UgyR7vWgquajJ7ms11Z4AaABAg,2023-03-18T18:27:58Z,2023-03-18T18:27:58Z,1
6ZfuNTqbHE8,"I think it would be better if the name was called 
Thanos infinity war
Because he won in this movie",Ugwp2ukiV9Pi2irlXIJ4AaABAg,2023-03-18T11:19:17Z,2023-03-18T11:19:17Z,3
6ZfuNTqbHE8,the greatest movie and the greatest trailer in cinema history❤,UgwW1xqswyO9jmXP3ad4AaABAg,2023-03-18T04:55:55Z,2023-03-18T04:55:55Z,5
6ZfuNTqbHE8,Word biggest trailer,UgxSRS7mHeyLKfYdAe94AaABAg,2023-03-17T15:36:22Z,2023-03-17T15:36:22Z,5
6ZfuNTqbHE8,I'm here today ❤,Ugwn0DBx5C6NAWmuMRZ4AaABAg,2023-03-17T13:07:08Z,2023-03-17T13:07:08Z,2
6ZfuNTqbHE8,We are missing a super villain like Thanos in MCU...,Ugw1n9NI4Xy1WQxQK6V4AaABAg,2023-03-17T12:53:04Z,2023-03-17T12:53:04Z,8
6ZfuNTqbHE8,I wish i can feel the hype of this movie in past 🥺,UgwECLFVx-rOjXH7N8R4AaABAg,2023-03-17T07:07:55Z,2023-03-17T07:08:19Z,5
6ZfuNTqbHE8,"First time you saw this trailer and Nick Fury was like ""there was an idea"" 😭😭😭",UgzT3Ca0HnpbW3dWRzx4AaABAg,2023-03-17T06:53:23Z,2023-03-17T06:53:23Z,3
6ZfuNTqbHE8,5 years 😢😢😢😢,Ugzr5wGkP-JEJ1JaioB4AaABAg,2023-03-17T06:36:12Z,2023-03-17T06:36:12Z,3
6ZfuNTqbHE8,"Goosebumps, everytime...",UgyPMR9kSm8WC3161lB4AaABAg,2023-03-17T04:34:09Z,2023-03-17T04:34:09Z,1
6ZfuNTqbHE8,This is one of the very few films whose trailer is as good as the film itself.❤,UgzE2WniK4VJolySJn94AaABAg,2023-03-17T02:55:03Z,2023-03-17T02:55:03Z,4
6ZfuNTqbHE8,EN_VIVO,Ugyup72Y2FFgVxXERaZ4AaABAg,2023-03-17T02:51:46Z,2023-03-17T02:51:46Z,1
6ZfuNTqbHE8,False advertising with the hulk tho.😂,UgxQahguIz3Gl-8PKv94AaABAg,2023-03-16T19:38:52Z,2023-03-16T19:38:52Z,0
6ZfuNTqbHE8,The best of all of the MCU movies so far. It was finally a movie where the villain WINS!,UgwT4OxSs8jgOJfes7V4AaABAg,2023-03-16T18:06:22Z,2023-03-16T18:06:22Z,1
6ZfuNTqbHE8,my favorate😍🥰,UgwuqR_l4FuWuLqJqkR4AaABAg,2023-03-16T13:40:38Z,2023-03-16T13:40:38Z,0
6ZfuNTqbHE8,2:01😂 Marvel cheated on us showing hulk😭,UgxsWD43CBPfjuo31TZ4AaABAg,2023-03-16T11:57:53Z,2023-03-16T11:57:53Z,0
6ZfuNTqbHE8,Cant believe it’s been almost 5 years since Infinity War came out. I still remember the day I saw it in theaters it was wild. 😢,Ugxy-RuFfenpP9ivvmp4AaABAg,2023-03-16T07:29:48Z,2023-03-16T07:31:59Z,10
6ZfuNTqbHE8,back when marvel actually cared about their projects rather than pumping out tons of garbage tv shows and movies to make money,UgyaFhe8rccwBukyvDV4AaABAg,2023-03-15T20:59:59Z,2023-03-15T20:59:59Z,2
6ZfuNTqbHE8,still gives me the chills,UgxabY6vDX4h0E5BAaF4AaABAg,2023-03-15T17:51:32Z,2023-03-15T17:51:32Z,3
6ZfuNTqbHE8,"I remember watching avengers infinity war back in 2018 and it was amazing 🤩
But then I started to cry on the way home because spider man died at the end of the movie 🥺",UgwBjS_Z1Tc9tXt3TwV4AaABAg,2023-03-15T15:36:32Z,2023-03-15T15:36:32Z,1
6ZfuNTqbHE8,God I miss the old days 😢,UgwxaOB-IpaxuuDpm914AaABAg,2023-03-15T15:18:50Z,2023-03-15T15:18:50Z,2
6ZfuNTqbHE8,Remember watching this for the first time at a movie theater,UgwYviLL0R7UKwN-utx4AaABAg,2023-03-15T14:08:19Z,2023-03-15T14:08:19Z,2
6ZfuNTqbHE8,I wish i had a time stone😢,UgwGtZm68ovddfhHxuB4AaABAg,2023-03-15T08:52:22Z,2023-03-15T08:52:22Z,3
6ZfuNTqbHE8,Like watching infinity war and then end game whooo Marvel never fails to surprise their audience like icant get over from this master piece,UgxVWVrHdZHuijODdDV4AaABAg,2023-03-15T06:49:08Z,2023-03-15T06:49:08Z,1
6ZfuNTqbHE8,The BGM guys the BGM specially from the intro can easily make u feel deep serious about how the situation was in the whole movie that they are struggling for fighting to save their planet even they know they wasn't prepared for such a sudden huge threat like Thanos.,UgyPNKib2S9eQz-t7Np4AaABAg,2023-03-15T06:34:23Z,2023-03-15T06:34:23Z,1
6ZfuNTqbHE8,Coollllllllll❤❤❤❤,UgwvD1wUujCE2XPIob14AaABAg,2023-03-15T00:51:20Z,2023-03-15T00:51:20Z,1
6ZfuNTqbHE8,"Привет с 2023 года, пересматриваю и всё ещё сердце щемит, охх и было же время эпичное когда весь мир ждал этот фильм 🔥❤️‍🔥🔥",UgwcR69SvJxe4TIF0Pl4AaABAg,2023-03-14T10:37:10Z,2023-03-14T10:37:10Z,4
6ZfuNTqbHE8,Марвел здорового человека,UgzSqe2kDWpj-Q2z3Bh4AaABAg,2023-03-14T09:01:05Z,2023-03-14T09:01:05Z,1
6ZfuNTqbHE8,This was the saddest trailer of all time😭😭,Ugxmzl97s4iyMkq8co14AaABAg,2023-03-13T20:10:01Z,2023-03-13T20:10:01Z,1
6ZfuNTqbHE8,So. Many. Goosebumps,UgxFsnrdEP--ObrsQ4p4AaABAg,2023-03-13T19:18:25Z,2023-03-13T19:18:25Z,2
6ZfuNTqbHE8,This still gives me goosebumps,UgyHWoCyjqiLKsZqDB54AaABAg,2023-03-13T17:24:19Z,2023-03-13T17:24:19Z,4
6ZfuNTqbHE8,When the MCU meant something 😭,Ugwsy0NCOFr8AmcKl7x4AaABAg,2023-03-13T15:52:47Z,2023-03-13T15:52:47Z,2
6ZfuNTqbHE8,Watching this trailer in 2023 😎,Ugy9TE_aQOPWm2XRFP94AaABAg,2023-03-13T11:36:34Z,2023-03-13T11:36:34Z,4
6ZfuNTqbHE8,"That last part with the Guardians still gives me the feels more than the actual scene in the movie, with a different cut.",Ugw1DldRtaVsPI9HOTt4AaABAg,2023-03-13T05:40:00Z,2023-03-13T05:40:00Z,12
6ZfuNTqbHE8,plz google help my life🇧🇩🎌🇮🇳,UgwB56RfwQQgv5HmAkV4AaABAg,2023-03-13T02:27:45Z,2023-03-13T02:27:45Z,1
6ZfuNTqbHE8,the last good trailer,UgyTNcMDt_zHKocyOSB4AaABAg,2023-03-13T01:44:54Z,2023-03-13T01:44:54Z,2
6ZfuNTqbHE8,This sounds crazy but we had to see them lose before they ultimately won,Ugw0ieyLWD_efYuNfKV4AaABAg,2023-03-12T22:47:32Z,2023-03-12T22:47:32Z,1
6ZfuNTqbHE8,"This is one of the best trailers in the world, after seeing the heroes win all the time the trailer shows them absolutely getting the life beat out of them. Epic",Ugzxzi0yVaM1VDIZINp4AaABAg,2023-03-12T18:03:28Z,2023-03-12T18:03:28Z,7
6ZfuNTqbHE8,"It's been 5 years, everything is just fabulous but I still can't figure out that why the thumbnail includes the Hulk in Wakanda 😅",Ugw5Zs-DVYzRSfvG4w94AaABAg,2023-03-12T18:02:12Z,2023-03-12T18:02:12Z,1
6ZfuNTqbHE8,This has 258 million views but 4 million likes whyy this was a beautiful movie,Ugy-SEuoVviEAP2ILW14AaABAg,2023-03-12T16:05:04Z,2023-03-12T16:05:04Z,2
6ZfuNTqbHE8,If you read this comment I can say that this was the best marvel movie every made,UgzZP3X_qXHj1pBL0e94AaABAg,2023-03-12T15:29:20Z,2023-03-12T15:29:20Z,3
6ZfuNTqbHE8,When the MCU was amazing💔😭,UgyWX-AiAi6_gXvdgdF4AaABAg,2023-03-12T15:09:21Z,2023-03-12T15:09:21Z,1
6ZfuNTqbHE8,Rip Chadwick he was a good person and a brave person he was the nicest man I've ever seen rest in peace Chadwick 😭😭😭😭😭😭😭😭😭😭😭😭😭😭😭😭😭😭😭😭,UgwuLmA3ZpZELBNP5FF4AaABAg,2023-03-12T03:35:42Z,2023-03-12T03:35:42Z,2
6ZfuNTqbHE8,12th Mar 2023 ?!,UgxvrO8zFRAofytB48V4AaABAg,2023-03-12T00:33:01Z,2023-03-12T00:33:01Z,2
6ZfuNTqbHE8,Best movie trailer ever!!!!!!!!,Ugy1NpZ9Atke66I-DL14AaABAg,2023-03-12T00:23:23Z,2023-03-12T00:23:23Z,2
6ZfuNTqbHE8,Why’d they put old hulk in that last running scene?,UgxdlmJtX_QuIRurVBt4AaABAg,2023-03-11T22:23:00Z,2023-03-11T22:23:00Z,1
6ZfuNTqbHE8,Came back today from 5 years ago omg still gives me goosebumps,Ugw8kpwyNNF3q4qyEjt4AaABAg,2023-03-11T20:02:35Z,2023-03-11T20:02:35Z,5
6ZfuNTqbHE8,260M,Ugye6nINdICxGK3bxFd4AaABAg,2023-03-11T19:46:39Z,2023-03-11T19:46:39Z,1
6ZfuNTqbHE8,"MCU, I love you",UgyZllxXw4YOQoJ9m9h4AaABAg,2023-03-11T19:43:01Z,2023-03-11T19:43:01Z,1
6ZfuNTqbHE8,This movie was 5 years ago and still come back to watch the Trailer,UgwhVjXSruQ9Qm6JIc14AaABAg,2023-03-11T17:18:26Z,2023-03-11T17:18:26Z,2
6ZfuNTqbHE8,This thing still gives me goosebumps,UgxnzGk4qbgixkzoysN4AaABAg,2023-03-11T15:34:45Z,2023-03-11T15:34:45Z,3
6ZfuNTqbHE8,Bhai fight meh toh hulk tha hi nahi hulk buster meh tha lekin yaha trailer meh hulk ko dikhaya hai yeh kya 🤔🤔🤔,UgxjLfJOcpy90g13OZ54AaABAg,2023-03-11T14:46:33Z,2023-03-11T14:46:33Z,1
6ZfuNTqbHE8,Why i am here i dont know but am leaving with a joyful smile 🫡,UgxDNn-Qhgk6sV8dB-R4AaABAg,2023-03-11T12:37:47Z,2023-03-11T12:37:47Z,1
6ZfuNTqbHE8,"Besides NWH, Shang-Chi, and Moon Knight; what the hell happened after this saga.... what went wrong...",UgyNJ8P7iO2vjRiUsVJ4AaABAg,2023-03-11T05:10:26Z,2023-03-11T05:12:06Z,2
6ZfuNTqbHE8,Fighting galactus in mcu 👍,Ugy5cAAAVKn32E2lqMl4AaABAg,2023-03-11T03:43:57Z,2023-03-11T03:43:57Z,0
6ZfuNTqbHE8,"It is so happy to see a Marvel trailer without the interference of jokes and stuff... The only reason we are still following Marvel, is only because of its old glory, and the hope that Marvel will come back to its 'original form'... 

Right folks?!",Ugyh04bKXdbHYqji52F4AaABAg,2023-03-11T02:38:54Z,2023-03-11T02:38:54Z,0
6ZfuNTqbHE8,This trailer always hits wtf,UgxLZpNNwWaV_t4Gf-Z4AaABAg,2023-03-11T00:14:52Z,2023-03-11T00:14:52Z,0
6ZfuNTqbHE8,I just realized there is a scene where Hulk is running to the battle with everyone. I wonder if that was put to throw everyone off or if they originally planned for that and changed their minds,UgzRdLSVOxKh1n87Hsx4AaABAg,2023-03-10T23:40:39Z,2023-03-10T23:40:39Z,1
6ZfuNTqbHE8,"The MCU PEAKED with the This and Endgame! ""I AM INEVITABLE."" ""AND I AM....IRON MAN!""",UgzrseBc0KaJimIMa014AaABAg,2023-03-10T21:51:25Z,2023-03-10T21:51:25Z,1
6ZfuNTqbHE8,Nunca Vamos Esquecer o Hulk Na Batalha de Wakanda Que Foi Destruido Pelo Poder do Roteiro.,UgxEWT5b0AyqrGafv6R4AaABAg,2023-03-10T21:42:23Z,2023-03-10T21:42:23Z,0
6ZfuNTqbHE8,Infinity war and endgame even after so many years gives same thrill..the hype of these movies were on different level,UgxnKpPVlV7-5_n8D194AaABAg,2023-03-10T19:23:35Z,2023-03-10T19:23:35Z,0
6ZfuNTqbHE8,"Can't believe it's been 5 years already; feels like yesterday. 
Best trailer ever!",UgyFk1M0E9CpnA2-6Vd4AaABAg,2023-03-10T16:53:51Z,2023-03-10T16:53:51Z,0
6ZfuNTqbHE8,This was truly the end of peak mcu,UgyiZf6jpUDF6jmbFPZ4AaABAg,2023-03-10T16:26:24Z,2023-03-10T16:26:24Z,2
6ZfuNTqbHE8,I am lucky enough to have fully experienced the golden age of marvel. Truly an experience to watch this movie for the first time,UgzA-gcHqa63L-1T4-t4AaABAg,2023-03-10T16:18:51Z,2023-03-10T16:18:51Z,0
6ZfuNTqbHE8,I thank God I was able to see Infinity War for the first time it came out 😭,Ugw_6YOUmcRJE46IQSt4AaABAg,2023-03-10T14:53:27Z,2023-03-10T14:53:27Z,0
6ZfuNTqbHE8,It still gives me goosebumps,UgweldtRo8sw_YFj0-54AaABAg,2023-03-10T09:53:29Z,2023-03-10T09:53:29Z,4
6ZfuNTqbHE8,1:38 .,Ugx4T1COAPN2ANyI-yV4AaABAg,2023-03-10T08:43:37Z,2023-03-10T08:43:37Z,0
6ZfuNTqbHE8,Welcome back to the comment section of this unforgettable trailer.,UgyBizrj8iGLKgLQuId4AaABAg,2023-03-10T05:43:09Z,2023-03-10T05:43:09Z,2
6ZfuNTqbHE8,Goddam the Mcu really Peaked here,UgxbF_zhdDjjXRgE7fd4AaABAg,2023-03-10T02:52:55Z,2023-03-10T02:52:55Z,2
6ZfuNTqbHE8,Wow after watching this the new MCU has nothing to top this,Ugz5n9SxoPE00Ryi9kR4AaABAg,2023-03-09T18:55:57Z,2023-03-09T18:55:57Z,2
6ZfuNTqbHE8,"I don't think the MCU will ever have as much hype and excitement as it did when Infinity War and Endgame were coming out. The MCU isn't that great anymore, I miss this era.",Ugw76cg2nfacg6jnhVF4AaABAg,2023-03-09T01:59:16Z,2023-03-09T01:59:16Z,1
6ZfuNTqbHE8,In fact this trailer was so fantastic that it creates more sensation to watch infinity war I'll still remember that feeling ❤️,Ugw6YLzFGIdwJz2fN6p4AaABAg,2023-03-08T20:27:18Z,2023-03-08T20:27:18Z,0
6ZfuNTqbHE8,Respect for marvel studios increases what a movie it was it has now been 5 years ❤️❤️,Ugyj07o6t45hljzOCSZ4AaABAg,2023-03-08T19:51:00Z,2023-03-08T19:51:00Z,0
6ZfuNTqbHE8,MCU is not the same anymore in terms of villains after Infinity War and Endgame. In my opinion Thanos will always be the top villain in MCU.,Ugz2jZTH7daNlTxhHPF4AaABAg,2023-03-08T18:34:49Z,2023-03-08T18:34:59Z,1
6ZfuNTqbHE8,This trailer will still give goosebumps even after 10 years,UgwZidbGUyb3muSSSr14AaABAg,2023-03-08T15:29:45Z,2023-03-08T15:29:45Z,2
6ZfuNTqbHE8,5 years and who else is still watching this trailer again?😁,Ugxglp8jJMa_DQjSZpB4AaABAg,2023-03-08T12:43:09Z,2023-03-08T12:43:09Z,0
6ZfuNTqbHE8,"this is the greatest movie trailer ever created, change my mind",UgwXSIXjmfzqrLNvNgV4AaABAg,2023-03-08T07:04:07Z,2023-03-08T07:04:07Z,0
6ZfuNTqbHE8,Ok this is becoming nostalgic,UgySNSKcV9lhWn5A0Wh4AaABAg,2023-03-08T06:39:02Z,2023-03-08T06:39:02Z,1
6ZfuNTqbHE8,2:00 click bait of the decade 😂😂Hulk not being Hulk in actual flim,UgxhH780l_v2X0UCsEZ4AaABAg,2023-03-07T22:53:35Z,2023-03-07T22:53:35Z,3
6ZfuNTqbHE8,you asshats deleted my heartfelt comment from around 2 weeks ago. smh. why? cuz i called you out on being woke these days?? mxm,UgyxtDUtgEyse7vfLZR4AaABAg,2023-03-07T21:02:51Z,2023-03-07T21:02:51Z,1
6ZfuNTqbHE8,Rocky BHAI 🙏,Ugzx50fZsKMvTOfJ-JR4AaABAg,2023-03-07T17:53:46Z,2023-03-07T17:53:46Z,1
6ZfuNTqbHE8,MAY 2018??????????????? HOLYYY SH*TTTTTTTT,UgwkfWDoPk6v_eDBGSh4AaABAg,2023-03-07T17:29:59Z,2023-03-07T17:29:59Z,0
6ZfuNTqbHE8,"""Fun isn't something one considers when balancing the universe.."" NEEDED TO BE IN THE MOVIE!!!!",Ugxlkw-11IZiZkfCk0F4AaABAg,2023-03-07T15:27:30Z,2023-03-07T15:27:30Z,0
6ZfuNTqbHE8,Its awesome.After 5 years it still give goosebumps,UgzoDj68jyegndYFq7h4AaABAg,2023-03-06T20:31:46Z,2023-03-06T20:31:46Z,4
6ZfuNTqbHE8,"Best trailer ever. The introduction of THANOS, his voice “in time” 🥶",Ugz7r2K3zqJBltRqR5p4AaABAg,2023-03-06T19:09:56Z,2023-03-06T19:09:56Z,1
6ZfuNTqbHE8,Kgf 26crore crossed🔥,UgyMRL06UAbBBT81dzZ4AaABAg,2023-03-06T17:19:08Z,2023-03-06T17:19:08Z,2
6ZfuNTqbHE8,5years 258M views,Ugzvpt0Z0lS4SwGPvv54AaABAg,2023-03-06T17:08:19Z,2023-03-06T17:08:19Z,0
6ZfuNTqbHE8,Missing those days🥺,UgzqSdqzaJZBbrHLhal4AaABAg,2023-03-06T17:07:55Z,2023-03-06T17:07:55Z,1
6ZfuNTqbHE8,"Oh.. Marvel my love ❤️
You peaked here!
But your greed made you fall 💔",UgyUzHwcKtsjSwRhvM14AaABAg,2023-03-06T14:13:21Z,2023-03-06T14:13:21Z,3
6ZfuNTqbHE8,Still best trailer ever,UgytYQtzyDf1CLSXpTh4AaABAg,2023-03-05T22:12:27Z,2023-03-05T22:12:27Z,2
6ZfuNTqbHE8,that hype 🔥😌,UgxDPCQ9nKUv6m3cWp14AaABAg,2023-03-05T17:52:26Z,2023-03-05T17:52:26Z,7
6ZfuNTqbHE8,can’t believe it’s been 5 years 😭 cinematic HISTORY.,UgwWueYc2VcHxQHeNzx4AaABAg,2023-03-05T14:28:16Z,2023-03-05T14:28:16Z,2
6ZfuNTqbHE8,Can Marvel Be This EPIC Again?,UgzFlYoIIDGLdUhDeNd4AaABAg,2023-03-05T13:27:11Z,2023-03-05T13:27:11Z,1
6ZfuNTqbHE8,"After 5 years i still get goosebumps, the golden era of Marvel",UgxEIOg8FIRMNVe27ut4AaABAg,2023-03-05T10:08:53Z,2023-03-05T10:08:53Z,6
6ZfuNTqbHE8,I miss the hype everyone had for this movie. I pray we get another movie series that comes close to the hype this film received and then delivers like this.,Ugw42TXRtMPpRaYMagJ4AaABAg,2023-03-05T02:23:18Z,2023-03-05T02:23:18Z,3
6ZfuNTqbHE8,5 yrs later and it’s still possibly the best movie trailer of all time,UgwcXA29KW9Mnc1awuV4AaABAg,2023-03-05T02:20:29Z,2023-03-05T02:20:29Z,1
6ZfuNTqbHE8,"Good old day 
I miss 2017-1019 
2020 -2023 rubbish",UgxlfLY_WPcZCH9JGgB4AaABAg,2023-03-04T16:01:40Z,2023-03-04T16:01:40Z,4
6ZfuNTqbHE8,I’m just here to remind y’all that Infinity War was better than Endgame.,Ugy5OjkQ_WRs0gEnUq54AaABAg,2023-03-04T11:48:37Z,2023-03-04T11:48:37Z,4
6ZfuNTqbHE8,It is heap is Vera level and next avengers scert wars double time heap was started,UgxacD5cQThqqtWhYxx4AaABAg,2023-03-04T09:52:09Z,2023-03-04T09:52:09Z,0
6ZfuNTqbHE8,Best avengers film hands down 👇,UgxnWeqz-8E32yYju6B4AaABAg,2023-03-04T09:38:28Z,2023-03-04T09:38:28Z,1
6ZfuNTqbHE8,Real live finally caught up to endgame timeline considering infinity war takes place in 2018,UgwaY2r94QE1kqN0YIJ4AaABAg,2023-03-04T02:51:17Z,2023-03-04T02:51:17Z,1
6ZfuNTqbHE8,Here I am watching the Avengers Infinity War trailer(again)....the OG Marvel finale... perfection....will never be beaten or bettered.,UgyHF-tUAf_HFEsyRjp4AaABAg,2023-03-04T01:53:48Z,2023-03-04T01:53:48Z,0
6ZfuNTqbHE8,the only mcu movie that I watched three times in theater,UgyqAuKejY6eDHlYu1x4AaABAg,2023-03-04T00:05:20Z,2023-03-04T00:05:20Z,2
6ZfuNTqbHE8,Greatest team ever🥰🤩,UgwFwyutc9aWA9oyUzl4AaABAg,2023-03-03T23:02:31Z,2023-03-03T23:02:31Z,0
6ZfuNTqbHE8,"5years, still a banger, i really get goosebumps every time 🖤🔥‼️",UgzXNaIo9vuLyW0sapN4AaABAg,2023-03-03T22:28:43Z,2023-03-03T22:28:43Z,3
6ZfuNTqbHE8,This movie was like hobbit desolation of Smaug,UgwhDlybeYv5tPLmzwB4AaABAg,2023-03-03T20:28:07Z,2023-03-03T20:28:07Z,0
6ZfuNTqbHE8,I got to watch hulk hogan v the ultimate warrior AND infinity war in the same lifetime. Jesus.,UgwyvwMf-tquOn9bI6R4AaABAg,2023-03-03T18:30:02Z,2023-03-03T18:30:02Z,1
6ZfuNTqbHE8,I watched this movie in theaters with my stepdad and my family before he died. I'll miss him so much.,Ugxd65AII0V5qxHjym14AaABAg,2023-03-03T18:30:00Z,2023-03-03T18:30:18Z,1
6ZfuNTqbHE8,The goosebumps this gives oh my god 😭😭,UgzKOu3hHDWtG-RGI1l4AaABAg,2023-03-03T17:14:35Z,2023-03-03T17:14:35Z,1
6ZfuNTqbHE8,Greatest movie in the universe,Ugw7jBo99VqqeFYIbfR4AaABAg,2023-03-03T15:19:07Z,2023-03-03T15:19:07Z,1
6ZfuNTqbHE8,It was not a movie.. But it's an experiences..,Ugx809u70xXSyH_G_ll4AaABAg,2023-03-03T13:07:12Z,2023-03-03T13:07:12Z,2
6ZfuNTqbHE8,"""BRING ME THANOS!!!!""",Ugwpa8fp0EqKvkjm3tF4AaABAg,2023-03-03T12:30:10Z,2023-03-03T12:30:10Z,3
6ZfuNTqbHE8,"2016 - 2019 was really MCU at its peak, and tbh 2019 is also where superhero movies in general peaked",Ugzjs8zP7WQrXq6kmuV4AaABAg,2023-03-03T10:47:51Z,2023-03-03T10:47:51Z,0
6ZfuNTqbHE8,"Its 2023, and this trailer still give goosebumps 🫡🫡🥹🥹🥹",UgxRpEt634myEO8-UEl4AaABAg,2023-03-03T10:16:00Z,2023-03-03T10:16:00Z,0
6ZfuNTqbHE8,I still get chills,Ugz-u9j-eCGTS2Jpqrh4AaABAg,2023-03-03T02:39:38Z,2023-03-03T02:39:38Z,1
6ZfuNTqbHE8,sadly this would be one of the last actually good marvel movies😔,UgzcOQA9IG8I7TCP4mN4AaABAg,2023-03-03T01:53:58Z,2023-03-03T01:53:58Z,1
6ZfuNTqbHE8,Still the best,UgxCRKl6rPc5vooAhSN4AaABAg,2023-03-02T23:48:48Z,2023-03-02T23:48:48Z,0
6ZfuNTqbHE8,They really sneaked Hulk in the trailer 😂,UgyWwmbiECwF6DtI1Zp4AaABAg,2023-03-02T16:04:28Z,2023-03-02T16:04:28Z,0
6ZfuNTqbHE8,Iam cox we are,UgyM8O6DVpMDBzUSFIx4AaABAg,2023-03-02T15:12:09Z,2023-03-02T15:12:09Z,0
6ZfuNTqbHE8,Almost 5 years…,UgyHbSpvx0Y-XMNOm_d4AaABAg,2023-03-02T14:37:12Z,2023-03-02T14:37:12Z,0
6ZfuNTqbHE8,"Even after 5 years, I'm still getting goosebumps like I did when I was watching this masterpiece of a trailer for the first time.",Ugwf4AEjbBjT1tGrCMF4AaABAg,2023-03-02T10:49:04Z,2023-03-02T10:49:04Z,18
6ZfuNTqbHE8,OMG I'm here again to cry again,Ugw71rkuoaYgt7LlGDF4AaABAg,2023-03-02T09:23:29Z,2023-03-02T09:23:29Z,0
6ZfuNTqbHE8,5 years have passed by but I still haven't forgotten how they fooled us with the Hulk.,UgyWyM1nIa2vtwSlxWh4AaABAg,2023-03-02T06:31:12Z,2023-03-02T06:31:12Z,0
6ZfuNTqbHE8,Guys remind me to watch this MASTERPIECE AGAIN in 1 week,UgzWpVcnUFwjG5rNmDN4AaABAg,2023-03-02T05:33:42Z,2023-03-02T05:33:42Z,0
6ZfuNTqbHE8,Come back when Kang Dynasty and Secret Wars starts happening.,UgzI24uBOoqXoX07nTl4AaABAg,2023-03-02T03:58:20Z,2023-03-02T03:58:20Z,0
6ZfuNTqbHE8,"After these couple of years, it’s still the best MCU trailer and movie!",UgyereD3rSftSSL2qOR4AaABAg,2023-03-02T00:41:07Z,2023-03-02T00:41:07Z,0
6ZfuNTqbHE8,INFINITY WAR TRAILER HAS MORE VIEWS THAN END GAME ???? WHY HOW WHAT,Ugw3ac951wfteXBcxY54AaABAg,2023-03-01T22:02:41Z,2023-03-01T22:02:41Z,0
6ZfuNTqbHE8,I know every word of this trailer,UgyUG3m49NJJ4BPtLzp4AaABAg,2023-03-01T22:00:44Z,2023-03-01T22:00:44Z,3
6ZfuNTqbHE8,My very first IMAX movie and boy it was worth every penny. Peak Marvel film.,UgzaxHH3IUrUyuUefR94AaABAg,2023-03-01T18:42:04Z,2023-03-01T18:42:04Z,2
6ZfuNTqbHE8,The feeling of waiting for the trailer to drop and watching it for the first time.. I'm still looking for another experience like that,UgwCCTOTnL3tCLeK9pJ4AaABAg,2023-03-01T18:11:34Z,2023-03-01T18:11:34Z,0
6ZfuNTqbHE8,1:07,UgxFxpVTMvYTkakL-Ih4AaABAg,2023-03-01T15:05:16Z,2023-03-01T15:05:16Z,1
6ZfuNTqbHE8,Thanos can't open his mouth without saying a iconic line,Ugzv9KF5pRfMDYJCZSx4AaABAg,2023-03-01T15:03:27Z,2023-03-01T15:03:27Z,3
6ZfuNTqbHE8,Still gives goosebumps...❤️⚡,UgwqHW25e_yCGG25TjR4AaABAg,2023-03-01T14:49:05Z,2023-03-01T14:49:11Z,4
6ZfuNTqbHE8,"2:00

Biggest lie in trailer history.
Hulk was never seen in the battle of Wakanda.",UgxSV20-MdF8JbO3-Sd4AaABAg,2023-03-01T09:01:08Z,2023-03-01T09:01:08Z,2
6ZfuNTqbHE8,Kya behtarin movie hai Maine sari movie dekhi hai Avenger ki Thor aur Aryan mein Meri favourite hi Nahin Dil Chhu liya,Ugyfnch0x_-F0ESu5IB4AaABAg,2023-03-01T06:34:03Z,2023-03-01T06:34:03Z,0
6ZfuNTqbHE8,After Kgf2 teaser please like,Ugx68yeC_0US1JL5MoV4AaABAg,2023-03-01T05:33:45Z,2023-03-01T05:33:45Z,0
6ZfuNTqbHE8,Cuando el UCM se hacia respetar....,UgySPg82SYGADAa3h1p4AaABAg,2023-03-01T03:47:50Z,2023-03-01T03:47:50Z,0
6ZfuNTqbHE8,To know that this was one of the most hyped up movies in all of timw,UgwgmPqrgo9UAd7b2ZB4AaABAg,2023-03-01T03:16:54Z,2023-03-01T03:16:54Z,1
6ZfuNTqbHE8,I want to go back in time and experience this again for the first time,UgxBIxCEYuDb3t4jueh4AaABAg,2023-02-28T21:31:13Z,2023-02-28T21:31:13Z,2
6ZfuNTqbHE8,I always come back🥹,Ugx8O83WqaisL-nOjpB4AaABAg,2023-02-28T16:18:31Z,2023-02-28T16:18:31Z,1
6ZfuNTqbHE8,Wow 😮😮😮😮,UgylJJMmk4NHKN7cUzV4AaABAg,2023-02-28T15:37:49Z,2023-02-28T15:37:49Z,1
6ZfuNTqbHE8,Actually This was the movie I contributed 10 fans to Marvel. I actually saw this in theatres with my 2 brothers with no interest in the movies but they were so amazed after watching. Later 2 years after we saw even endgame together. But this time they had seen entire Marvel movies till infinity war.,Ugxx0MXctxXYGU0TnhV4AaABAg,2023-02-28T14:06:11Z,2023-02-28T14:06:11Z,1
6ZfuNTqbHE8,Bruh the feeling i still get when watching this,UgyiVvUo9NvJ7tU9Cjh4AaABAg,2023-02-28T13:30:28Z,2023-02-28T13:30:28Z,0
6ZfuNTqbHE8,W,UgxIP2b958EsGOCRSAh4AaABAg,2023-02-28T10:33:55Z,2023-02-28T10:33:55Z,0
6ZfuNTqbHE8,Watch this compared to the antman 3 trailer 😂😂,UgyW207vUXTsijLzm6d4AaABAg,2023-02-28T07:38:05Z,2023-02-28T07:38:05Z,2
6ZfuNTqbHE8,2023 to remember...,Ugzr-85g87Eidn6S9Ad4AaABAg,2023-02-28T04:36:20Z,2023-02-28T04:36:20Z,4
6ZfuNTqbHE8,Quien vea esto eres chido,UgwRqYXfLH51kodKkoZ4AaABAg,2023-02-28T03:09:48Z,2023-02-28T03:09:48Z,1
6ZfuNTqbHE8,Tearing Up. It Was Incredible.,Ugxx8o-LDGinZGtr2m94AaABAg,2023-02-28T02:45:36Z,2023-02-28T02:45:36Z,0
6ZfuNTqbHE8,I remember when I was in 2nd grade everyone would be saying “im gonna see infinity war this weekend” now im in 7th grade. time flies,UgwHuAhTkbjp-nYhbmt4AaABAg,2023-02-28T02:42:51Z,2023-02-28T02:42:51Z,7
6ZfuNTqbHE8,That trailer music is literally what keeps people coming back to this. The way the music builds into the big finale with the title screen at the end literally gives me goosebumps every single time.  Its such an epic piece of music with the perfect arrangement and the perfect video edit.  Masterpiece,UgwwGxuZGRFcnDX_90x4AaABAg,2023-02-28T01:04:50Z,2023-02-28T01:04:50Z,28
6ZfuNTqbHE8,I miss the old Marvel movies,Ugx9Fzb2pN1-ZTXEGAV4AaABAg,2023-02-28T00:25:41Z,2023-02-28T00:25:41Z,2
6ZfuNTqbHE8,"yeah, probs the best marvel movie ever",UgypWo7hnLR_xGDUdLl4AaABAg,2023-02-28T00:23:26Z,2023-02-28T00:23:26Z,0
6ZfuNTqbHE8,Still gives me chills,UgyY1IfdXHN7VCzNaxl4AaABAg,2023-02-27T20:55:41Z,2023-02-27T20:55:41Z,0
6ZfuNTqbHE8,This trailer is 100 times better then what marvel makes these days. Hope we can reach this level again one day.,UgyF8sjQU-xQJO-xVIN4AaABAg,2023-02-27T17:24:53Z,2023-02-27T17:24:53Z,6
6ZfuNTqbHE8,"20 years from now, I would be telling  about this masterpiece to my sons that I was lucky to born in that generation where I witnessed mcu 🙂😊...",UgyY_f2xpSU7YzuWJK94AaABAg,2023-02-27T16:28:37Z,2023-02-27T16:28:37Z,1
6ZfuNTqbHE8,Only took a few years to watch 😂 but my god what a film! Amazing!,UgyRWRAvU3VnRRenCh14AaABAg,2023-02-27T08:55:29Z,2023-02-27T08:55:29Z,0
6ZfuNTqbHE8,Honestly I was waiting for tom Holland,Ugxycu4n8cJSL4W8jRl4AaABAg,2023-02-27T07:43:59Z,2023-02-27T07:43:59Z,0
6ZfuNTqbHE8,No offense but infinity war was thrice the awesome movie than Endgame,UgxIAnjyXW1gYi_Tlo94AaABAg,2023-02-27T06:03:31Z,2023-02-27T06:03:31Z,5
6ZfuNTqbHE8,This Trailer Still gives me Chills . MCU Peaked here,Ugz65YSLLGFbQQugXW94AaABAg,2023-02-27T03:33:31Z,2023-02-27T03:33:31Z,3
6ZfuNTqbHE8,bro half a decade later. how.,UgwMMNa_E7nuaY2xLQ94AaABAg,2023-02-27T02:14:39Z,2023-02-27T02:14:39Z,2
6ZfuNTqbHE8,Kangs Dynasty definitely has some big shoes to fill. Sadly I don’t think any other avengers film will outdo Infinity War and Josh Brolin’s Thanos. Ask anyone to name something that describes Marvel’s perfection & the answer is Infinity War.,Ugz6d32fE6d-zWVdxyR4AaABAg,2023-02-27T01:31:01Z,2023-02-27T01:31:01Z,4
6ZfuNTqbHE8,5 years later,UgxaEZ3EublYgYAVFfp4AaABAg,2023-02-27T00:41:29Z,2023-02-27T00:41:29Z,0
6ZfuNTqbHE8,Hulk Kahan hai 🤣🤣,Ugz4uI9Tr54JZ69p1kF4AaABAg,2023-02-26T10:30:12Z,2023-02-26T10:30:12Z,0
6ZfuNTqbHE8,I think this is the Best hyped (legendary) movie because there is only villain win✅,UgzY5EsvWWCz7YtJ7Kd4AaABAg,2023-02-26T09:36:37Z,2023-02-26T09:36:37Z,1
6ZfuNTqbHE8,When I watched this for the first time I hated the movie but seeing this again omg this is the best marvel movie I've ever watched,UgyIsXYB2OUlXPKLAvN4AaABAg,2023-02-26T08:08:50Z,2023-02-26T08:08:50Z,2
6ZfuNTqbHE8,"Lemme guess, you searched for this",Ugw9u8pu-1nxK2W6BRp4AaABAg,2023-02-26T07:15:03Z,2023-02-26T07:15:03Z,1
6ZfuNTqbHE8,"Wow, what a trailer, I can’t wait to see this movie in theaters soon!!!",Ugwo2ACfw8KW-IvoUyZ4AaABAg,2023-02-26T06:37:46Z,2023-02-26T06:37:46Z,1
6ZfuNTqbHE8,"I come back to this video for the thanos portal entrance, I get chills every TIME!",UgzqJlNS7eDKOT0hfbt4AaABAg,2023-02-26T06:10:34Z,2023-02-26T06:10:34Z,1
6ZfuNTqbHE8,This was the pinnacle.,UgxJ8qWINby4w-aikSJ4AaABAg,2023-02-26T05:17:41Z,2023-02-26T05:17:41Z,1
6ZfuNTqbHE8,Seeing hulk in the trailer is the biggest lie Marvel ever told us 😞,UgwaIaJDYSkaILiClK14AaABAg,2023-02-26T05:16:16Z,2023-02-26T05:16:16Z,0
6ZfuNTqbHE8,"At 01:27 ""Hello There!""",UgxvCcpLKUIAwQaKwKJ4AaABAg,2023-02-26T03:44:29Z,2023-02-26T03:44:29Z,0
6ZfuNTqbHE8,To this day this is still the hypest a movie has been in the MCU,Ugxofv2ih7rvwMS1-Nx4AaABAg,2023-02-26T00:52:20Z,2023-02-26T00:52:20Z,1
6ZfuNTqbHE8,Fun fact: You’re confused as to why you got this trailer for a movie that’s five years old in your recommendations,Ugw_ugAGmVjSdUq17Eh4AaABAg,2023-02-25T23:28:48Z,2023-02-25T23:28:48Z,1
6ZfuNTqbHE8,26/2/2023,Ugxgp9xOkvLvkiJZ3-B4AaABAg,2023-02-25T23:04:31Z,2023-02-25T23:04:31Z,0
6ZfuNTqbHE8,What if Thanos got replaced by Kylo Ren?,UgwPSUOVHq-0fqyjJox4AaABAg,2023-02-25T20:44:32Z,2023-02-25T20:44:32Z,0
6ZfuNTqbHE8,Man they have made legandry trailer that everone are coming here to watch this master piece again and again day be day hats off marvel you made legendary trailer in the world i hope we get that feeling in Kang Dynasty and Secret Wars Part 1 and 2,UgwxWp2ObygYSZN5Fj94AaABAg,2023-02-25T20:39:43Z,2023-02-25T20:39:43Z,0
6ZfuNTqbHE8,Rip an respect bosman sir love u miss u,UgyUKNqbyNa-1LzG1b94AaABAg,2023-02-25T17:31:55Z,2023-02-25T17:31:55Z,1
6ZfuNTqbHE8,Man the impact this had on our generation is crazy I remember my teacher expelled this kid who faked spoiled the movie 😂,UgyIKuueLDQsqeZSg2F4AaABAg,2023-02-25T14:42:42Z,2023-02-25T14:42:42Z,2
6ZfuNTqbHE8,"The only way secret wars could top this movie is by bringing Tobey Maguire, RDJ,Hugh Jackman , Andrew Garfield, Chris Evans and John Krasinski",UgygFh8dutUgvD7gdQp4AaABAg,2023-02-25T13:59:00Z,2023-02-25T13:59:00Z,0
6ZfuNTqbHE8,Me after seeing the MCU's downfall after Avengers infinity war and endgame : look how they massacred my boy 😢,UgzRSdMiXuKf09XjB0V4AaABAg,2023-02-25T09:38:20Z,2023-02-25T09:38:20Z,2
6ZfuNTqbHE8,“Fun isn’t something one considers the balancing the universe” Why did he have to die😭,Ugzlrm8TFqTtZwfSrYB4AaABAg,2023-02-25T07:50:58Z,2023-02-25T07:50:58Z,1
6ZfuNTqbHE8,Missing this exitiment,Ugz6pPKMVe1Tb8MibjZ4AaABAg,2023-02-25T07:27:09Z,2023-02-25T07:27:09Z,0
6ZfuNTqbHE8,it’s 2023 still give me goosebumps while watching this trailet🔥😮‍💨,UgxfQf2aYrMVm-4yBk14AaABAg,2023-02-25T06:22:06Z,2023-02-25T06:22:06Z,0
6ZfuNTqbHE8,"This movie trailer still gives me tears and goosebumps, what a time to live...",UgxUQHYY_djEFhA_G7R4AaABAg,2023-02-25T04:41:14Z,2023-02-25T04:41:14Z,14
6ZfuNTqbHE8,Goosebumps after 5 years,Ugw9DGAlVNPGSnCn83J4AaABAg,2023-02-25T04:27:53Z,2023-02-25T04:27:53Z,0
6ZfuNTqbHE8,Ahh good old times 😞,UgxxtKsnMidDKPJLnoh4AaABAg,2023-02-25T04:10:47Z,2023-02-25T04:10:47Z,1
6ZfuNTqbHE8,1:37 the balancing the universe quote,UgwlYYv2tU1sqfjxPip4AaABAg,2023-02-25T01:51:30Z,2023-02-25T01:51:30Z,0
6ZfuNTqbHE8,How the Mighty have fallen.,UgzHMPDF_ckz3MmFXQB4AaABAg,2023-02-24T22:44:49Z,2023-02-24T22:44:49Z,0
6ZfuNTqbHE8,"I still get goosebumps when Thor says ""Who the hell are you guy's""? Then you see the Guardian's of the Galaxy for the first time on the big screen meeting the Avengers",UgxPwzpAoNP2Re2XoYB4AaABAg,2023-02-24T21:25:28Z,2023-02-24T21:25:28Z,2
6ZfuNTqbHE8,Kgf beats ur record 🔥,UgxlswKFxK6ywkqWV1l4AaABAg,2023-02-24T17:46:15Z,2023-02-24T17:46:15Z,0
6ZfuNTqbHE8,"Can they release again in theatres ,please I want to go again😢😢",UgyZl7u6zpfrCxWUZa54AaABAg,2023-02-24T11:55:26Z,2023-02-24T11:55:26Z,2
6ZfuNTqbHE8,"It's gonna be an extremely difficult task for Kang Dynasty and Secret Wars to top the magic of Infinity War and Endgame. And looking at Marvel current condition, gotta manage our hopes",Ugx7632iPJDuVx3RP_x4AaABAg,2023-02-24T10:42:12Z,2023-02-24T10:42:12Z,0
6ZfuNTqbHE8,the beginning of the end of marvel,UgwB6qpgdsjaqPUUqQN4AaABAg,2023-02-23T23:43:13Z,2023-02-23T23:43:13Z,0
6ZfuNTqbHE8,Always come back here after every marvelous FAILURE.....,UgxTEeV--gmuxCuoGSR4AaABAg,2023-02-23T23:03:25Z,2023-02-23T23:03:25Z,1
6ZfuNTqbHE8,This trailer is better than she hulk..... change my mind,Ugyc1EatrAoAxVo5Svx4AaABAg,2023-02-23T20:28:55Z,2023-02-23T20:28:55Z,0
6ZfuNTqbHE8,🔥🔥🔥,UgwaOGB6h6eisOezXkF4AaABAg,2023-02-23T16:07:44Z,2023-02-23T16:07:44Z,1
6ZfuNTqbHE8,U have to agree this is one of the best mcu trailers ever made 🔥,Ugw_Lhkb1sfx2zjV7Et4AaABAg,2023-02-23T13:46:04Z,2023-02-23T13:46:04Z,4
6ZfuNTqbHE8,As the years pass the more this becomes legendary,Ugy-PShVcsqJoCvlZn54AaABAg,2023-02-23T12:14:12Z,2023-02-23T12:14:12Z,2
6ZfuNTqbHE8,MCU doesnt create the same magic anymore,UgwomtGrKedmAuvrFql4AaABAg,2023-02-23T11:15:57Z,2023-02-23T11:15:57Z,3
6ZfuNTqbHE8,"""That they never could..""",Ugw83YeTCnDdWLiFJNt4AaABAg,2023-02-23T11:07:34Z,2023-02-23T11:07:34Z,0
6ZfuNTqbHE8,"This remains the best trailer in the history of movies. Well done, marvel.",UgwGHlGDkv_aop0sC3d4AaABAg,2023-02-23T06:04:23Z,2023-02-23T06:04:23Z,15
6ZfuNTqbHE8,Its been 5 years and I still come here once in a while to relive thos amazing memories I had when this trailer came out...the best MCU movie...this trailer still gives me goosebumps.....a feeling that I cant express in words.,Ugz44619FR5Asi2CFDp4AaABAg,2023-02-22T19:18:54Z,2023-02-22T19:21:20Z,40
6ZfuNTqbHE8,"This trailer is so masterfully made... Hits all the right notes...

Only other Disney trailer to come close is force awakens",UgzDOIWcbLsoozXzzf94AaABAg,2023-02-22T14:42:10Z,2023-02-22T14:42:10Z,2
6ZfuNTqbHE8,WE STILL COME BACK TO THIS MASTERPIECE,UgwCs0FitAlHn0K0nzZ4AaABAg,2023-02-22T13:40:23Z,2023-02-22T13:40:44Z,2
6ZfuNTqbHE8,My first Hollywood movies was infinity war now i am totally waching Hollywood movies,UgyhAKRtaWj4U0oSJV14AaABAg,2023-02-22T06:24:42Z,2023-02-24T15:36:07Z,3
6ZfuNTqbHE8,I miss this hype so much,UgyAnoKnyvMnQQaP6CB4AaABAg,2023-02-22T03:33:00Z,2023-02-22T03:33:00Z,7
6ZfuNTqbHE8,2023 and Trailer still hits the same every time,UgycEksZgKqkw1T2yVx4AaABAg,2023-02-22T01:51:15Z,2023-02-22T01:51:15Z,2
6ZfuNTqbHE8,We are still coming back here . We are true legends in 2023,UgzA1HPq8LdTZ7smQXB4AaABAg,2023-02-21T22:59:52Z,2023-02-21T22:59:52Z,2
6ZfuNTqbHE8,"I love how the Guardians are revealed at the end of this trailer. When the trailer for Secret Wars comes, they should do something similar. Since Tobey Maguire and Andrew Garfield are rumored to return in Secret Wars, they should be shown at the end of the trailer. Even show Fox's X-Men appear like that.",UgxIHVffhU60_V9XGad4AaABAg,2023-02-21T22:03:20Z,2023-05-05T20:50:13Z,1
6ZfuNTqbHE8,Back when Marvel/Disney knew what we wanted to see...miss these days badly,UgxrPAWxgXu9ldM1kBF4AaABAg,2023-02-21T20:38:33Z,2023-02-21T20:38:33Z,10
6ZfuNTqbHE8,Thor: Infinity War,Ugx91Ou4-PjIJ-huLs94AaABAg,2023-02-21T18:48:46Z,2023-02-21T18:48:46Z,1
6ZfuNTqbHE8,The thumbnail never happened actually 😢,UgwOjGnUrO1npUME1Z94AaABAg,2023-02-21T18:37:09Z,2023-02-21T18:37:09Z,2
6ZfuNTqbHE8,0:29,UgwA__Hbr6oeaL5JXzV4AaABAg,2023-02-21T14:41:38Z,2023-02-21T14:41:38Z,1
6ZfuNTqbHE8,Also the fact that thanos cant open his mouth without saying something iconic..,UgyyLQg3jHJO0hsyFbR4AaABAg,2023-02-21T14:25:13Z,2023-02-21T14:25:13Z,3
6ZfuNTqbHE8,"Every time now Marvels fails with its stupid and weird new ""heroes"" I just go back and watch this trailer man ... gives me chills every single time.",UgxwEQE1VJuLL5HECaF4AaABAg,2023-02-21T14:16:03Z,2023-02-21T14:16:03Z,0
6ZfuNTqbHE8,La mejor pelicula que existio de marvel,UgxezqgbuKOQxzyG1XR4AaABAg,2023-02-21T09:31:56Z,2023-02-21T09:31:56Z,0
6ZfuNTqbHE8,"Should have just ended after Endgame, Marvel was never going to be the same",UgybhudyjGTd0iawI5N4AaABAg,2023-02-21T07:45:43Z,2023-02-21T07:45:43Z,1
6ZfuNTqbHE8,How was this 5 years ago?,Ugw9urBHjeYm1ENl91x4AaABAg,2023-02-21T04:27:04Z,2023-02-21T04:27:04Z,0
6ZfuNTqbHE8,Man the mcu really fell off,UgyXoPFw6fQn9Qk61Np4AaABAg,2023-02-20T23:31:28Z,2023-02-20T23:32:33Z,2
6ZfuNTqbHE8,If you see this comment. Please drop your story of how you reacted when you found out Thanos won down below! For the memories. ♡,UgxnQi3kFV293KCsfTZ4AaABAg,2023-02-20T18:36:58Z,2023-02-20T18:36:58Z,2
6ZfuNTqbHE8,Ah yes the golden age of MCU 😌,Ugx7jEsy5oKIaFNHTDh4AaABAg,2023-02-20T17:11:10Z,2023-02-20T17:11:10Z,504
6ZfuNTqbHE8,Better than kang,Ugx_uibE_6pW8ZSmZax4AaABAg,2023-02-20T15:39:54Z,2023-02-20T15:39:54Z,2
6ZfuNTqbHE8,still here,UgyyMsPlJOAts4K6V4t4AaABAg,2023-02-20T12:20:18Z,2023-02-20T12:20:18Z,3
6ZfuNTqbHE8,2 0 2 3,UgzH7_BtZy7Zay_fQT14AaABAg,2023-02-20T11:46:28Z,2023-02-20T11:46:28Z,4
6ZfuNTqbHE8,Oh god the best trailer ever..🙌🙌🙌I hope Marvel can create same anticipation for Kang dynasty and secret wars like they did for the Infinity War and endgame..❤️and one more thing no matter how many ups or downs Marvel faces during phase 5 I am gonna be always true marvel fan and make my kids marvel fan too..🤣🤣❤️❤️,UgwBc_BSiKWLjDwH8Xt4AaABAg,2023-02-20T11:37:52Z,2023-02-20T11:37:52Z,1
6ZfuNTqbHE8,Still one of the greatest trailers ever made,UgxAvpOf8JJnsUsyoPF4AaABAg,2023-02-20T08:26:22Z,2023-02-20T08:26:22Z,4
6ZfuNTqbHE8,I still remember when I got the notification when this trailer dropped my heart was pounding so fast with excitement.,UgwGmze_bcKT_PfUa5J4AaABAg,2023-02-20T07:24:22Z,2023-02-20T07:24:22Z,5
6ZfuNTqbHE8,Hands down the best trailer of any movie,UgyFrTZkWwkPJAVzV7d4AaABAg,2023-02-20T07:10:54Z,2023-02-20T07:10:54Z,2
6ZfuNTqbHE8,Watching infinity war trailer even after 4yrs of release!! 😫🛐✨,Ugyz3rl17CV96zZzPmR4AaABAg,2023-02-20T03:59:42Z,2023-02-20T03:59:42Z,1
6ZfuNTqbHE8,I swear.. this trailer nor this movie will EVER get old. I still remember all the hype surrounding Infinity War. f*ckin awesome!!,UgwtnLZlJiO3XZi8rTJ4AaABAg,2023-02-20T03:00:33Z,2023-02-20T03:00:33Z,5
6ZfuNTqbHE8,Iam back here hoping Marvel can remember.,Ugx8gPF9ZjAsSHftDAV4AaABAg,2023-02-19T21:30:05Z,2023-02-19T21:30:05Z,0
6ZfuNTqbHE8,"Best movie in history, no arguing.",UgzD99PgrD-JGGaLluh4AaABAg,2023-02-19T17:55:55Z,2023-02-19T17:55:55Z,2
6ZfuNTqbHE8,The classic intro tho👌,UgzFX-h58LQ3L4QidB14AaABAg,2023-02-19T17:02:36Z,2023-02-19T17:02:36Z,1
6ZfuNTqbHE8,This trailer was exactly what it promised to offer a great fkin masterpiece,Ugy8GjtrgzWa2NLPE8l4AaABAg,2023-02-19T15:42:23Z,2023-02-19T15:42:23Z,0
6ZfuNTqbHE8,The hype for infinity war was just unreal,Ugy3NB7J83rcRMoxljF4AaABAg,2023-02-19T12:37:37Z,2023-02-19T12:37:37Z,0
6ZfuNTqbHE8,Who’s here after watching quantumania?,UgxIyDug9wLr_L6cteh4AaABAg,2023-02-19T09:02:33Z,2023-02-19T09:02:33Z,5
6ZfuNTqbHE8,Top 3 Marvel Movie imo,UgypsPEAsfy80mWlGWd4AaABAg,2023-02-19T07:08:23Z,2023-02-19T07:08:23Z,0
6ZfuNTqbHE8,Best Marvel Trailer ❤️,UgyADZwk7mxFFd0mpkN4AaABAg,2023-02-19T04:27:05Z,2023-02-19T04:27:05Z,1
6ZfuNTqbHE8,Cause' this is The Greatest Trailer of All Marvel Avengers' Movies,UgyZ7Yi95-l7NWeuX_94AaABAg,2023-02-19T00:19:31Z,2023-02-19T00:19:31Z,1
6ZfuNTqbHE8,Endgame was where the MCU truly ended. You cannot tell me otherwise,UgwT0Cwz_ltr7o23j8x4AaABAg,2023-02-19T00:17:38Z,2023-02-19T00:17:38Z,4
6ZfuNTqbHE8,This was the only Marvel Film in which I shed a tear.,UgzUORKGB2Ecf7_tsld4AaABAg,2023-02-18T22:08:58Z,2023-02-18T22:08:58Z,7
6ZfuNTqbHE8,I came back here to reassure myself that I wasn't just growing out of liking marvel.,UgzVV9N5ICwbMBWTtTN4AaABAg,2023-02-18T22:00:18Z,2023-02-18T22:00:18Z,2
6ZfuNTqbHE8,I remember the absolute devastation felt by the entire theater during this movie.,Ugzrc6B8GHe5NfvBYT14AaABAg,2023-02-18T21:05:18Z,2023-02-18T21:05:18Z,2
6ZfuNTqbHE8,Still here😩,UgwzCKqrBZ6MevMJAJp4AaABAg,2023-02-18T20:01:41Z,2023-02-18T20:01:41Z,2
6ZfuNTqbHE8,🔥🔥🔥,UgwsduH100Id8Bnrq114AaABAg,2023-02-18T18:39:47Z,2023-02-18T18:39:47Z,4
6ZfuNTqbHE8,"1:59 okay like why did we not notice hulk in background in the trailer when he was fighting in wakanda in hulkbuster suit, its kinda late but no one noticed it due to the pre-infinity war hype ig",Ugw-JmavoCY4Vj7Gc-J4AaABAg,2023-02-18T15:07:00Z,2023-02-18T15:07:00Z,1
6ZfuNTqbHE8,"Man, the feeling of seeing all of these characters together for the first time in these trailers was genuinely insane. Even the end of the trailer where we see the Guardians of the Galaxy interacting with an Avenger for the first time felt so huge. I miss the feeling of the Infinity Saga movies. The multiverse saga just has not had anything close to this level of epicness",UgzR9ruuyHBWa8L0VwV4AaABAg,2023-02-18T14:54:23Z,2023-02-18T14:57:35Z,0
6ZfuNTqbHE8,Dread it run from it Destiny still arrives.,Ugyr_nJCx24rNE4ll_h4AaABAg,2023-02-18T14:30:19Z,2023-02-18T14:30:19Z,2
6ZfuNTqbHE8,How many of you watch this in 2023,Ugyaq-9yVlwcU60zX2t4AaABAg,2023-02-18T09:06:53Z,2023-02-18T09:06:53Z,2
6ZfuNTqbHE8,Who is from 2023 watching this,Ugz5tjLbg9PpJF_ZV9Z4AaABAg,2023-02-18T03:23:31Z,2023-02-18T03:23:31Z,4
6ZfuNTqbHE8,"And now comes KANG!!! 
😁😁😁😁😁 I’m so hyped for Kang’s Dynasty !!!!",Ugye1JYf9ECbJtDynnh4AaABAg,2023-02-18T00:08:43Z,2023-02-18T00:08:43Z,2
6ZfuNTqbHE8,I love the movie but had a sad ending 😥,Ugx7newNxYjYm4-urCp4AaABAg,2023-02-17T23:30:48Z,2023-02-17T23:30:48Z,2
6ZfuNTqbHE8,"I love DC/Marvel but

What would it be like if ZSJL was Release back in 2017
DC & Marvel woulda had Awesome Successful Movies.",UgyFKaEfICRPx0qZ9f14AaABAg,2023-02-17T23:22:10Z,2023-02-17T23:22:10Z,1
6ZfuNTqbHE8,I remember it  i was at school showing this masterpiece to my friends this is unbelievable avengers iw is becoming a nostalgic movie time is flying,UgykXBBIKdSeRv21wVV4AaABAg,2023-02-17T15:58:23Z,2023-02-17T15:58:23Z,2
6ZfuNTqbHE8,I’ll do anything to rewatch this the first time and experience normality before COVID.,UgwmOmOY3WoWoCSqJNR4AaABAg,2023-02-17T15:42:39Z,2023-02-17T15:42:39Z,3
6ZfuNTqbHE8,2023 is still getting hyped,Ugy0edlQu9LuLUxMKEh4AaABAg,2023-02-17T10:51:32Z,2023-02-17T10:51:32Z,1
6ZfuNTqbHE8,The hype of this movie was above from everything. Greatest of all time.,UgywG2OyHt4SNyy9ZWV4AaABAg,2023-02-17T09:54:51Z,2023-02-17T09:55:10Z,0
6ZfuNTqbHE8,This is my first time watching the trailer lol and I hate how they had hulk running with them in  Wakanda but he wasn’t there in the movie💔 pain lol,Ugw4sY7QK5lDrzq2c1d4AaABAg,2023-02-16T18:58:49Z,2023-02-16T18:58:49Z,0
6ZfuNTqbHE8,"My favorite movie from Marvel... It´s a masterpiece, that premiere day will never be forgotten, watched it 3 times on the big screen (Im a DC hardcore fan). But, this moment on the trailer was a great lie, they really cheated us putting Hulk on the trailer: 2:00",UgwmIf24VdCVIr2a_i14AaABAg,2023-02-16T15:12:27Z,2023-02-16T18:28:14Z,2
6ZfuNTqbHE8,I just want to hear the Avengers theme song again. Hope Kang Dynasty and Secret Wars delivers these kinds of chills!!,UgzdQsjgLI6rHTzdvsN4AaABAg,2023-02-16T12:39:15Z,2023-02-16T12:39:15Z,0
6ZfuNTqbHE8,How many are still watching in 2023😍,UgwMDk-40XI1No03Cc94AaABAg,2023-02-16T11:04:52Z,2023-02-16T11:04:52Z,2
6ZfuNTqbHE8,"""In time, YOU WILL KNOW WHAT IT IS LIKE TO LOSE""
That's wicked.",Ugx8fgAuGGdRTx910F54AaABAg,2023-02-16T10:31:07Z,2023-02-16T10:31:07Z,2
6ZfuNTqbHE8,Pinnacle of Cinema,Ugwrs3y74Wfa5HlSA4F4AaABAg,2023-02-16T10:06:52Z,2023-02-16T10:06:52Z,0
6ZfuNTqbHE8,This trailer is the best out there for any movie!,Ugx96zyMt9HHNPWJSZN4AaABAg,2023-02-16T10:06:34Z,2023-02-16T10:06:34Z,0
6ZfuNTqbHE8,5 years later and I still have every word memorized,UgwtOeODtjspR34cHGR4AaABAg,2023-02-16T10:03:56Z,2023-02-16T10:03:56Z,0
6ZfuNTqbHE8,It's been 5 years now and here I am still watching this and still getting the goosebumps!!!,UgyLK3daFGWCkeLnnMV4AaABAg,2023-02-16T08:21:35Z,2023-02-16T08:21:35Z,0
6ZfuNTqbHE8,This trailer never gets old......,UgzbfZ0_oAfBXik2mUR4AaABAg,2023-02-15T17:08:22Z,2023-02-15T17:08:22Z,1
6ZfuNTqbHE8,5 years to this masterpiece and this still give me goosebumps!!,UgxNGVA67osLylW0Cpl4AaABAg,2023-02-15T10:55:20Z,2023-02-15T10:55:20Z,6
6ZfuNTqbHE8,"How hulk is there 😂
Baner was in Tony's sute",UgwREHn1onOz2n2tXQZ4AaABAg,2023-02-15T08:49:41Z,2023-02-15T08:49:41Z,2
6ZfuNTqbHE8,Still gives me goosebumps!,Ugw5Cf9dqrUnet0OMXB4AaABAg,2023-02-15T03:48:27Z,2023-02-15T03:48:27Z,2
6ZfuNTqbHE8,"I am shocked, just finished watching Infinity War. I see the hypocrite Peter Dinklage happily portraying a mythical dwarf. He went on social media chastising Disney for having Mythical Dwarves in the new Snow White movie. Apparently he is the only onw allowed to be in movies with dwarf characters. I see in a full spectrum display of hypocrisy he also has a movie coming out called .............. wait for it. 'The Dwarf! ' Yikes!!",UgwFfjJjVKkjbswGKpB4AaABAg,2023-02-15T03:32:02Z,2023-02-15T03:32:02Z,1
6ZfuNTqbHE8,Got the chills just rewatching this,UgzdSPrKJissLxrBlgR4AaABAg,2023-02-15T03:05:05Z,2023-02-15T03:05:05Z,0
6ZfuNTqbHE8,"this was NOT 5 years ago. no way.

omg.",Ugz21oNVQ7NLBrxfICN4AaABAg,2023-02-14T19:19:04Z,2023-02-14T19:19:04Z,1
6ZfuNTqbHE8,*GOOSEBUMPS*,Ugy4zyTriJ4XOGzQCh94AaABAg,2023-02-14T17:45:37Z,2023-02-14T17:45:37Z,0
6ZfuNTqbHE8,"Still can't believe it's been 5years ,feels like the SNAP was soo real",UgwWamvc2Kt-wA5cVOB4AaABAg,2023-02-14T15:16:28Z,2023-02-14T15:16:28Z,3
6ZfuNTqbHE8,There was no other marvel show like this one.,UgyplNpTwJxC5A_kXXB4AaABAg,2023-02-14T13:44:03Z,2023-02-14T13:44:03Z,2
6ZfuNTqbHE8,5 years,UgzyCZY80OtbikIz9mF4AaABAg,2023-02-14T13:43:05Z,2023-02-14T13:43:05Z,1
6ZfuNTqbHE8,5 years....And still gives Goosebumps ❤️,UgzES5OmcWs9haC8R9d4AaABAg,2023-02-14T07:37:36Z,2023-02-14T07:37:36Z,4
6ZfuNTqbHE8,If only marvel would go back to its old ways. You would have made more profit,Ugyj-I72gRtbmBZWpx54AaABAg,2023-02-14T04:58:55Z,2023-02-14T04:58:55Z,2
6ZfuNTqbHE8,Why Marvel was showing Hulk in this trailer 😂😂,UgwSEDLWEOVmPvQRuCV4AaABAg,2023-02-14T03:10:19Z,2023-02-14T03:10:19Z,0
6ZfuNTqbHE8,Live look at Recession 2023,Ugy_WfXi-Mo2C556P2V4AaABAg,2023-02-13T17:38:26Z,2023-02-13T17:38:26Z,0
6ZfuNTqbHE8,I still remember clearly after watching it for first time I didn't sleep that whole night only thinking about this movie,UgwJupHc0wQ5WNwhuwF4AaABAg,2023-02-13T17:37:05Z,2023-02-13T17:37:05Z,0
6ZfuNTqbHE8,Real marvel fans watch this after 5 years,UgzLtHhR9asQ-knF09Z4AaABAg,2023-02-13T12:43:51Z,2023-02-13T12:43:51Z,3
6ZfuNTqbHE8,Who found the hulk in last shot🥹😍,UgzZ-z3zNotVZDxifGl4AaABAg,2023-02-13T12:31:39Z,2023-02-13T12:31:39Z,0
6ZfuNTqbHE8,This trailer is better than all DCEU lmao,Ugxe44p2ICg1NxIRopx4AaABAg,2023-02-13T11:07:49Z,2023-02-13T11:07:49Z,4
6ZfuNTqbHE8,Whos here in 2023 ?,Ugx13cjdiYdXep-QoUN4AaABAg,2023-02-13T09:55:01Z,2023-02-13T09:55:01Z,5
6ZfuNTqbHE8,We haven’t left!,Ugz66fZRxuvU4I-5N1F4AaABAg,2023-02-13T07:22:54Z,2023-02-13T07:22:54Z,1
6ZfuNTqbHE8,Bro this trailer gave me the chills,Ugxb8IafthW2dHhh2V14AaABAg,2023-02-13T05:36:15Z,2023-02-13T05:36:15Z,1
6ZfuNTqbHE8,Already 5 years ago,Ugy99wnEFOW1FHkvm-14AaABAg,2023-02-13T05:09:14Z,2023-02-13T05:09:14Z,0
6ZfuNTqbHE8,"still watching this trailer,  absolutely this will forever be the best Marvel movie.",UgxfzAjAIGUnyNmCUFd4AaABAg,2023-02-13T03:24:04Z,2023-02-13T03:24:04Z,1
6ZfuNTqbHE8,“THERE WAS AN IDEA” “To bring together……a group of remarkable people” - this with the soft piano notes and then into the horns of the comic showing the hero’s is simply iconic.,Ugx2NrhB2ppTlNbi9RZ4AaABAg,2023-02-13T00:50:29Z,2023-02-13T00:50:29Z,1122
6ZfuNTqbHE8,ironic that this was 5 years ago because endgame takes place five years in the future from infinity war. we're in the endgame now.,UgyaCNu1uoWvvrR6ai14AaABAg,2023-02-13T00:03:31Z,2023-02-13T00:03:31Z,0
6ZfuNTqbHE8,I revisit this trailer once month still,UgxwSwnknfpfs8N95A14AaABAg,2023-02-12T19:51:00Z,2023-02-12T19:51:00Z,2
6ZfuNTqbHE8,"Is it normal to still get hyped when I watch this, even though the movie released almost 5 years ago?",UgyCLDUGQiJedLKo6tl4AaABAg,2023-02-12T18:50:09Z,2023-02-12T18:50:09Z,2
6ZfuNTqbHE8,I miss that feeling of excitement when I first watched this trailer. Holy hell.,Ugw117hpUP9xRsovInB4AaABAg,2023-02-12T18:43:55Z,2023-02-12T18:43:55Z,0
6ZfuNTqbHE8,5 years!!!!!!!!!!!!!!!!!!!!!!!!,UgzR4w9IX_9Lw4JAP414AaABAg,2023-02-12T17:38:31Z,2023-02-12T17:38:31Z,0
6ZfuNTqbHE8,Why can’t we go back,UgwftFmHxDureBU1uQp4AaABAg,2023-02-12T15:45:16Z,2023-02-12T15:45:16Z,1
6ZfuNTqbHE8,"My list phase 1-3
1.Infinity War
2.Endgame
3.Civil Wars
4.The Winter Soilder
5.The Avengers
6.Iron Man 1
7.Far From Home
8.Ragnarok
9.Age of Ultron
10. Cap1",UgyhzIw_X4JrEa78GV94AaABAg,2023-02-12T12:27:04Z,2023-02-12T12:27:04Z,2
6ZfuNTqbHE8,Bro but hulk never came out in the fight in wakanda at 2:00,Ugz5CCqD5QJgaZUT6wl4AaABAg,2023-02-12T11:37:13Z,2023-02-12T11:37:13Z,0
6ZfuNTqbHE8,"Man even five years later, they still got me hyped for the movie",Ugz3nrqWmemtvTVgqTh4AaABAg,2023-02-12T06:04:04Z,2023-02-12T06:04:04Z,3
6ZfuNTqbHE8,I remember when infinity's trailer released 🥰😍,UgyhffSp2kjI3xt4M8Z4AaABAg,2023-02-11T21:52:04Z,2023-02-11T21:52:04Z,1
6ZfuNTqbHE8,Back when The MCU Was Peak,UgyYavbvfMpy5dZQebp4AaABAg,2023-02-11T20:41:53Z,2023-02-11T20:41:53Z,0
6ZfuNTqbHE8,The trailer is better than the movie,Ugy7Gd5QUHy_lRekPZx4AaABAg,2023-02-11T19:58:33Z,2023-02-11T19:58:33Z,0
6ZfuNTqbHE8,What? Thor??,UgzoHCc3tismM9qArUR4AaABAg,2023-02-11T14:41:01Z,2023-02-11T14:41:01Z,0
6ZfuNTqbHE8,The last good Marvel movie,Ugx-C1hFJQu0dsnnbwR4AaABAg,2023-02-11T13:40:30Z,2023-02-11T13:40:30Z,1
6ZfuNTqbHE8,Greatest trailer ever made,UgwIAhgmlDQr5k0of1N4AaABAg,2023-02-10T18:56:22Z,2023-02-10T18:56:22Z,0
6ZfuNTqbHE8,Goosebumps ❤ 🔥 ❤  miss u guys 🥺,UgzNqN9ZPprZTJXG-Xp4AaABAg,2023-02-10T18:08:44Z,2023-02-10T18:08:44Z,0
6ZfuNTqbHE8,Hi,UgzjQeEUaEPj9zq8IAR4AaABAg,2023-02-10T18:07:24Z,2023-02-10T18:07:24Z,0
6ZfuNTqbHE8,"There was an idea......


The rest is legend",UgxS3qkdVLCBFPK66514AaABAg,2023-02-10T16:37:54Z,2023-02-10T16:37:54Z,1
6ZfuNTqbHE8,Looking back on this 5 years later it shows how good marvel is especially with their trailers cause this trailer especially and I mean especially the soundtrack is on top bro nothing can beat it,UgzJ-4tx4Oo7FnXqnCV4AaABAg,2023-02-10T16:26:26Z,2023-02-10T16:26:26Z,3
6ZfuNTqbHE8,Im just gonna comment here so then when people go to like this comment it’ll remind me how godlike of a trailer this was!,UgxUbCymbSuLx1ZeT7R4AaABAg,2023-02-10T13:37:56Z,2023-02-10T13:37:56Z,2
6ZfuNTqbHE8,Nothing will ever beat this trailer. Everyone knew who thanos was and knew that this was gonna be the peak of cinematic history,Ugzs5bzZ2-8hVp0sLx54AaABAg,2023-02-10T12:03:11Z,2023-02-10T12:03:11Z,2
6ZfuNTqbHE8,Still this trailer gave us goosebumps,UgwhV5O0f26w3XiiPvd4AaABAg,2023-02-10T10:59:38Z,2023-02-10T10:59:38Z,1
6ZfuNTqbHE8,Goosebumps,UgwH1NJRnjoovo6kpcx4AaABAg,2023-02-10T02:18:59Z,2023-02-10T02:18:59Z,1
6ZfuNTqbHE8,Greatest movie ever made,UgzA4sIJCdYFNHtol_d4AaABAg,2023-02-10T01:23:34Z,2023-02-10T01:23:34Z,3
6ZfuNTqbHE8,Già,UgwZ5cBWew7Wg9M8_Zl4AaABAg,2023-02-09T14:27:03Z,2023-02-09T14:27:03Z,1
6ZfuNTqbHE8,I’ll say this….infinity war was the better movie through out…But Endgame had the best last battle in cinematic history with a perfect ending,UgxZdPi6iOsn55_DGlB4AaABAg,2023-02-09T07:55:55Z,2023-02-09T07:55:55Z,3
6ZfuNTqbHE8,2023...and this trailer still gets there...what a moment it was that day when this master piece came out,UgzEp5DV63Oiuc3ckzN4AaABAg,2023-02-09T02:38:33Z,2023-02-09T02:38:33Z,1
6ZfuNTqbHE8,"There will never be another movie that will live up to this hype, tbh Infinity War is the best MCU movie still til this day",Ugz8S2np-MNdDfDiGHx4AaABAg,2023-02-08T19:40:10Z,2023-02-08T19:40:10Z,1
6ZfuNTqbHE8,My goodness that tune... straight to the heart.. ufffff,UgwTExi185JACesu5j14AaABAg,2023-02-08T16:28:21Z,2023-02-08T16:28:21Z,0
6ZfuNTqbHE8,seen this movie so many times...this trailer still gives me goosebumps,UgxDNeXp8Lyt-8BiJTB4AaABAg,2023-02-08T11:46:50Z,2023-02-08T11:46:50Z,4
6ZfuNTqbHE8,This is love Avengers endgame is good but this is masterpiece,UgxwvPqOL3sFdZoFsVh4AaABAg,2023-02-08T07:28:11Z,2023-02-08T07:28:11Z,3
6ZfuNTqbHE8,film yang gk akan ada bosennya,UgxBUT2kfnB4_xVwmyR4AaABAg,2023-02-08T01:05:59Z,2023-02-08T01:05:59Z,1
6ZfuNTqbHE8,I still watch it... TO THIS DAY,UgxNVyodq3TGX8rvPrZ4AaABAg,2023-02-07T23:00:27Z,2023-02-07T23:00:27Z,1
6ZfuNTqbHE8,Still the best Marvel movie ever 🙌🏻,UgxPCbWvaCMhplc2FoN4AaABAg,2023-02-07T18:04:53Z,2023-06-01T22:04:35Z,0
6ZfuNTqbHE8,Goosebumps……To this day,UgzAYPkjwc6cHIlw3F94AaABAg,2023-02-07T18:01:41Z,2023-02-07T18:01:41Z,0
6ZfuNTqbHE8,I was never so much hyped for anything except this movie.. omg i missed those days 😪,UgxNa64lT66uQERECYR4AaABAg,2023-02-07T06:03:27Z,2023-02-07T06:03:27Z,2
6ZfuNTqbHE8,"Seeing this on opening night was literally the highlight of my life up to that point. My teenage years coming to a head, 10 years in the making. Goosebumps the whole movie. And seeing this trailer again, even though I know exactly what happens, still gets me on the edge of my seat.",UgyzkoQl3eKqvY2IUjB4AaABAg,2023-02-07T04:30:06Z,2023-02-08T04:56:20Z,12
6ZfuNTqbHE8,Peak Cinema,UgzCWhyKd2K4UyZMI8Z4AaABAg,2023-02-06T19:33:07Z,2023-02-06T19:33:07Z,1
6ZfuNTqbHE8,Feeling that goosebumps ❤,UgxHtxQQIjFt0ZsSsgF4AaABAg,2023-02-06T18:13:13Z,2023-02-06T18:13:13Z,0
6ZfuNTqbHE8,I watched it more than 100 time just for its bgm🥶🔥,Ugy5duFtlp1lhub4SFJ4AaABAg,2023-02-06T12:08:14Z,2023-02-06T12:08:14Z,3
6ZfuNTqbHE8,Who is watching this on 2023,UgzmwH1eSL7wjftdTsJ4AaABAg,2023-02-06T09:33:59Z,2023-02-06T09:33:59Z,0
6ZfuNTqbHE8,I love that this was such a cultural moment in our generation. We lived through it and experienced it. No one can ever take that from us. Amazing,Ugx9LfI8TLU3YkOqV854AaABAg,2023-02-06T08:06:05Z,2023-02-06T08:06:05Z,55
6ZfuNTqbHE8,This was the best trailer for any movie ever,UgwJcmTL_NPJPfziPjR4AaABAg,2023-02-05T21:22:18Z,2023-02-05T21:22:18Z,0
6ZfuNTqbHE8,"Nah cuz like what happened to the scene with captain America, Bucky and falcon, war machine, the hulk, and the whole Wakanda army running towards the screen 😭",UgzLtwmdG3XbO4e0Nht4AaABAg,2023-02-05T20:12:31Z,2023-02-05T20:12:31Z,1
6ZfuNTqbHE8,Let's camp here till Kang Dynasty.,UgxSWPdbUV62FfMaZY94AaABAg,2023-02-05T17:02:40Z,2023-02-05T17:02:40Z,0
6ZfuNTqbHE8,It's been 5 years already???. Jeez time flies.,UgxnsoPi-tSoGpEUxN54AaABAg,2023-02-05T15:53:39Z,2023-02-05T15:53:39Z,0
6ZfuNTqbHE8,After all this time…. I still can’t believe this scene from the thumbnail was just for the movie trailer.,UgyVw7PKHw5SVOwe4i14AaABAg,2023-02-05T03:12:42Z,2023-02-05T03:12:42Z,0
6ZfuNTqbHE8,Trailer still gives me goose bumps. Aged very well.,UgwBuRs3MpOCkQoWOO14AaABAg,2023-02-05T02:14:41Z,2023-02-05T02:14:41Z,1
6ZfuNTqbHE8,Brolin - one of the finest villain castings of all time.,Ugyn_lPeCmneC7jlajR4AaABAg,2023-02-05T01:47:19Z,2023-02-05T01:47:19Z,1
6ZfuNTqbHE8,I like how they put the hulk there when he remained need Bruce in the hulk buster armour for the whole movie,Ugz-Qxe17pwQF45qK8d4AaABAg,2023-02-04T21:27:55Z,2023-02-04T21:27:55Z,0
6ZfuNTqbHE8,Where did time go?,UgyV8g-icVCTxqQsDnJ4AaABAg,2023-02-04T20:24:26Z,2023-02-04T20:24:26Z,0
6ZfuNTqbHE8,❤️❤️❤️❤️❤️❤️,UgzZz-34Vchp6Ud6_xp4AaABAg,2023-02-04T18:42:17Z,2023-02-04T18:42:17Z,0
6ZfuNTqbHE8,Still getting that feeling,UgyzB3a4LKich2dVFeB4AaABAg,2023-02-04T18:06:22Z,2023-02-04T18:06:22Z,0
6ZfuNTqbHE8,Imagine having a Time Machine and bringing the generation that read the infinity saga to present day and showing them this movie 🤯,UgwYihWr_fF1MAt1ACt4AaABAg,2023-02-04T10:58:17Z,2023-02-04T10:58:17Z,1
6ZfuNTqbHE8,I don't know why but this masterpiece still makes me goosebumps,UgxWb12gm_OG_AECVWl4AaABAg,2023-02-04T10:09:13Z,2023-02-04T10:09:13Z,1
6ZfuNTqbHE8,"Came back 5 years later, this trailer is legendary. I miss the savage Hulk and R.I.P the king of wakanda 🙏",UgzaC0-z6cKdNkHDYxp4AaABAg,2023-02-04T09:30:54Z,2023-02-04T09:30:54Z,1
6ZfuNTqbHE8,one of the BEST MOVIES OF ALL TIME 🙌🏻,UgzTfGmR885M-okzEO94AaABAg,2023-02-04T02:28:27Z,2023-02-04T02:28:27Z,1
6ZfuNTqbHE8,Back again to watch one of the best trailers for one of the best movies ever presented in glory,Ugz3SBZJDXyO-y7GbVl4AaABAg,2023-02-03T18:51:12Z,2023-02-03T18:51:12Z,1
6ZfuNTqbHE8,2017 and 2023 and now,Ugw2BBaJBawnf116CwB4AaABAg,2023-02-03T17:38:51Z,2023-02-03T17:38:51Z,1
6ZfuNTqbHE8,2023,UgxBoW_-llCoCrCT_WJ4AaABAg,2023-02-03T17:38:39Z,2023-02-03T17:38:39Z,1
6ZfuNTqbHE8,Who all are watching in 2023 !! 😁😁,Ugy8dxxsLfh0uNuinyx4AaABAg,2023-02-03T17:06:08Z,2023-02-03T17:06:08Z,3
6ZfuNTqbHE8,I randomly come back to this trailer often to see if I still get goosebumps… never fails man!,UgygsNzLYnULu-NkXuN4AaABAg,2023-02-03T10:32:52Z,2023-02-03T10:32:52Z,10
6ZfuNTqbHE8,2023 and this is still the best movie and movie trailer ever. I hope 🤞 marvel is heading into the right direction. I just feel like it’s never going to be the same without Ironman. 😞,UgxsTOJH8gBOnUWcUMJ4AaABAg,2023-02-03T06:36:32Z,2023-02-03T06:36:32Z,1
6ZfuNTqbHE8,I think we will never get something like this again(((,UgzyDAt7DEdGhI8sgqd4AaABAg,2023-02-02T22:46:39Z,2023-02-02T22:46:39Z,1
6ZfuNTqbHE8,Let's just not see that hulk coming,Ugwu8-_pCQiNlgGwiCR4AaABAg,2023-02-02T14:44:01Z,2023-02-02T14:44:08Z,0
6ZfuNTqbHE8,The best trailer in the world,UgzaLHNcbCY5O9UtmT94AaABAg,2023-02-01T22:34:29Z,2023-02-01T22:34:29Z,2
6ZfuNTqbHE8,1:37 ONE of the COLDEST lines ever 🥶🥶🥶🥶,UgxoVBzTJlPc3vk-Rol4AaABAg,2023-02-01T18:28:51Z,2023-02-01T18:28:51Z,2
6ZfuNTqbHE8,This is the best movie tht none other have umpressed me trailer wise and movie wise,UgzfDqv20B-EqeI9g3Z4AaABAg,2023-02-01T13:27:47Z,2023-02-01T13:27:47Z,1
6ZfuNTqbHE8,This was when Marvel was awesome…. Now all we got is M-She-U,UgzuT7BuMfYEBBcI9od4AaABAg,2023-02-01T12:51:44Z,2023-02-01T12:51:44Z,2
6ZfuNTqbHE8,"Of all the marvel trailers that have ever dropped, this is unarguably my favourite to date.",Ugz7wOpLjdYruNTCnOF4AaABAg,2023-02-01T12:25:13Z,2023-02-01T12:25:13Z,1
6ZfuNTqbHE8,Somehow finding myself here again watching this masterpiece of a trailer. Trailers never felt the same after this one,UgxjLait4AU45vuA8CF4AaABAg,2023-02-01T10:12:09Z,2023-02-01T10:12:09Z,1
6ZfuNTqbHE8,Let’s see if fast 10 gives us the infinity war vibes guys. Remember we got the 10th and 11th separate.,UgxJUucyo-NNaAGHnXR4AaABAg,2023-01-31T23:21:29Z,2023-01-31T23:21:29Z,1
6ZfuNTqbHE8,Still get goosebumps watching this in 2023,Ugz9YumWCUqQ6RU49nx4AaABAg,2023-01-31T20:25:27Z,2023-01-31T20:25:27Z,1
6ZfuNTqbHE8,"God this was the first Marvel movie I ever saw. I watched it with my dad, And I was so amazed! 😍I even saw EndGame in 2019. Those were good times. Back when life was so simple and corona virus was not around ):",UgzBlZPygoFMnM0_Nut4AaABAg,2023-01-31T17:52:09Z,2023-01-31T17:52:09Z,0
6ZfuNTqbHE8,Jamás en la vida volverá a salir un trailer tan épico como este. Gracias Marvel ♥️🔥,UgyG_PB6Zu17xNjnUHJ4AaABAg,2023-01-31T15:03:42Z,2023-01-31T15:03:42Z,13
6ZfuNTqbHE8,0:01 to 0:45   what a bgm love it,UgxFyWWUityWGk0pFlR4AaABAg,2023-01-31T02:33:10Z,2023-01-31T02:33:10Z,2
6ZfuNTqbHE8,Me just seeing hulk rn and realizing,UgyacuuLtASZOtevaHB4AaABAg,2023-01-30T20:27:08Z,2023-01-30T20:27:08Z,1
6ZfuNTqbHE8,still is a masterpiece after all this time,UgzESRPBaKBlHwF9g414AaABAg,2023-01-30T19:26:36Z,2023-01-30T19:26:36Z,16
6ZfuNTqbHE8,The feeling yourself had when you saw the trailer than seen it in theater! It will never be replaced 😭😭,Ugw6Gglteep6kD_wnzx4AaABAg,2023-01-30T18:10:31Z,2023-01-30T18:10:31Z,13
6ZfuNTqbHE8,Almost 5 year still gives goose bumps 🔥🔥🔥,UgxCybaUsdHNPP_jgkh4AaABAg,2023-01-30T16:42:38Z,2023-01-30T16:42:38Z,5
6ZfuNTqbHE8,PROXIMA VEZ QUE VAMOS TER ISSO E 2025 E 2026,UgxSHcwVi-cB5zaypW14AaABAg,2023-01-30T15:16:11Z,2023-01-30T15:16:11Z,2
6ZfuNTqbHE8,"How the heck has that Avatar Water nonsense grossed more money than this masterpiece? Everyone I know went to see this, nobody I know has gone to see Avatar!😮",UgzBsLTq4jt28X559714AaABAg,2023-01-30T14:43:50Z,2023-01-30T14:43:50Z,2
6ZfuNTqbHE8,5 years and still amazing movie,Ugx2zdtJ8dIlWK54gYF4AaABAg,2023-01-30T12:07:20Z,2023-01-30T12:07:20Z,1
6ZfuNTqbHE8,There was no hulk in the movie as it's been shown on the thumbnail. . Did any one notice that??,UgyK1by9ROTEaFyWFQ54AaABAg,2023-01-30T11:36:55Z,2023-01-30T11:39:07Z,0
6ZfuNTqbHE8,i miss the feelin,UgyoKwMbNGBVVE0Gpl94AaABAg,2023-01-30T07:02:58Z,2023-01-30T07:02:58Z,2
6ZfuNTqbHE8,"Lord you would have to been there to understand how hyped we were for this movie to drop the summer of 2018. I honestly feel a movie of this magnitude is a once in a lifetime moment, and it happened with us. Marvel came through with this 💎",Ugxgwbs-JmyFFenLm9V4AaABAg,2023-01-30T00:10:41Z,2023-01-30T00:10:41Z,3
6ZfuNTqbHE8,1:59 trailer mai hulk hai. Per movie mai nahi hai.,Ugyn4_0uM8hr1myYsQ54AaABAg,2023-01-29T21:01:30Z,2023-01-29T21:01:30Z,0
6ZfuNTqbHE8,And this is the year everyone is snapped back,Ugy_TIEWzKv-JDyrgP94AaABAg,2023-01-29T17:30:41Z,2023-01-29T17:30:41Z,2
6ZfuNTqbHE8,It's 2023 and this masterpiece is still pulling me here to watch it with my very eyes ❤️,Ugz4cyJP7VST_ixi8UZ4AaABAg,2023-01-29T16:38:19Z,2023-01-29T16:38:19Z,2
6ZfuNTqbHE8,"It's has been 5 years , stil feels like yesterday 🤤",Ugyj3qfqtxjCqtjFaC54AaABAg,2023-01-29T14:05:32Z,2023-01-29T14:05:32Z,0
6ZfuNTqbHE8,Still one of the best trailers out there,UgxPrpyqeWmTKzHymPt4AaABAg,2023-01-29T11:49:43Z,2023-01-29T11:49:43Z,2
6ZfuNTqbHE8,Goosebumps 0:30 🛐😭,Ugx7E30GE2hmDxo_5Th4AaABAg,2023-01-29T08:20:42Z,2023-01-29T08:20:42Z,1
6ZfuNTqbHE8,Don't know how avatar stood first in collections it didn't have that strong story but this is a masterpiece ntg could beat this movie,UgzVY_2gGygjL744Ag14AaABAg,2023-01-29T06:53:58Z,2023-01-29T06:53:58Z,1
6ZfuNTqbHE8,Avengers infinty war 2018,UgwPaHu9jWxvO4qw34B4AaABAg,2023-01-29T04:17:44Z,2023-01-29T04:17:44Z,0
6ZfuNTqbHE8,"Yo viendo la escena de loki yo dije hay otra vez va a tracionar a thor 😒

Pero en el cine : 😨😰😢😭😱
Y sigo llorando

Al final el se sacrifico pq sabia que thor era el unico que podia contra tanos =(",Ugx_3eFUkILa2qn0LQZ4AaABAg,2023-01-29T03:28:18Z,2023-01-29T03:28:18Z,1
6ZfuNTqbHE8,Future generations will never know how hyped Infinity War and Endgame were,Ugws9-fa56MCPyUjVbl4AaABAg,2023-01-28T21:40:26Z,2023-01-28T21:40:26Z,1
6ZfuNTqbHE8,"I remember watching this back in 2017 a few days after it was uploaded, and got super excited for this movie. The first movie in the mcu I watched that started my love for these movies was iron man, but it wasn't what you'd expect. I didn't watch it in the theater, I watched it on DVD in the year 2014 a few months before winter soldier came out. I started watching all the marvels movies I had. Spider man 1-3,the amazing spider man, iron man 1-3, and the avengers. The first marvel movie I saw in theaters was captain America the Winter soldier, and that's when I knew I wanted to watch every mcu film that came out, watch every new rock stars breakdown afterwards, and became a huge fan of the franchise. I haven't seen a marvel movie in theaters since multiverse of madness, and that was it. I'm planning on watching quantumania, but I'm kind of losing interest in the mcu. All the movies that have come out after endgame(besides no way home) were either meh, or okay, and when you think of the incredible movies like infinity war, endgame, winter soldier, even the one that started everything, iron man, they're all better than what's been coming out. I hope quantumania changes my mind, but I have to say that I'm sorry for not being that excited for future marvel projects, I might catch Deadpool 3, check out the next spider man movie or guardians 3, maybe even see what the mcu version of the fantastic four looks like, but my faith in this franchise is dwindling, and I don't want to lose my love for these characters, these movies, this series, but I am. Even looking back on some of the older stuff isn't as fun as rewatching it used to be because of some stupid recon from eternals or wakanda forever that said,""oh yeah, btw these guys were here the whole time, and the reason they didn't help out in infinity war was because of this stupid reason that you can't argue with because uts our franchise and we can do what we want""  I hope these issues are just this bad phase, and phase 5 and 6 are better. Also, apparently phase 4 was supposed to be grief or repercussions of phase 3 or whatever, but it doesn't feel that way.",UgxpBLOZBp06K0gbZbR4AaABAg,2023-01-28T03:36:59Z,2023-01-28T03:36:59Z,10
6ZfuNTqbHE8,"Future kids: “Dad can you tell us a bed time story” 

Me: *Exhale* “ 0:01 “",UgyDTRcbiOSHOczllXp4AaABAg,2023-01-28T03:07:55Z,2023-01-28T03:07:55Z,4
6ZfuNTqbHE8,sigo sin superarlo,Ugwi2cdKHopwSxw279h4AaABAg,2023-01-28T00:55:42Z,2023-01-28T00:55:42Z,0
6ZfuNTqbHE8,I used to walk outside like I was Thanos entering the universe lol 😂 this movie 🎦 🎥 🍿🥤 was epic,UgxU2OmDvk9A7amg7F94AaABAg,2023-01-27T22:23:38Z,2023-01-27T22:23:38Z,0
6ZfuNTqbHE8,2023,UgzmNjmiUQvduWYo9CB4AaABAg,2023-01-27T21:28:51Z,2023-01-27T21:28:51Z,0
6ZfuNTqbHE8,Beaten by the blue people Avatar 2 hahaha! 😆,UgwC2s3UKSwJ3BXFFZR4AaABAg,2023-01-27T16:01:19Z,2023-01-27T16:01:19Z,2
6ZfuNTqbHE8,There was an idea to create the greatest movie trailer of all time ... and so they did,Ugw2jJr2LExMkdjJwZp4AaABAg,2023-01-27T13:41:30Z,2023-01-27T13:41:30Z,1
6ZfuNTqbHE8,Why am I getting tears❤️❤️🥺,UgxPJu6Wwx-1QDPdWkN4AaABAg,2023-01-27T06:52:28Z,2023-01-27T06:52:28Z,2
6ZfuNTqbHE8,It came before 5years and it was just ah trailer and it still gives us goosebumps 🥺,UgxsK4KiZFXKPSscpbR4AaABAg,2023-01-27T04:49:01Z,2023-01-27T04:49:01Z,1
6ZfuNTqbHE8,I still wish I can go back and watch this movie for the first time,UgwovWERlOecXRlEbMF4AaABAg,2023-01-27T04:07:05Z,2023-01-27T04:07:05Z,1
6ZfuNTqbHE8,"5 years ago??!?
1.26.23",Ugzw_2AKnSIiqEJfPIN4AaABAg,2023-01-26T18:42:55Z,2023-01-26T18:42:55Z,6
6ZfuNTqbHE8,😭😭 I miss Thanos,UgxME9jCelZofEkFw7h4AaABAg,2023-01-26T18:26:01Z,2023-01-26T18:26:01Z,1
6ZfuNTqbHE8,"Thanos really did win. He killed the MCU by being too good they can never top it again...

P.s no one talks about how the music MADE you feel the impact of how important this movie was. This is thee crossover movie. I doubt any movie ever creates as much hype as this movie AND actually lives up to that hype.",UgwBMIh4M2IKz3lb45N4AaABAg,2023-01-26T17:56:27Z,2023-01-26T17:59:03Z,2
6ZfuNTqbHE8,What happened to Marvel? It used to be so good. Sad.,UgzLJD7VyD6kSTiJOm14AaABAg,2023-01-26T14:15:19Z,2023-01-26T14:15:19Z,2
6ZfuNTqbHE8,Biggest scam of the decade was Hulk not being present in the movie whereas he was present in the trailer,Ugwq9ab8ZC1qkTN5DRF4AaABAg,2023-01-26T12:13:03Z,2023-01-26T12:13:03Z,0
6ZfuNTqbHE8,"5 years later and still
Coming back for the hype",UgwroaK88ARgUQXwFyZ4AaABAg,2023-01-26T11:51:05Z,2023-01-26T11:51:05Z,0
6ZfuNTqbHE8,"What I liked about this movie is power scaling, there is no power creep as we now see in Marvel and DC movies, every character can fight even he's just a soilder with gun, not like nowadays where you can manipulate reality, or blast things off in one go.",UgzpMIlhhP38M5usI5B4AaABAg,2023-01-26T08:04:50Z,2023-01-26T08:04:50Z,1
6ZfuNTqbHE8,"It's 2023, I can't believe I'm still watching this trailer.",Ugzb1mCGgfrjjFuc2C54AaABAg,2023-01-26T04:35:23Z,2023-01-26T04:35:23Z,0
6ZfuNTqbHE8,1:50,Ugy4keZhGj3h3eWneWB4AaABAg,2023-01-25T23:58:25Z,2023-01-25T23:58:43Z,1
6ZfuNTqbHE8,"I would sell my soul to feel the same way, I feelt watching this trailer for the first time. 

It still gives me goosebumps and the rush of excitement.",UgwyWODUG3UmIF_AaL94AaABAg,2023-01-25T22:29:16Z,2023-01-25T22:29:16Z,0
6ZfuNTqbHE8,I’m always gonna choose  infinity war over endgame…from the build up to everyone coming together in the movie and towards the end this movie had it all,Ugz-l1eD_mzjjbOxiGd4AaABAg,2023-01-25T22:23:10Z,2023-01-25T22:23:10Z,1
6ZfuNTqbHE8,Still instant goosebumps popping this trailer on. Truly once in a lifetime movie experience.,UgzAtNFZriUR4iCSpit4AaABAg,2023-01-25T18:43:38Z,2023-01-25T18:43:38Z,0
6ZfuNTqbHE8,Everyone just coming to watch this masterpiece trailer again and again,UgxmgsEhOHWkcObYULR4AaABAg,2023-01-25T15:43:55Z,2023-01-25T15:43:55Z,1
6ZfuNTqbHE8,Apenas me doy cuenta que el último diálogo de Thanos lo dice en edgame y no en infinity war 😮,UgyCAyMRyfdwsBedMfh4AaABAg,2023-01-25T09:36:59Z,2023-01-25T09:37:16Z,1
6ZfuNTqbHE8,"It should be a ritual to come here and binge, just for the hell of it.",UgyvZbFRD_EofoJ_Izh4AaABAg,2023-01-24T18:19:57Z,2023-01-24T18:19:57Z,0
6ZfuNTqbHE8,rdj 🙂.,UgwXRSV0XstTU2VIoH14AaABAg,2023-01-24T14:54:59Z,2023-01-24T14:55:23Z,2
6ZfuNTqbHE8,Those who are watching this iconic trailer in 2023💫,UgybIXe84eXU1M67M_l4AaABAg,2023-01-24T13:30:54Z,2023-01-24T13:30:54Z,1
6ZfuNTqbHE8,When the MCU was awesome and not woke properganda bullshit 🥱🥱🙄,Ugx_HC8If-KmMzhhfMF4AaABAg,2023-01-24T07:49:37Z,2023-01-24T07:49:37Z,1
6ZfuNTqbHE8,5 years later man still the best gets you emotional that these were the best times that we may never see again,UgzOCUyoNvuN1qubJmF4AaABAg,2023-01-24T03:10:35Z,2023-01-24T03:10:35Z,2
6ZfuNTqbHE8,6 years has gone by and i’m since this trailer came out and i still get goosebumps watching it,UgycqsqleTKGT7gd_Vp4AaABAg,2023-01-24T03:06:23Z,2023-01-24T03:06:23Z,2
6ZfuNTqbHE8,this does put a smile on my face 😂😂😂😂 mine too 2:09,UgwyQiAYrkjubLAQzzl4AaABAg,2023-01-23T20:01:36Z,2023-01-23T20:01:36Z,0
6ZfuNTqbHE8,"The buzz and hype for this and Endgame, I don't think will ever be repeated",Ugzk2FS9Xctsm_adwc14AaABAg,2023-01-23T19:20:03Z,2023-01-23T19:20:03Z,0
6ZfuNTqbHE8,0:15 Wanda!!!,UgwMit44uWZmDIoG9nR4AaABAg,2023-01-23T11:20:20Z,2023-01-23T11:20:20Z,1
6ZfuNTqbHE8,This was peak Marvel,Ugx0heHxRnihIOrXINl4AaABAg,2023-01-23T09:29:50Z,2023-01-23T09:29:50Z,3
6ZfuNTqbHE8,With Quantumania about to drop it’s great to see people still coming back to watch this five years later,UgyzCh6WqnbfmXsSEfZ4AaABAg,2023-01-23T09:11:08Z,2023-01-23T09:11:08Z,0
6ZfuNTqbHE8,There will never be a trailer like this! What a work of art and a great film! One of the greatest times ever!,UgwrStwYhc7rqf16-Ph4AaABAg,2023-01-23T03:09:23Z,2023-01-23T03:09:23Z,0
6ZfuNTqbHE8,You Know Evolution of Marvel Animated Movies,UgxJCcx40FWRDCF3jpN4AaABAg,2023-01-23T00:56:17Z,2023-01-23T00:56:17Z,1
6ZfuNTqbHE8,Epic,UgyslBaHqJ6w58sm_RN4AaABAg,2023-01-22T17:00:28Z,2023-01-22T17:00:28Z,0
6ZfuNTqbHE8,Still the most epic trailer so far!!!,UgyUAd2kN-NRjXaIff14AaABAg,2023-01-22T11:31:57Z,2023-01-22T11:31:57Z,1
6ZfuNTqbHE8,Still the best trailer of all time. Still best movie of mcu.,UgwTlN0MDAVztO4FDEJ4AaABAg,2023-01-22T08:40:56Z,2023-01-22T08:41:08Z,0
6ZfuNTqbHE8,best movie best ending i really like to see good guys getting rekt by villian . hopeless and losing,UgyCmiLMpehPsZs7XnV4AaABAg,2023-01-22T07:35:41Z,2023-01-22T07:35:41Z,0
6ZfuNTqbHE8,"""Get this man a shield "" still gives me chill.",UgxyA_1dHKrEYkgmPC14AaABAg,2023-01-22T03:51:41Z,2023-01-22T03:51:41Z,0
6ZfuNTqbHE8,What a moment,UgxhXWCXMz7vk4x6pm14AaABAg,2023-01-21T20:14:43Z,2023-01-21T20:14:43Z,0
6ZfuNTqbHE8,RIP that clip before the title card,UgzOZNLgdDxz_M7MWOd4AaABAg,2023-01-21T20:12:00Z,2023-01-21T20:12:00Z,1
6ZfuNTqbHE8,Limited edition,Ugx6Z9fQt_fNNLGD7vR4AaABAg,2023-01-21T16:10:35Z,2023-01-21T16:10:35Z,0
6ZfuNTqbHE8,"mark Ruffalo-“wait till you see this next one, everybody dies- wait not everybody- only some people die”",UgxSHPTS1Ilx_I0y9F94AaABAg,2023-01-21T12:07:58Z,2023-01-21T12:07:58Z,0
6ZfuNTqbHE8,2023 and it’s still gives me the same chills as the first time I watched it back in November 2017,UgyUH4TY47JqaqA_vRt4AaABAg,2023-01-21T11:26:06Z,2023-01-21T11:36:03Z,3
6ZfuNTqbHE8,Why can’t I see this for the first time again.,Ugy21aCaoCpDpHltLDl4AaABAg,2023-01-21T04:43:53Z,2023-01-21T04:43:53Z,2
6ZfuNTqbHE8,"Вернусь сюда через пару лет а пока накидайте лайков, пускай думают что здесь что то написано интересное",UgxB0WO6R726iDW3wbV4AaABAg,2023-01-20T21:15:21Z,2023-01-20T21:15:21Z,1
6ZfuNTqbHE8,i wish i could erase my memories,UgytrjMTAWQzIWxmF-x4AaABAg,2023-01-20T18:47:46Z,2023-01-20T18:47:46Z,2
6ZfuNTqbHE8,This trailer is better than an entire phase 4,UgwWW6NuS5c-wPCQcbF4AaABAg,2023-01-20T17:02:05Z,2023-01-20T17:02:05Z,15
6ZfuNTqbHE8,"5 years have passed and even today I see this trailer as if it were the first time, thank you God for keeping me alive and providing me with this wonder",UgwLvGePspDJEoHTwlF4AaABAg,2023-01-20T13:45:21Z,2023-01-20T13:45:21Z,1
6ZfuNTqbHE8,"5 years ago, 79,188,982 Views.  2,500,007 likes.Still  #1 on Trending!
When you read this, comment below what the views are.",Ugyvu6mLLFqaTuIfXQF4AaABAg,2023-01-20T13:28:13Z,2023-01-20T13:28:13Z,0
6ZfuNTqbHE8,There was an idea...it hits hard,UgwxPEUDJtyWn8zRgyN4AaABAg,2023-01-20T09:00:09Z,2023-01-20T09:00:09Z,1
6ZfuNTqbHE8,Just watched both movies again last month,UgwuBek7uKUM28_01Cl4AaABAg,2023-01-20T06:58:33Z,2023-01-20T06:58:33Z,0
6ZfuNTqbHE8,watch KGF 2 TRAILER 🔥🔥🔥🔥,Ugxpdps7Dg5P-taw7Tt4AaABAg,2023-01-20T06:06:34Z,2023-01-20T06:06:34Z,0
6ZfuNTqbHE8,The end of the good Marvel ers,UgxF_O6u0ZRoKzXLAe94AaABAg,2023-01-19T13:44:26Z,2023-01-19T13:44:26Z,1
6ZfuNTqbHE8,I remember watching this trailer for the first time and worried about the deaths of the characters,UgwxgzudTd_7nQxpR1p4AaABAg,2023-01-19T11:47:49Z,2023-01-19T11:47:49Z,0
6ZfuNTqbHE8,kang is coming,UgwkaJiwRNiW9bD0mDZ4AaABAg,2023-01-19T08:50:39Z,2023-01-19T08:50:55Z,1
6ZfuNTqbHE8,Infinity war was my favorite then End Game,UgzkV5ywQgSqslnSqjB4AaABAg,2023-01-18T19:08:47Z,2023-01-18T19:08:47Z,0
6ZfuNTqbHE8,How have I never seen this trailer??? 👀🧐,UgyrXSEgDotQFRnwcDd4AaABAg,2023-01-18T18:55:03Z,2023-01-18T18:55:03Z,0
6ZfuNTqbHE8,had to rewatch in 2023,UgxRy1HXNl2ttwOUZbl4AaABAg,2023-01-18T16:28:31Z,2023-01-18T16:28:31Z,1
6ZfuNTqbHE8,Best MCU Movie,Ugw7ygqI2QHDjs34H214AaABAg,2023-01-18T13:21:30Z,2023-01-18T13:21:30Z,0
6ZfuNTqbHE8,Peak MCU. Other than a few good moments it’s sad where they’ve gone since.,UgzvOa_hffIyF9rXUa54AaABAg,2023-01-18T03:30:15Z,2023-01-18T03:30:15Z,2
6ZfuNTqbHE8,Need to see Thanos completely destroying the Nova Corp to get the power stone,UgxXUCFClICOsQZE-Fl4AaABAg,2023-01-17T19:52:29Z,2023-01-17T19:52:29Z,1
6ZfuNTqbHE8,I want a directors cut Thanos came to Titan with only the power & space stone,Ugy9WF11LZqcOmZzozx4AaABAg,2023-01-17T19:50:20Z,2023-01-17T19:50:20Z,1
6ZfuNTqbHE8,"0:29 man listen, if you don't get chills when that horn hits, I don't know what to tell you. Shoutout to all those that were there from the beginning with Iron man and saw this trailer for the first time.",UgxexIB-RaEVxHko50N4AaABAg,2023-01-17T18:56:27Z,2023-01-17T18:58:51Z,6
6ZfuNTqbHE8,"5 years later,  still a nostalgia!",Ugwuy-SsRgogdsLxXxF4AaABAg,2023-01-17T11:37:49Z,2023-01-17T11:37:49Z,1
6ZfuNTqbHE8,We need a explanation for tne endgame I really want them all to reunite again,UgxlZVEsy3mL7WTakqR4AaABAg,2023-01-17T11:04:43Z,2023-01-17T11:04:43Z,0
6ZfuNTqbHE8,1:59 indentify the mistake...,Ugw9KkLgdvLMU1DULt14AaABAg,2023-01-17T11:01:08Z,2023-01-17T11:01:08Z,0
6ZfuNTqbHE8,:),Ugw08XSk1uB0WrJSgjN4AaABAg,2023-01-17T10:31:33Z,2023-01-17T10:31:33Z,0
6ZfuNTqbHE8,2:00 hulk isn't in the movie,UgzOGwV1Jfg2vlOdxiF4AaABAg,2023-01-17T01:31:35Z,2023-01-17T01:31:35Z,6
6ZfuNTqbHE8,The Hype was just unreal my heart was pumping so bad while watching this for the first time I even got an hard on i still remember calling everyone after I watched it,Ugwy1s6oZGoZ99JLLip4AaABAg,2023-01-17T00:22:35Z,2023-01-17T00:22:35Z,0
6ZfuNTqbHE8,I remember the feeling when I watched this film for the first time. There is nothing Quite like it. Nothing  out there.,UgxnECSmeLf5-B0bCFB4AaABAg,2023-01-16T22:41:48Z,2023-01-16T22:41:48Z,0
6ZfuNTqbHE8,5 years ago this happened,Ugwc8qXThoKszmSgKJh4AaABAg,2023-01-16T20:40:17Z,2023-01-16T20:40:17Z,0
6ZfuNTqbHE8,Best trailer Ever made,UgzQMI-Rs6gNMM9HBPd4AaABAg,2023-01-16T19:16:59Z,2023-01-16T19:16:59Z,0
6ZfuNTqbHE8,See my,Ugz-CNo4T8icHWFsRNR4AaABAg,2023-01-16T18:30:05Z,2023-01-16T18:30:05Z,0
6ZfuNTqbHE8,same,Ugxov_YXPfhq4V4eIjZ4AaABAg,2023-01-16T17:53:24Z,2023-01-16T17:53:24Z,0
6ZfuNTqbHE8,"Oh , how the mighty have fallen. This is what Marvel used to be. The trailer still gives goosebumps.",Ugyg_urMxi4G3lIlPO14AaABAg,2023-01-16T17:04:21Z,2023-01-16T17:04:21Z,2
6ZfuNTqbHE8,"Fun isn't something one considers while balancing the universe, but this does put a smile on my face.",UgxJPTdcc64EFMrT9mF4AaABAg,2023-01-16T16:36:19Z,2023-01-16T16:36:19Z,1
6ZfuNTqbHE8,I don't know how you did it marvels but you made a storyline that is a part of our life now. In every week or in 10 days I'm watching old marvel movies.noting compares the emotions that Marvel movies creates.may be I'm a fan boy..but I'm glad I am .,UgxSAZDGvM98mBc2qvR4AaABAg,2023-01-16T13:32:04Z,2023-01-16T13:32:04Z,1
6ZfuNTqbHE8,Infinity War ❤️❤️❤️❤️,Ugw4-TKdtfI3tv2r_Pp4AaABAg,2023-01-16T13:06:22Z,2023-01-16T13:06:22Z,1
6ZfuNTqbHE8,ITS GONNA BE 5 YEARS AGO THIS YEAR WTH,UgzvGO1bqWXXjYehGo14AaABAg,2023-01-16T12:50:49Z,2023-01-16T12:50:49Z,2
6ZfuNTqbHE8,"And then, M-She-U phase 4 happened...🤦‍♂️",UgxzUVvliyaVth66OTV4AaABAg,2023-01-16T11:47:40Z,2023-01-16T11:47:40Z,1
6ZfuNTqbHE8,"I still watching this trailer 🥰🥰🥰😍😍😍😍
When mood 😶up 💔💔💔",UgxZKC6x-LU1ARwE3yJ4AaABAg,2023-01-16T10:50:58Z,2023-01-16T10:50:58Z,0
6ZfuNTqbHE8,Its so insane to me how the entire world STOPPED to watch this trailer when it initially dropped,UgwxhWZGkHJh7DbkNTh4AaABAg,2023-01-16T05:50:41Z,2023-01-16T05:50:41Z,0
6ZfuNTqbHE8,"for our future generations 
please don't let this movie go down.....",UgzYI2GqSbieXfl4_Yh4AaABAg,2023-01-16T05:16:49Z,2023-01-16T05:16:49Z,1
6ZfuNTqbHE8,Still goosebumping,UgxoZyMwFa2uMZ9Pco54AaABAg,2023-01-16T04:14:41Z,2023-01-16T04:14:41Z,0
6ZfuNTqbHE8,Who still get the goosebumps in 2023,UgwDDWHqLZmWUDvHDbV4AaABAg,2023-01-16T02:51:31Z,2023-01-16T02:51:31Z,0
6ZfuNTqbHE8,2023 and we're still here getting goosebumps,UgyWAyL7SeAqg3-2Qm14AaABAg,2023-01-16T00:23:06Z,2023-01-16T00:23:06Z,3
6ZfuNTqbHE8,I still cannot believe that this trailer was dropped 5 years ago..,UgzVB77RAABKj2S62FB4AaABAg,2023-01-15T21:06:27Z,2023-01-15T21:07:00Z,3
6ZfuNTqbHE8,don't know why they show fake hulk in wakanda fight,Ugw4jXhR0g4UMtKtSu14AaABAg,2023-01-15T17:16:34Z,2023-01-15T17:16:34Z,3
6ZfuNTqbHE8,Back when story meant More than identity politics.😢,UgzCUYAsSkcgQhuEKKF4AaABAg,2023-01-15T13:35:02Z,2023-01-15T13:35:02Z,1
6ZfuNTqbHE8,The only reason this trailer still gives goosebumps to us fans is that this had the much awaited first real appearance of Thanos ❤❤,Ugzqyx6DxgT0vbJSVGJ4AaABAg,2023-01-15T12:12:46Z,2023-01-15T12:14:30Z,0
6ZfuNTqbHE8,Its still crazy to me that we never hear steve rogers say something in this trailer.,UgznhB4ryR2sYm9GcKh4AaABAg,2023-01-15T10:18:30Z,2023-01-15T10:19:34Z,0
6ZfuNTqbHE8,"""There Was An idea"" Still Gives Me Goosebumps 🔥🔥🔥",UgzMugwsVyKKdjkVogd4AaABAg,2023-01-15T06:23:24Z,2023-01-15T06:23:24Z,27
6ZfuNTqbHE8,"April 27, 2023 5th Anniversary to Avengers: Infinity War",Ugx716ID_c-q9hm9git4AaABAg,2023-01-15T03:51:07Z,2023-01-15T03:51:07Z,0
6ZfuNTqbHE8,The waffle house has found it's new host,UgyBU8m0nnUKYPJqQnR4AaABAg,2023-01-15T01:49:57Z,2023-01-15T01:49:57Z,0
6ZfuNTqbHE8,Still missing that excitement when trailer was dropped🥺♥️,UgxLlBwVmVSkpB32AU94AaABAg,2023-01-14T19:44:05Z,2023-01-14T19:44:05Z,0
6ZfuNTqbHE8,Why is hulk in the trailer and why is he so big😂😂,Ugw8GRGdfn4CllzdFnp4AaABAg,2023-01-14T14:38:30Z,2023-01-14T14:38:30Z,0
6ZfuNTqbHE8,Boy so many fans. I find the story line weak. Enough is enough and I’ve had enough,Ugz8QmmL9S0Qvqk5Zmh4AaABAg,2023-01-14T13:26:31Z,2023-01-14T13:26:31Z,0
6ZfuNTqbHE8,People who disliked this Masterpiece are basically living stone :),Ugz6cYNj952mufrCwu14AaABAg,2023-01-14T13:03:22Z,2023-01-14T13:03:22Z,3
6ZfuNTqbHE8,It's 2023 and this still gives chills and goosebumps.,Ugw_Z0VecmN_SYEGqFF4AaABAg,2023-01-14T11:28:48Z,2023-01-14T11:28:48Z,2
6ZfuNTqbHE8,I got goosebumps like Spiderman even after 5 years,UgxkaA-Iz38Ldp1mdHt4AaABAg,2023-01-14T08:36:54Z,2023-01-14T08:36:54Z,4
6ZfuNTqbHE8,Man can't believe i lived to see All these characters come to the big screen. Makes me wanna cry,UgzoKdRd-lRNTSC6ajN4AaABAg,2023-01-14T03:31:44Z,2023-01-14T03:31:44Z,0
6ZfuNTqbHE8,"I wish we knew we were in the good old days, before we actually left them 🥲",UgwKKZDKirsKKXNrnAd4AaABAg,2023-01-13T23:35:25Z,2023-01-13T23:35:25Z,1
6ZfuNTqbHE8,The running scene at 2:00 is still fire til this day! Especially with the sound playing,UgywUbFNajCKstEwm0x4AaABAg,2023-01-13T21:22:17Z,2023-01-13T21:23:42Z,1
6ZfuNTqbHE8,5 years ago.. thanos accomplished his mission... 5 years ago we lost ourselves.. today we fight.,UgwredqmUUeaVa0RLXJ4AaABAg,2023-01-13T18:13:03Z,2023-01-13T18:13:03Z,0
6ZfuNTqbHE8,ᴛʀᴀɪʟᴇʀ ɪs ɴᴏᴛ sᴀᴍᴇ ᴀs ᴛʜᴇ ᴍᴏᴠɪᴇ.,UgxZX6bHFTk3c4fzwmp4AaABAg,2023-01-13T16:46:37Z,2023-01-13T16:46:37Z,1
6ZfuNTqbHE8,Who is here after watching the 100 times 😆,Ugwn6PJmOu8q6UA1DGt4AaABAg,2023-01-13T13:19:40Z,2023-01-13T13:19:40Z,3
6ZfuNTqbHE8,"5 Years Went By but, this trailer still gives me goosebumps. Can't Get over this movie. •́⁠ ⁠ ⁠‿⁠ ⁠,⁠•̀",UgyqfijG4MFyqvdi3_Z4AaABAg,2023-01-13T13:03:09Z,2023-01-13T13:03:09Z,0
6ZfuNTqbHE8,There going to have to one up themselves if they want to get a fraction of hype that this trailer alone got for The Kang Dynasty,Ugzn7aW8n1Dv58nZLCZ4AaABAg,2023-01-13T11:27:32Z,2023-01-13T11:27:32Z,0
6ZfuNTqbHE8,"Russo Brothers × MCU ""was"" the best era 😢",UgxdzUerVFYJJTXqMZx4AaABAg,2023-01-13T09:30:41Z,2023-01-13T09:30:41Z,0
6ZfuNTqbHE8,Kang will never have this impact,Ugy3zrqtWpgmlA7qh3B4AaABAg,2023-01-13T09:19:43Z,2023-01-13T09:19:43Z,0
6ZfuNTqbHE8,this was probably one of the last great Marvel movies that came out,UgzduELIECYhWZQklcx4AaABAg,2023-01-13T06:37:17Z,2023-01-13T06:37:17Z,0
6ZfuNTqbHE8,best trailer in the history,UgzMuaZodYS5gwG-iW94AaABAg,2023-01-13T01:09:58Z,2023-01-13T01:09:58Z,0
6ZfuNTqbHE8,One of the greatest trailer of all time,Ugw7EBmsSm85IyHgjHB4AaABAg,2023-01-12T22:11:44Z,2023-01-12T22:11:44Z,0
6ZfuNTqbHE8,"TO THIS DAY 
TO THIS DAY",UgxMnPCz9IjrCbtB5S94AaABAg,2023-01-12T21:41:17Z,2023-01-12T21:41:17Z,0
6ZfuNTqbHE8,5 years😖,UgwKrpEcknqeNVXMkqh4AaABAg,2023-01-12T17:32:58Z,2023-01-12T17:32:58Z,1
6ZfuNTqbHE8,I am still here 🤔🤔🤔🤔,Ugydh-9yZM4SBGugzCR4AaABAg,2023-01-12T17:17:30Z,2023-01-12T17:17:30Z,1
6ZfuNTqbHE8,"5 years later and this trailer still gives me the chills sometimes. I don't think I will ever by as hyped as I was for Infinity War! And man did this movie deliver!! I hope I am wrong, but this might be the best movie marvel will ever put out. Endgame was decent but did not deliver like this movie did. Endgames biggest mistake was this movies greatest strength, Thanos!!",Ugywuv17z9MUo0H8CGZ4AaABAg,2023-01-12T14:56:17Z,2023-01-12T14:56:17Z,1
6ZfuNTqbHE8,Time where all avenger fell loss in fight,Ugxh8gMIqj4vVwhqlzZ4AaABAg,2023-01-12T14:01:56Z,2023-01-12T14:01:56Z,0
6ZfuNTqbHE8,Nothing will hit harder as a promo than this movie ever did! Who ever was lucky enough to see it from inception to this was extremely fortunate. What a amazing 10+ years,Ugy1F8gt47O82csfKh14AaABAg,2023-01-12T09:36:38Z,2023-01-12T09:36:38Z,0
6ZfuNTqbHE8,This is what marvel is supposed to be! This movie is a historic masterpiece!,UgxRuB2ejZqX11xKQdd4AaABAg,2023-01-12T06:55:21Z,2023-01-12T06:55:21Z,1
6ZfuNTqbHE8,I was Supposed to go watch Deadpool 2 but when my mom and dad bought the tickets it was not Deadpool 2 but it was infinity war instead but six years later and i thought it would have been dumb I missed the biggest Mcu movie of all time,Ugxrm3g0d4JqjEFgQzR4AaABAg,2023-01-12T06:23:29Z,2023-01-12T06:23:29Z,0
6ZfuNTqbHE8,There was no Hulk in the movie and they added a Hulk in the trailer Lmao !!,Ugz2JuyFJAcdn8OehKR4AaABAg,2023-01-12T04:53:10Z,2023-01-12T04:53:10Z,0
6ZfuNTqbHE8,2023 !!!,Ugxoy_ZrBUL_jMaf-Rx4AaABAg,2023-01-12T00:47:55Z,2023-01-12T00:47:55Z,1
6ZfuNTqbHE8,whos here after seeing the quantumania trailer,UgwR4LjR-HbB6xZyOER4AaABAg,2023-01-11T23:29:58Z,2023-01-11T23:29:58Z,4
6ZfuNTqbHE8,I love marvel so much it is my favorite thing to watch,UgyyHm9wLbw_GH5T6qp4AaABAg,2023-01-11T21:40:40Z,2023-01-11T21:40:40Z,1
6ZfuNTqbHE8,2023 still here!!!!,UgwP1r1A9JYdTEu0pcd4AaABAg,2023-01-11T19:31:06Z,2023-01-11T19:31:06Z,2
6ZfuNTqbHE8,I miss the glory days of the MCU Phases 1-3 while not perfect were all building to this and Endgame. It was glorious the hype was unreal. Now we have crap like She Hulk and Thor Love and Thunder.,UgyDvOHDGpeE7dbPgTB4AaABAg,2023-01-11T18:57:45Z,2023-01-11T18:57:45Z,1
6ZfuNTqbHE8,I still remember the day this came out I was walking the halls of my high school when it dropped and I skipped class and went to study just to watch this and watch the reaction channels lmao,Ugy00Ehw5h-QGb9FphF4AaABAg,2023-01-11T17:35:11Z,2023-01-11T17:35:11Z,1
6ZfuNTqbHE8,"Does anyone know how to get the score for this trailer??

Especially the slow avenger theme",Ugy2RDtU4nMb-Y35g6V4AaABAg,2023-01-11T12:56:39Z,2023-01-11T12:56:39Z,1
6ZfuNTqbHE8,This looks pretty good. You guys plan on seeing it?,UgylJoTGViq60F-jXQJ4AaABAg,2023-01-11T08:17:05Z,2023-01-11T08:17:05Z,4
6ZfuNTqbHE8,Take me baaaaaaack,UgzwqWip8iiXM-OnXoZ4AaABAg,2023-01-11T04:54:14Z,2023-01-11T04:54:14Z,0
6ZfuNTqbHE8,I’ll come back 5 years later again just to say that the trailer was just the best trailer of all time,UgwlEdB2XVXb0FWwR3Z4AaABAg,2023-01-11T03:08:05Z,2023-01-11T03:08:05Z,1
6ZfuNTqbHE8,Still the best trailer from Marvel Studios,UgxOPGBhTWk2tKCSIpd4AaABAg,2023-01-11T02:06:02Z,2023-01-11T02:06:02Z,4
6ZfuNTqbHE8,When Marvel/Disney wanted fans to have fun....ahhh the good old days,Ugy0dL5aB-QkYWO2wbR4AaABAg,2023-01-11T00:13:37Z,2023-01-11T00:13:37Z,3
6ZfuNTqbHE8,still ain't seen it,UgzUMlsCGSeZlUJxgwl4AaABAg,2023-01-10T22:09:44Z,2023-01-10T22:09:44Z,0
6ZfuNTqbHE8,Aah......the good times❤️,UgyNvAPcGHA_6KxCXpV4AaABAg,2023-01-10T20:19:17Z,2023-01-10T20:19:17Z,2
6ZfuNTqbHE8,👑,Ugxt8EF0gKSDgrxk-DZ4AaABAg,2023-01-10T17:58:10Z,2023-01-10T17:58:10Z,0
6ZfuNTqbHE8,Đã 5 năm rồi,UgxvgvYkEUCkgkhTV914AaABAg,2023-01-10T16:56:39Z,2023-01-10T16:56:39Z,0
6ZfuNTqbHE8,5 years later and I still get goosebumps.,UgxuSLR6kOBMe0GDuhR4AaABAg,2023-01-10T16:23:06Z,2023-01-10T16:23:06Z,0
6ZfuNTqbHE8,Its still nice to watch the trailer after watching the whole movie😊,Ugx8gJeO5OAW_njekJ54AaABAg,2023-01-10T15:40:02Z,2023-01-10T15:40:02Z,0
6ZfuNTqbHE8,"NAUFAL 
PINBALL WORLD 
THE MOVIE",UgxmHb60_yRgJMyyfSJ4AaABAg,2023-01-10T12:52:15Z,2023-01-10T12:52:15Z,2
6ZfuNTqbHE8,"No trailer like this trailer will ever be made again, the years of build up, the heroes and the villain are both so powerful on the screen",Ugy1Xq4-bTHZ2V61U9t4AaABAg,2023-01-10T12:19:32Z,2023-01-10T12:19:32Z,0
6ZfuNTqbHE8,2023 and i still come back to this 1... just an instant classic that united everybody,Ugxcq_Y85QMQAzY1D8R4AaABAg,2023-01-10T11:29:39Z,2023-01-10T11:29:39Z,1
6ZfuNTqbHE8,2023 I'm still here,UgxsqUe6yJ4_823nkYR4AaABAg,2023-01-10T06:14:59Z,2023-01-10T06:14:59Z,4
6ZfuNTqbHE8,Who's here after the new Ant-Man trailer where they used the same theme as this trailer?,Ugya-mjucHCLrVVbHoR4AaABAg,2023-01-10T04:19:46Z,2023-01-10T04:19:46Z,16
6ZfuNTqbHE8,Still its gives goosebumps,UgwqEmbacdhIFXq6Tkh4AaABAg,2023-01-10T03:13:55Z,2023-01-10T03:13:55Z,8
6ZfuNTqbHE8,It's been 5 years but this trailer gives me goosebumps 😢,UgyHJjassg-YgF52AR94AaABAg,2023-01-10T03:09:56Z,2023-01-10T03:09:56Z,9
6ZfuNTqbHE8,"I remember seeing this, getting goosebumps, seeing theories than a year or two later the pandemic ruined everything",UgzkoNyi4OF50QsR7Sl4AaABAg,2023-01-09T23:04:52Z,2023-01-09T23:04:52Z,1
6ZfuNTqbHE8,I got these Goosebumps...😍❤🔥❗,UgzAlaDcjLBmbqpIQtJ4AaABAg,2023-01-09T20:00:53Z,2023-01-09T20:00:53Z,0
6ZfuNTqbHE8,Anyone else tear up on this trailer.,Ugyx2zS-BsMN6O6ziQB4AaABAg,2023-01-09T19:24:40Z,2023-01-09T19:24:40Z,2
6ZfuNTqbHE8,Nostalgia,Ugxg4JYxvo-QAmTxHLt4AaABAg,2023-01-09T18:21:01Z,2023-01-09T18:21:01Z,1
6ZfuNTqbHE8,5 years...,Ugw0BT0gPjmKvVrsBeR4AaABAg,2023-01-09T16:15:29Z,2023-01-09T16:15:29Z,0
6ZfuNTqbHE8,It scares me the fact that this was 5 years ago I remember all the hype like it was yesterday. Good times,UgzmyJ43zYA_YPq50Bh4AaABAg,2023-01-09T15:09:11Z,2023-01-09T15:09:11Z,5
6ZfuNTqbHE8,"This movie isn’t as good as people make it out to be power. Scaling is all over the place. They use action to serve the story. What was Thanos‘s goal? Yes, he wanted to preserve life by wiping out half the universe, but where did he get those ideas it never touched on they glossed over it. How did he come up with that??",Ugz_0XgdQvR0xJ6vFcZ4AaABAg,2023-01-09T11:57:11Z,2023-01-09T11:57:11Z,1
6ZfuNTqbHE8,"이때마블이그립다정복자캉닶이없는건가 
어벤져스더캉다이너스티시크릿워즈는ㅠㅠ",UgxdcteC7RoLQPZjYv54AaABAg,2023-01-09T07:05:28Z,2023-01-09T07:05:28Z,1
6ZfuNTqbHE8,I honestly can’t wait till my son can experience this masterpiece 🥹,UgyxbcCxSSUnkdTPRm94AaABAg,2023-01-09T05:57:14Z,2023-01-09T05:57:14Z,1
6ZfuNTqbHE8,"Nossa que saudade quando os filmes da Marvel eram filmes de heróis, coração bate até mais forte.",UgzRYFdg7uX2Kaqsgpt4AaABAg,2023-01-09T01:27:10Z,2023-01-09T01:27:10Z,0
6ZfuNTqbHE8,5 years.. LIKE IT WAS YESTRDAY 😭💢,UgxTNg6K9JBOSo4xMmx4AaABAg,2023-01-08T22:16:08Z,2023-01-08T22:16:08Z,3
6ZfuNTqbHE8,I’m glad I went to the theater when this dropped 😮‍💨,Ugwjc_J92wXQitMCe394AaABAg,2023-01-08T18:09:59Z,2023-01-08T18:09:59Z,1
6ZfuNTqbHE8,This cool and all but I will never forgive marvel for using the hulk as clickbait in this trailer. 5 years later and I'm still salty about the lack of use of the hulk in general.,UgzWvIKhprOj1twxM794AaABAg,2023-01-08T10:42:25Z,2023-01-08T10:42:25Z,3
6ZfuNTqbHE8,I Don't Even Know Why I Still Come Here Again And Again.🖤,UgyJkojg4jZt2OApyp54AaABAg,2023-01-08T10:35:04Z,2023-01-08T10:35:04Z,2
6ZfuNTqbHE8,I can’t believe I was six when this trailer came out and I LOVED marvel even back then. I remember when I saw the guardians of the galaxy in the end and I was so excited,UgwNNr0-jb2efMoo1qF4AaABAg,2023-01-08T05:43:25Z,2023-01-08T05:43:25Z,0
6ZfuNTqbHE8,AVENGERS 7 MULTIVERSE WAR,Ugw8sg6xEJ74pu1MUZ14AaABAg,2023-01-08T05:39:43Z,2023-01-08T05:39:43Z,0
6ZfuNTqbHE8,Best movie trailer ever made,UgxCWBWNuUM8IvLs-1V4AaABAg,2023-01-07T23:55:30Z,2023-01-07T23:55:30Z,1
6ZfuNTqbHE8,😭,Ugye1g95wMEVsz5Dg5B4AaABAg,2023-01-07T17:54:57Z,2023-01-07T17:54:57Z,0
6ZfuNTqbHE8,5 years shh,UgyAtWinEFFuCZiWv6B4AaABAg,2023-01-07T15:50:57Z,2023-01-07T15:50:57Z,1
6ZfuNTqbHE8,Still can't believe its been 5 years.,UgwAK58FIZZjNMFLCgJ4AaABAg,2023-01-07T14:52:43Z,2023-01-07T14:52:43Z,1
6ZfuNTqbHE8,At 2:00 nicely fooled😅,Ugyn6WBSkaqMQBXp8954AaABAg,2023-01-07T13:16:46Z,2023-01-07T13:16:46Z,1
6ZfuNTqbHE8,"Kids: ""Dad can you tell us a bed time story?""

Me: **inhales**",Ugz8rZA68LRSxqxea7x4AaABAg,2023-01-07T13:14:50Z,2023-01-07T13:15:19Z,2
6ZfuNTqbHE8,"Can we just respect that for once, the majority of humanity agreed on an unwritten thing, to keep silent about spoilers for the masterpiece?",UgzKtv-0c2VfF_6CPwF4AaABAg,2023-01-07T00:55:53Z,2023-01-07T00:55:53Z,0
6ZfuNTqbHE8,This trailer brings back all the good memories of seeing this movie and 2018 in general,UgxgY7ZQR3rWcSqzlbx4AaABAg,2023-01-06T23:26:16Z,2023-01-06T23:26:16Z,0
6ZfuNTqbHE8,Best movie ❤😢,UgyKvGZpClVxFF3hfc94AaABAg,2023-01-06T21:07:17Z,2023-01-06T21:07:28Z,1
6ZfuNTqbHE8,We can never forget the amount of goosebumps we all had when we saw this trailer and this movie in the theatres,UgwZGWtL3cdonBzZQtx4AaABAg,2023-01-06T18:59:00Z,2023-01-06T18:59:00Z,1
6ZfuNTqbHE8,2023 5 years later everybody comes home,UgzVjBwAZ5XNWHksHwd4AaABAg,2023-01-06T18:57:13Z,2023-01-06T18:57:13Z,0
6ZfuNTqbHE8,2023 and this is still badass,Ugxo5zQjcuaybc_JfGN4AaABAg,2023-01-06T18:25:33Z,2023-01-06T18:25:33Z,0
6ZfuNTqbHE8,I still get goosebumps watching the trailer !!,Ugxc4H1Eg-9Bka9JW4p4AaABAg,2023-01-06T13:54:57Z,2023-01-06T13:54:57Z,4
6ZfuNTqbHE8,This movie will change your way of looking at MCU. Trust me,Ugwqt1vGJZF5IRHNX5x4AaABAg,2023-01-06T13:07:38Z,2023-01-06T13:07:38Z,1
6ZfuNTqbHE8,"5 years later, still my favorite trailer ever and one of my favorite movies",UgxCLEqBJudUxGsN03p4AaABAg,2023-01-06T12:40:14Z,2023-01-06T12:40:14Z,0
6ZfuNTqbHE8,the trailer still holds up,UgxZAQAO4NYAhccZtCF4AaABAg,2023-01-06T12:01:14Z,2023-01-06T12:01:14Z,0
6ZfuNTqbHE8,I really miss the infinity saga ❤💔❤️‍🩹😭,Ugww5d6WwM53kZ_YiBN4AaABAg,2023-01-06T09:34:36Z,2023-01-06T09:34:36Z,0
6ZfuNTqbHE8,1:59 this scene never existed in the movie...see the hulk,UgyGNgiSLTvU8KybOE54AaABAg,2023-01-06T04:55:07Z,2023-01-06T04:55:42Z,1
6ZfuNTqbHE8,2023,UgymRIWIXM-nalS8poJ4AaABAg,2023-01-06T04:15:45Z,2023-01-06T04:15:45Z,0
6ZfuNTqbHE8,Bro I just got a lil tear in my eye. I fuckin just watched this movie like two weeks ago. 😅,UgyVnIfinaLl2Y3I5tF4AaABAg,2023-01-05T18:10:36Z,2023-01-05T18:10:36Z,0
6ZfuNTqbHE8,Nothing tops this. ENDGAME was good but we already kinda knew the ending how it would turn out. NOW THIS HAD GAVE ME CHILLS the moment the movie was over .,UgwvtPAG1f0_IypdYtV4AaABAg,2023-01-05T16:51:40Z,2023-01-05T16:51:40Z,0
6ZfuNTqbHE8,this may go down as the greatest trailer release of all time,UgymIKiyvEfXWv-sePZ4AaABAg,2023-01-05T15:14:41Z,2023-01-05T15:14:41Z,0
6ZfuNTqbHE8,Can't wait for Avengers 5 trailer music,Ugzn40USgq_s-VUsa1B4AaABAg,2023-01-05T14:49:54Z,2023-01-05T14:49:54Z,0
6ZfuNTqbHE8,2023,Ugw-HjtYxEme1c9R6Lh4AaABAg,2023-01-05T14:20:19Z,2023-01-05T14:20:19Z,0
6ZfuNTqbHE8,I'm y'all king of y'all read it or not.,UgzSqss7Jdkeejepdtt4AaABAg,2023-01-05T08:14:40Z,2023-01-05T08:14:40Z,0
6ZfuNTqbHE8,Infinity war > Endgame,UgzGH2oHfpQaR5gfSLJ4AaABAg,2023-01-05T04:48:48Z,2023-01-05T04:48:48Z,3
6ZfuNTqbHE8,It's 2023 and I still consider this the best movie trailer of all time!,UgzkBD8nywQB3oqnwp94AaABAg,2023-01-04T18:49:02Z,2023-01-04T18:49:02Z,0
6ZfuNTqbHE8,Kd os Br'S ?,UgzyovleD5AhQogywj94AaABAg,2023-01-04T18:16:18Z,2023-01-04T18:16:18Z,0
6ZfuNTqbHE8,5 years but still goosebumps,Ugw1QO7PNaa6B24ZjPJ4AaABAg,2023-01-04T17:51:52Z,2023-01-04T17:51:52Z,0
6ZfuNTqbHE8,"0:30 - 0:44
This is basically the most iconic moment of MCU",Ugy2C6beFTzSd81mWRF4AaABAg,2023-01-04T14:59:29Z,2023-01-04T14:59:29Z,0
6ZfuNTqbHE8,Watching it after 5 years gives me goosebumps like when i saw it for the first time,UgzWqvFiivbFvWhwwh94AaABAg,2023-01-04T13:41:19Z,2023-01-04T13:41:19Z,1
6ZfuNTqbHE8,"I am here today, this year being 2023, to know that 5 years have passed since the events teased above. History in the making.",UgxGUHlhXh4KeOoc8Ch4AaABAg,2023-01-04T10:00:50Z,2023-01-04T10:00:50Z,0
6ZfuNTqbHE8,Wow,Ugxqt5Io2jK8Tudxt6x4AaABAg,2023-01-04T07:25:19Z,2023-01-04T07:25:19Z,0
6ZfuNTqbHE8,Fact everyone need to except that infinity war was better than endgame ❤️🔥,Ugxz_I4xBcOLguAXnxB4AaABAg,2023-01-04T06:47:01Z,2023-01-04T06:47:01Z,3
6ZfuNTqbHE8,But the disappointing thing is they did not show us the hulk in the movies,Ugzsd78qgjkrvgkNNgJ4AaABAg,2023-01-03T23:10:19Z,2023-01-03T23:10:19Z,0
6ZfuNTqbHE8,And i'm always back to this masterpiece!!!  2023 ☝️,UgxF5DmsyXWN60Omm5J4AaABAg,2023-01-03T22:21:32Z,2023-01-03T22:21:32Z,0
6ZfuNTqbHE8,There is a Hulk in battle dad😑,UgzidofL9ZhBmc0cDfl4AaABAg,2023-01-03T20:44:19Z,2023-01-03T20:44:19Z,0
6ZfuNTqbHE8,"This is my favorite from Marvel. Most my friends only see death, but I see hope, I see strength even when all is lost. And they say I'm crazy.
 Anybody else sees that?",UgyM-X5vh0T5Vn7TWkd4AaABAg,2023-01-03T19:22:36Z,2023-01-03T19:22:36Z,1
6ZfuNTqbHE8,"It’s been 5 years, but feels like yesterday",UgxUXR5lOP9HUJQiUbt4AaABAg,2023-01-03T19:19:57Z,2023-01-03T19:19:57Z,0
6ZfuNTqbHE8,It's 2023. Who is still watching this masterpiece?,UgxZLXHQf3R9u-MoNsV4AaABAg,2023-01-03T17:55:05Z,2023-01-03T17:55:05Z,1
6ZfuNTqbHE8,"2:00 min 
How the hell is HULK in his form rather than Bruce banner in wakanda battle scene. 
😅😒 marvel makes us to expect more and sometimes less.",Ugy1LJOryrxeL7jOxSR4AaABAg,2023-01-03T17:18:09Z,2023-01-03T17:21:18Z,1
6ZfuNTqbHE8,You’ve seen the movie multiple times yet your back here watching the trailer again to relive the chills,Ugxc3cs_AeDLNHDJ6Gd4AaABAg,2023-01-03T15:10:09Z,2023-01-03T15:10:09Z,0
6ZfuNTqbHE8,5 years passed since this legendary movie showed itself,UgxLFLHOnyMHDg5VlPl4AaABAg,2023-01-03T15:01:58Z,2023-01-03T15:02:10Z,0
6ZfuNTqbHE8,I need this Marvel back,UgxUICn3sgkUXyFcRfp4AaABAg,2023-01-03T14:08:41Z,2023-01-03T14:08:41Z,2
6ZfuNTqbHE8,How did we go from this to She-Hulk?,Ugz3WO-n_uZEc2lRhBp4AaABAg,2023-01-03T14:08:12Z,2023-01-03T14:08:12Z,2
6ZfuNTqbHE8,It's better than Endgame,Ugyhv0OFvC11Fgou_HV4AaABAg,2023-01-03T13:40:59Z,2023-01-03T13:40:59Z,0
6ZfuNTqbHE8,This movie + Fortnite thanos event was hypeee!!,Ugw-7WrfzYuS7E3cW654AaABAg,2023-01-03T07:18:47Z,2023-01-03T07:18:47Z,1
6ZfuNTqbHE8,This might be the greatest super hero movie of all time . The hype up was incredible and it didn’t disappoint ; not only because of how good it was but because of the ending we didn’t expect,UgxDz0Wr48ppl2__I4Z4AaABAg,2023-01-03T05:56:20Z,2023-01-03T05:56:20Z,0
6ZfuNTqbHE8,This does put a smile on my face.,UgzJJUa8lJrDcEupcKt4AaABAg,2023-01-02T21:36:31Z,2023-01-02T21:36:31Z,2
6ZfuNTqbHE8,Avengers infinity war Left me speechless after I watched it for the first time in theaters. The hype was great and I knew with endgame I was going to relive another hype. I can’t wait for Kang dynasty because I truly believe that those two upcoming avengers movies will be better than these two. I just want to relive that avengers hype,UgySUJYMKoeZelg65zF4AaABAg,2023-01-02T19:19:00Z,2023-01-02T19:19:00Z,0
6ZfuNTqbHE8,"This Year will be the 6th. Aniversary of this Trailer releasement, on that time all of we had big expectativas, and anteriores Watched this movie we believe that is one of the Best Superhéroe movie ever made",Ugw2LC7h0KnLxdzURYR4AaABAg,2023-01-02T19:18:54Z,2023-01-02T19:18:54Z,0
6ZfuNTqbHE8,Chadwik Boseman is always missed 1:19,Ugz1SbvocbbbNHlasbN4AaABAg,2023-01-02T17:55:13Z,2023-01-02T17:55:44Z,0
6ZfuNTqbHE8,1:59 you can see the hullk  in the movie it its banner with iron mans suit,UgyLhU2qI-_Sa63Bkdx4AaABAg,2023-01-02T15:43:51Z,2023-01-02T15:43:51Z,0
6ZfuNTqbHE8,5years still giving goosebumps. And also this is the best trailer ever made in the history of cinema🔥🔥🔥,UgxD8xAxZATYWR4-fyN4AaABAg,2023-01-02T15:23:01Z,2023-01-02T15:23:01Z,0
6ZfuNTqbHE8,This was History! 2016-2019 MCU Era was the best,UgynXRmfVdZt5qTKat54AaABAg,2023-01-02T08:00:26Z,2023-01-02T08:00:26Z,2
6ZfuNTqbHE8,"Re-watching this on a loop.
Rediscovering the feeling of immense anticipation when it first dropped.
Endgame is nothing to this. Still awesome!",UgwHdCrOgQYe6TNGBBR4AaABAg,2023-01-02T06:19:11Z,2023-01-02T06:19:11Z,0
6ZfuNTqbHE8,5 years ago 😳,Ugx3Xlccp5yKRbyIITZ4AaABAg,2023-01-02T00:40:53Z,2023-01-02T00:40:53Z,0
6ZfuNTqbHE8,What a film honestly,UgxWvdKOKQVfbPmqwyR4AaABAg,2023-01-02T00:40:32Z,2023-01-02T00:40:32Z,0
6ZfuNTqbHE8,2023 Happy new year 🎉 ✨ 💖 💛 💓 💕 🎉,UgzL8n1LGGQIiF-AMAx4AaABAg,2023-01-01T17:58:00Z,2023-01-01T17:58:00Z,1
6ZfuNTqbHE8,Still goosebumps 😋😋🔥🔥2023,Ugw0lqj8IGE-VBN3ICZ4AaABAg,2023-01-01T17:57:38Z,2023-01-01T17:57:38Z,1
6ZfuNTqbHE8,I hope Marvel can produce more films like Infinity Saga,UgzZg-Qx_OOW24XeK7x4AaABAg,2023-01-01T16:57:49Z,2023-01-01T16:57:49Z,1
6ZfuNTqbHE8,"Hit LIKE, if you're still here watching 2023",UgzQLPNSn66ZB3rhV5B4AaABAg,2023-01-01T16:12:27Z,2023-01-01T16:12:27Z,2
6ZfuNTqbHE8,5 years ago… how? 😢,Ugzk1n1BMTkAnwkcusR4AaABAg,2023-01-01T15:10:33Z,2023-01-01T15:10:33Z,3
6ZfuNTqbHE8,"in 2023 and still watching this trailer , the best one ever for all movies",Ugw4WVGY9CrwpCWczwN4AaABAg,2022-12-31T23:36:30Z,2022-12-31T23:36:30Z,2
6ZfuNTqbHE8,I just realised they had hulk in there but he was never in the wakanda scene,Ugz6stl3_Era7eUORxR4AaABAg,2022-12-31T22:17:10Z,2022-12-31T22:17:10Z,1
6ZfuNTqbHE8,This was outrageous,UgwwocdEQuU1ZuQ2Wqp4AaABAg,2022-12-31T21:43:46Z,2022-12-31T21:43:46Z,1
6ZfuNTqbHE8,New year but we are still here,Ugzy5av7AG7RFXi8yhN4AaABAg,2022-12-31T21:20:34Z,2022-12-31T21:20:34Z,2
6ZfuNTqbHE8,Who still here in 2023,Ugx-_Hp6sbmEC1izpMR4AaABAg,2022-12-31T18:21:17Z,2022-12-31T18:21:17Z,2
6ZfuNTqbHE8,Todavía sigue siendo el mejor trailer y la mejor película de todo marvel,UgwZwBUmzHIgTl7c6qh4AaABAg,2022-12-31T17:54:07Z,2022-12-31T17:54:07Z,2
6ZfuNTqbHE8,Cool,UgwvFrr07xFqf23-EZN4AaABAg,2022-12-31T14:47:09Z,2022-12-31T14:47:09Z,0
6ZfuNTqbHE8,Once we will see the post credit with our characters standing at the gates of Xavier School for the gifted,UgxtVaQI87N82tavyoV4AaABAg,2022-12-31T12:26:07Z,2022-12-31T12:26:07Z,1
6ZfuNTqbHE8,"Spider-Man Kraven's Last Mission (2025) 
Spider-Man And Miles Morales will return Avengers: Secret Wars",Ugyt59uqxgHk6BLobiV4AaABAg,2022-12-31T08:13:36Z,2022-12-31T08:13:36Z,1
6ZfuNTqbHE8,"Spider-Man Kraven's Last Mission (2025) 
Spider-Man And Miles Morales will return Avengers: Secret Wars",UgycYYusUMK6DU8cfMl4AaABAg,2022-12-31T08:13:32Z,2022-12-31T08:13:32Z,0
6ZfuNTqbHE8,"Spider-Man Kraven's Last Mission (2025) 
Spider-Man And Miles Morales will return",Ugz2WFwviSRGOUjm9BV4AaABAg,2022-12-31T08:12:31Z,2022-12-31T08:12:31Z,0
6ZfuNTqbHE8,It's last day of 2022 and I am here for some goosebumps ❤️,Ugz2Y8U2ESQF8YV6KxJ4AaABAg,2022-12-31T06:51:46Z,2022-12-31T06:51:46Z,3
6ZfuNTqbHE8,"Jeez, 5 years, where the hell has time gone? I miss these types of movies, now marvel if filled with bad narratives and quirky jokes every 2 seconds…",Ugyf31P8ndYAnReHe6R4AaABAg,2022-12-31T06:21:45Z,2022-12-31T06:21:45Z,0
6ZfuNTqbHE8,"I just hope their ready onces for kang the fate of the entire
 multiverse depends on the avengers they thought thanos was  evil well just wait until you meet kang variants. see you soon.",UgywVXpiCvOLc5-w4xV4AaABAg,2022-12-31T04:18:14Z,2022-12-31T04:18:14Z,0
6ZfuNTqbHE8,Who's still watching this trailer 😊,Ugyebti4Kl4EltlYLiR4AaABAg,2022-12-30T20:55:35Z,2022-12-30T20:55:35Z,3
6ZfuNTqbHE8,The black panther line still gives me goosebumps,UgyWpWxl1h3dPkpmy6l4AaABAg,2022-12-30T19:51:29Z,2022-12-30T19:51:29Z,878
6ZfuNTqbHE8,"""We live In a society, Where honor Is a distant memory, Isn't that right, 2023?""",UgwTrtuZ5XWa6misRSl4AaABAg,2022-12-30T18:12:53Z,2022-12-30T18:12:53Z,0
6ZfuNTqbHE8,"""5 years Later Do People Still Read New Comments??"" 🫂🔥",Ugx9uNSgIkqFDoldv1F4AaABAg,2022-12-30T17:40:16Z,2022-12-30T17:40:16Z,1
6ZfuNTqbHE8,Why there is hulk,UgxMfLB7SlhpUhrtKe54AaABAg,2022-12-30T16:37:52Z,2022-12-30T16:37:52Z,0
6ZfuNTqbHE8,That chill that we get in theaters,UgxvpkRvTkyt8rsczTV4AaABAg,2022-12-30T05:44:39Z,2022-12-30T05:44:39Z,2
6ZfuNTqbHE8,Love this,UgxZiOwj4KhJmnQFkON4AaABAg,2022-12-30T04:25:23Z,2022-12-30T04:25:23Z,0
6ZfuNTqbHE8,👍👍,UgyUfKar9KOPVcVZzE54AaABAg,2022-12-30T01:47:38Z,2022-12-30T01:47:38Z,0
6ZfuNTqbHE8,The hype is real,Ugx2cRgztCc6av6h0Cx4AaABAg,2022-12-29T22:39:53Z,2022-12-29T22:39:53Z,0
6ZfuNTqbHE8,"Some people stop watching trailers after the movie.
But not us.",UgxrUyY1pEzSrzWp1E54AaABAg,2022-12-29T20:02:32Z,2022-12-29T20:02:32Z,5
6ZfuNTqbHE8,We need hulk 🥲,UgyjUgAhnt1bw2IPRc54AaABAg,2022-12-29T19:28:58Z,2022-12-29T19:28:58Z,0
6ZfuNTqbHE8,This trailer changed my life,Ugz9xdzQhh9_PaJSzON4AaABAg,2022-12-29T15:37:05Z,2022-12-29T15:37:05Z,1
6ZfuNTqbHE8,Any one noticed  hulk was in trailer in wakanda battle but not in movie,UgxNg4VfsAAJzoAd08N4AaABAg,2022-12-29T15:27:14Z,2022-12-29T15:27:14Z,0
6ZfuNTqbHE8,"Best marvel movie!


I mean endgame was good, but it will never be infinity war",UgwEIpSNItyEmk6_Rct4AaABAg,2022-12-29T15:16:11Z,2022-12-29T15:16:11Z,1
6ZfuNTqbHE8,Endgame Emotionally atached 😔😔🤩😍,UgzKiRGpXnBm_RCCwKJ4AaABAg,2022-12-29T13:32:40Z,2022-12-29T13:32:40Z,0
6ZfuNTqbHE8,0:35 I felt goosebumps,UgzklQJJSsh_KxnazAl4AaABAg,2022-12-29T09:06:19Z,2022-12-29T09:06:19Z,1
6ZfuNTqbHE8,"Evacuate the city, Engage all defenses and get this man a shield 😭✨❤️",UgxM9NCcKJ28yMiU1_d4AaABAg,2022-12-29T07:26:24Z,2022-12-29T07:26:24Z,2
6ZfuNTqbHE8,"I wish I could go back to the day this trailer dropped. The whole world was watching this all together. I was traveling at that time and everywhere I went, people were only talking about this trailer. Truly one of the best trailers and movies mankind has ever witnessed. ✨",UgyL1BiHncTetfYcegl4AaABAg,2022-12-29T07:03:34Z,2022-12-29T07:03:34Z,1
6ZfuNTqbHE8,Somebody get me a time machine pls 😩,UgxWmc8PONfgOSOYuDB4AaABAg,2022-12-28T18:51:21Z,2022-12-28T18:51:21Z,2
6ZfuNTqbHE8,"Marvel, please go back to making fims like this.",Ugw0T0u6gdf71yQ6k0V4AaABAg,2022-12-28T18:22:46Z,2022-12-28T18:22:46Z,1
6ZfuNTqbHE8,swordplay movies vs Dc,UgzfzMxzxM5Ki5_UUA94AaABAg,2022-12-28T11:23:20Z,2022-12-28T11:23:20Z,0
6ZfuNTqbHE8,Still goosebumps...,Ugwu4FSRApr4AFEthwZ4AaABAg,2022-12-28T04:30:19Z,2022-12-28T04:30:19Z,0
6ZfuNTqbHE8,This is peak marvel right here💯,Ugz5jEPJlYW3v-5-lXp4AaABAg,2022-12-27T23:49:21Z,2022-12-27T23:49:21Z,2
6ZfuNTqbHE8,"This is historic!.. I remember watching it for the first time.. I was 8 at the time and it was the best time of my life, I miss the trailers with Disney characters... this was all HISTORIC!",UgxAuwe1-X90xnk4Lxl4AaABAg,2022-12-27T21:02:21Z,2022-12-27T21:02:21Z,0
6ZfuNTqbHE8,"Still watch this trailer fairly often, best mcu movie imo",UgwWMT36BKJ4utUZBgt4AaABAg,2022-12-27T19:17:23Z,2022-12-27T19:17:23Z,2
6ZfuNTqbHE8,It's 2023 bro...👏,UgyeJ2qZVUeU_ty7n5F4AaABAg,2022-12-27T17:10:27Z,2022-12-27T17:10:27Z,1
6ZfuNTqbHE8,I turn into a superheroe,UgwaIrlu504Gr83uUXJ4AaABAg,2022-12-27T17:05:50Z,2022-12-27T17:05:50Z,0
6ZfuNTqbHE8,Im a New superhéroe my name is supersayan,UgwFroGJSepXfgZaEPB4AaABAg,2022-12-27T17:04:08Z,2022-12-27T17:04:08Z,1
6ZfuNTqbHE8,Man...what has Marvel become now 🥲,Ugx9dGUzdE8vnnfh9zd4AaABAg,2022-12-27T15:56:17Z,2022-12-27T15:56:17Z,2
6ZfuNTqbHE8,Like it if you're the person watching it in 2022,UgwZ6HefhkB3uwq3Ga54AaABAg,2022-12-27T14:26:26Z,2022-12-27T14:26:26Z,2
6ZfuNTqbHE8,"The greatest marvel movie of all time, we will remember this experience forever 😢",Ugyr0eRVgPvhA5XC89R4AaABAg,2022-12-27T14:20:26Z,2022-12-27T14:20:26Z,0
6ZfuNTqbHE8,"Name is appropriate , infinity  war , we will always be fighting infinite times that infinity war is the best marvel movie ever made",Ugx56S6PRqt38GUt6iZ4AaABAg,2022-12-27T10:59:27Z,2022-12-27T10:59:27Z,1
6ZfuNTqbHE8,Best Trailer Ever,Ugx5e3UGM6r1JtjlKPN4AaABAg,2022-12-27T10:08:28Z,2022-12-27T10:08:28Z,1
6ZfuNTqbHE8,I'm Japanese. I definitely watch it once every six months.,UgxbFwqubtlg3KSAoQp4AaABAg,2022-12-26T21:47:03Z,2022-12-26T21:47:03Z,1
6ZfuNTqbHE8,"Yea back after 5 years I was watching this only when I got blipped, oh yea I am back is this released??",UgzOENtcpoUeiU_LAYR4AaABAg,2022-12-26T13:45:07Z,2022-12-26T13:45:07Z,4
6ZfuNTqbHE8,THIS WAS 5 YEARS AGO??????????? wtf,Ugx-qALix-SRMBumea54AaABAg,2022-12-26T13:08:59Z,2022-12-26T13:08:59Z,2
6ZfuNTqbHE8,"Love you 3000 💕💕💕
IronMan fans like here 👎👎👎",UgweUUTGLTEaR0cye_x4AaABAg,2022-12-26T12:55:27Z,2022-12-26T12:55:27Z,1
6ZfuNTqbHE8,0:52 COULSON,UgypLpoXUqqpkgcJfeh4AaABAg,2022-12-26T03:14:32Z,2022-12-26T03:14:32Z,3
6ZfuNTqbHE8,You notice hulk,UgwAhm8TKJd86OuyP9h4AaABAg,2022-12-25T21:19:52Z,2022-12-25T21:19:52Z,1
6ZfuNTqbHE8,🥺🥺,Ugwzcu5Dki79eBM1yFF4AaABAg,2022-12-25T06:46:50Z,2022-12-25T06:46:50Z,2
6ZfuNTqbHE8,Future generations will not know the hype for this,UgweIuo2FWxdiL6-XPp4AaABAg,2022-12-24T22:14:28Z,2022-12-24T22:14:28Z,7
6ZfuNTqbHE8,Its over but we still come here all the time,UgyzOGgEA47CoeNcvpt4AaABAg,2022-12-24T16:35:31Z,2022-12-24T16:35:31Z,4
6ZfuNTqbHE8,"Até hj eu tenho arrepios com esse trailer, sem falar no filme é claro",UgzMx29bLxxtR5LSsbV4AaABAg,2022-12-24T07:08:43Z,2022-12-24T07:08:43Z,4
6ZfuNTqbHE8,I think this movie is very ahead of its time,UgyhmPwzek59RKIs4Ad4AaABAg,2022-12-24T06:40:59Z,2022-12-24T06:40:59Z,4
6ZfuNTqbHE8,This is the only marvel trailer that has lots of views,Ugz9ElcXutdQAc2X8iR4AaABAg,2022-12-23T20:54:00Z,2022-12-23T20:54:00Z,3
6ZfuNTqbHE8,Has it really been 5 years? 😳,UgxNRhsajT3zJv_cMG14AaABAg,2022-12-23T19:03:31Z,2022-12-23T19:03:31Z,3
6ZfuNTqbHE8,Can we go back to that time please..,UgyJwEOre6f-dOXgpad4AaABAg,2022-12-23T18:53:21Z,2022-12-23T18:53:21Z,4
6ZfuNTqbHE8,There is something REALLY EPIC about this trailer even after watching the movie. I watch this trailer 3 times everyday lol,UgzL5Xd84Dx3Qy-1Vm94AaABAg,2022-12-23T18:29:05Z,2022-12-23T18:29:05Z,1
6ZfuNTqbHE8,"I am father now, this movie release time I was man , I am go na tell my kid this as a bed time story",UgxHdEo5Qtm9Xg8Sz1R4AaABAg,2022-12-23T18:20:20Z,2022-12-23T18:20:20Z,1
6ZfuNTqbHE8,258,Ugxx754nPDRIuO16hxx4AaABAg,2022-12-23T18:07:08Z,2022-12-23T18:07:08Z,0
6ZfuNTqbHE8,"I miss those days when mcu meant drama, story, emotions, and suspense.
Now it's just comedy.",UgyMZfIL-oXnzdAMC-94AaABAg,2022-12-23T14:09:59Z,2022-12-23T14:09:59Z,2
6ZfuNTqbHE8,"Before 2022 ends, im still watching",UgziVvmlfBr1xT71gM94AaABAg,2022-12-23T09:01:39Z,2022-12-23T09:01:39Z,1
6ZfuNTqbHE8,"2:00
Marvel is about to change this trailer very soon lol",Ugy4RVlHsovxltFlPFl4AaABAg,2022-12-23T05:01:08Z,2022-12-23T05:01:08Z,1
6ZfuNTqbHE8,Anyone notice at last Hulk is here but in movie not appear,Ugz9oUU9_sl1n1duoJp4AaABAg,2022-12-23T05:00:24Z,2022-12-23T05:00:24Z,0
6ZfuNTqbHE8,They literally showed hulk in the trailer.,UgwTJp9v5tpAY9l6qgp4AaABAg,2022-12-23T03:57:05Z,2022-12-23T03:57:05Z,0
6ZfuNTqbHE8,Fun isn’t something one considers when rewatching trailers. But this…puts a smile on my face,UgwkYXngFrWAEetr11R4AaABAg,2022-12-23T02:35:44Z,2022-12-23T02:35:44Z,5
6ZfuNTqbHE8,"00:30 to 00:45, just goosebumps",UgwXazlujXVKJb1g-w54AaABAg,2022-12-22T21:54:30Z,2022-12-22T21:54:30Z,6
6ZfuNTqbHE8,"In recent news, movie trailers are getting sued for false advertising....we never got that scene of the Avengers charging! Haha",UgxAuczbvvJXz1w85Vt4AaABAg,2022-12-22T20:00:06Z,2022-12-22T20:00:06Z,4
6ZfuNTqbHE8,"It’s soo good, the chills even after 5 years. Just 💯❤️",UgxzLcUk7NUFjZbKAPB4AaABAg,2022-12-22T17:23:15Z,2022-12-22T17:23:15Z,1
6ZfuNTqbHE8,"can't control our goosebumps 
when i watched this movie I was 11 years old boy ....",UgxEitZy9Kwgw1fPRv54AaABAg,2022-12-22T15:38:59Z,2022-12-22T15:38:59Z,1
6ZfuNTqbHE8,Greatest Marvel Masterpiece,Ugwixg5NwT85NAhgTXl4AaABAg,2022-12-22T15:01:51Z,2022-12-22T15:01:51Z,2
6ZfuNTqbHE8,Damm 5 yrs dam bro,UgyT1UmZXkvs28WGkhZ4AaABAg,2022-12-22T13:28:21Z,2022-12-22T13:28:21Z,2
6ZfuNTqbHE8,nice,UgyooP_w7g3OOEyCFyF4AaABAg,2022-12-22T11:57:10Z,2022-12-22T11:57:10Z,2
6ZfuNTqbHE8,"The goosebumps haven’t reduced........
It keeps increasing each time I watch the trailer 🥶🥶",Ugz_DrtaHT0QG654heJ4AaABAg,2022-12-22T10:17:08Z,2022-12-22T10:17:08Z,6
6ZfuNTqbHE8,1:59 Marvel better get ready for that lawsuit.,Ugx5frmLQiTrWNl8id94AaABAg,2022-12-22T05:13:32Z,2022-12-22T05:13:32Z,7
6ZfuNTqbHE8,I miss watching this trailer makes me very nostalgic and makes me feel weird.,UgwklmNTd4s7WEgOwrd4AaABAg,2022-12-22T04:52:10Z,2022-12-22T04:52:10Z,1
6ZfuNTqbHE8,I think gonna be easy if handled by X-Men team,UgytsSzXQVDFl4wZzId4AaABAg,2022-12-22T00:42:52Z,2022-12-22T00:42:52Z,0
6ZfuNTqbHE8,"Still one of the best trailers ever, Still get goosebumps",UgyMjjKwcvFH06U614R4AaABAg,2022-12-21T19:01:03Z,2022-12-21T19:01:03Z,2
6ZfuNTqbHE8,The best comic movie of all time!!’,Ugxdd9dXbn3scbPRuLF4AaABAg,2022-12-21T14:27:03Z,2022-12-21T14:27:03Z,2
6ZfuNTqbHE8,"5 years and still give me goosebumps.
Came here randomly only to realise how life was so good when this trailer dropped...Miss it so badly.
Infinity war is the best MCU movie!!!",Ugxhu35XQOh0z8yfh6R4AaABAg,2022-12-21T14:23:00Z,2022-12-21T14:24:12Z,1
6ZfuNTqbHE8,Seems like it was dropped just yesterday.  Goosebumps still ..,UgxN0GBoD7XX7bWHJhd4AaABAg,2022-12-21T13:14:17Z,2022-12-21T13:14:17Z,0
6ZfuNTqbHE8,Did anybody notice the hulk was running in the trailer,Ugy0MjjnhAgvdPS411t4AaABAg,2022-12-21T11:05:36Z,2022-12-21T11:05:36Z,2
6ZfuNTqbHE8,"""I cant belive its already 5 years"" 😭😭",Ugyh_pdgPmBpuMRFVRx4AaABAg,2022-12-21T09:03:47Z,2022-12-21T09:03:47Z,3
6ZfuNTqbHE8,5 fking years to the era... marvel will never be the same.....,UgxwMTypSBBrL7eDI-54AaABAg,2022-12-20T21:10:00Z,2022-12-20T21:10:00Z,2
6ZfuNTqbHE8,Its ok,Ugzf9rsgSn2gqkDHia94AaABAg,2022-12-20T21:06:39Z,2022-12-20T21:06:39Z,1
6ZfuNTqbHE8,Why did they did get hulk in wakanda fight,UgzHGeVFTxMp8foCE9J4AaABAg,2022-12-20T17:33:33Z,2022-12-20T17:33:33Z,0
6ZfuNTqbHE8,Dread it run from it goosebumps always arrive,UgxIvrh0ToHWGSDRB_94AaABAg,2022-12-20T16:04:58Z,2022-12-20T16:04:58Z,0
6ZfuNTqbHE8,Thumbnail ‘hulk’💀,UgxALc3IfnFZNx0sYUx4AaABAg,2022-12-20T14:27:55Z,2022-12-20T14:27:55Z,0
6ZfuNTqbHE8,I think I watch this trailer once a month. This trailer is better than all the movies that have come out in phase 4.,Ugzdus56pLwLGMPoyoV4AaABAg,2022-12-20T06:58:40Z,2022-12-20T06:58:40Z,14
6ZfuNTqbHE8,It was not a movie. It was a celebration ❤️,UgxIAlfL_V838yzKXYl4AaABAg,2022-12-20T06:34:35Z,2022-12-20T06:34:35Z,3
6ZfuNTqbHE8,ZSJL is way better,UgzqfebnvDfji8m8A1B4AaABAg,2022-12-20T05:33:11Z,2022-12-20T05:33:11Z,0
6ZfuNTqbHE8,ഇപ്പോളും 🔥 രോമാഞ്ചത്തിന് ഒരു കുറവും ഇല്ല 💥,UgyxNc6G5lzPUWP6g6t4AaABAg,2022-12-20T04:41:52Z,2022-12-20T04:41:52Z,2
6ZfuNTqbHE8,5 years dang,Ugy34oX6iJ88E9eBtWV4AaABAg,2022-12-20T03:09:07Z,2022-12-20T03:09:07Z,1
6ZfuNTqbHE8,2022 still the best trailer I’ve seen in my life,UgzFYW6GVHtgUEWpGf94AaABAg,2022-12-20T01:21:42Z,2022-12-20T01:21:42Z,1
6ZfuNTqbHE8,Being in tutor group before Wednesday compulsory activities at school. Skipping them with my housemates to watch this and analyse it for three hours. The golden days.,UgxINkTxbJxzarDNhet4AaABAg,2022-12-20T00:04:52Z,2022-12-20T00:04:52Z,10
6ZfuNTqbHE8,5 years ago. This movie had me creating a bunch of theories in class,UgwXCXIq9lWJlQ6AQNZ4AaABAg,2022-12-19T23:41:47Z,2022-12-19T23:41:47Z,0
6ZfuNTqbHE8,Fun fact this released on Chadwick Boseman's 41st birthday,Ugx5t4MxgrSSI_bJ0Wh4AaABAg,2022-12-19T21:19:27Z,2022-12-19T21:19:27Z,0
6ZfuNTqbHE8,I love Endgame WAY more but this trailer is the best,UgzGKPjrTYa7E-AFaJB4AaABAg,2022-12-19T19:49:13Z,2022-12-19T19:49:13Z,0
6ZfuNTqbHE8,Still disappointed Hulk wasn't there in wakanda battle.,Ugw6EnSV7whBmrX6kpl4AaABAg,2022-12-19T15:11:04Z,2022-12-19T15:11:04Z,0
6ZfuNTqbHE8,"Ayer five years, this trailer is the most epic trailer in Marvel history",Ugz3Q0DJlzaEGMZVRvF4AaABAg,2022-12-19T11:46:01Z,2022-12-19T11:46:01Z,14
6ZfuNTqbHE8,Chills. Literal chills. The theme💯 movie💯 vibe💯,Ugw1W_PJVgPg-p50K9h4AaABAg,2022-12-19T10:13:22Z,2022-12-19T10:13:22Z,1
6ZfuNTqbHE8,I'm watching it today and it still gives me goosebumps ❤️❤️😭,Ugxj2BWa4DGNyOc2tNl4AaABAg,2022-12-19T08:05:57Z,2022-12-19T08:05:57Z,3
6ZfuNTqbHE8,I wish Avengers Infinity War was different with all of 🐂 the 🎭 MCU movie 🎦 and TV 📺 characters working ⚒ together and have a wonderful soundtrack 🔊 featuring 🔮 songs from 🐸 some of🐂 today's favorite artists🎨 and 🐜 groups,Ugwz2I1khrYLqs7cb5l4AaABAg,2022-12-19T07:38:15Z,2022-12-19T07:38:15Z,0
6ZfuNTqbHE8,"best movie ever, nothing will ever beat that feeling watching it in theatres for the first time in 2018",UgylJX-C9o0FRiGQA794AaABAg,2022-12-19T05:40:13Z,2022-12-19T05:40:13Z,3
6ZfuNTqbHE8,I can't believe that was 5 years ago.,Ugy1wMfKzmBci_Nzg994AaABAg,2022-12-18T18:55:23Z,2022-12-18T18:55:23Z,1
6ZfuNTqbHE8,Top 3 along with winter soldier & iron man 1,UgwsyfbdAh3PZHnS4_p4AaABAg,2022-12-18T17:18:04Z,2022-12-18T17:18:04Z,1
6ZfuNTqbHE8,GREATEST TRAILER EVER MADE 🙏💟,UgwIWo0C3fp1tmk2usd4AaABAg,2022-12-18T16:33:56Z,2022-12-18T16:33:56Z,25
6ZfuNTqbHE8,Best marvel movie ever ♥️,UgxEDEOPl9r4PUUgHsx4AaABAg,2022-12-18T08:33:40Z,2022-12-18T08:33:40Z,4
6ZfuNTqbHE8,🔥🔥🔥 Even it’s been 5 yrs… this movie still give goosebumps 🔥🔥🔥🔥🔥🔥🔥,UgxC3HqZj8vzD18PSvJ4AaABAg,2022-12-18T05:20:21Z,2022-12-18T05:20:21Z,10
6ZfuNTqbHE8,Marvel 10x more successful than DCU. Hopefully James Gunn does killer work!!,Ugzeq7R-Var7IjTLayl4AaABAg,2022-12-18T02:22:27Z,2022-12-18T02:22:27Z,0
6ZfuNTqbHE8,"Came back 5 years later, still got goosebumps.",Ugx9Hxj7LFTIvlBmWvd4AaABAg,2022-12-17T22:15:49Z,2022-12-17T22:15:49Z,1854
6ZfuNTqbHE8,"This movie was gen z’s Star Wars, every single person went to watch it and everyone loved it",Ugyj6A-K67ZF52zRrZV4AaABAg,2022-12-17T16:33:59Z,2022-12-17T16:33:59Z,47
6ZfuNTqbHE8,I was shocked not seeing cap 1st but then i understand they put cap later bcz of his new look,UgxzuynsbjetLDQImrF4AaABAg,2022-12-17T15:42:43Z,2022-12-17T15:42:43Z,0
6ZfuNTqbHE8,just here for some good old nostalgia,UgxkZPBQwvtmC9CdfQR4AaABAg,2022-12-17T01:00:37Z,2022-12-17T01:00:37Z,1
6ZfuNTqbHE8,"Can’t believe this was 5 years ago😮. Where did all the time go?
I remember watching this as a joyful teenager and now, I am just another young adult trying to figure out his life 😢",UgzhYaYTnGcX1OwteK94AaABAg,2022-12-16T16:41:58Z,2022-12-16T16:41:58Z,1
6ZfuNTqbHE8,It’s been 5 year bruh whatt,UgzsMN-UFmJUFv4iJfB4AaABAg,2022-12-16T16:16:49Z,2022-12-16T16:16:49Z,0
6ZfuNTqbHE8,"Any movie's can't break the record of  KGF chapter -2 teaser 🔥
266M views🔥
9.8M likes 🔥
🇳🇵",UgzVpGp3EmQMgnaIeWF4AaABAg,2022-12-16T14:38:29Z,2022-12-16T14:38:39Z,0
6ZfuNTqbHE8,5 years on - this trailer is still one of the finest ever made,Ugz7GDsrTASCfm0pJNp4AaABAg,2022-12-16T13:26:41Z,2022-12-16T13:26:41Z,65
6ZfuNTqbHE8,Infinity War was something else.. balanced as all things should be.,UgxvWcoN7PLMdY74krp4AaABAg,2022-12-16T03:00:55Z,2022-12-16T03:03:45Z,93
6ZfuNTqbHE8,Amazing movie cl🎉🎉woooh congratyd,UgyyzddqLhjk3bcKvS94AaABAg,2022-12-15T23:20:24Z,2022-12-15T23:20:24Z,0
6ZfuNTqbHE8,Dead movie hehe,UgzwkuEIksYBxY7_LAV4AaABAg,2022-12-15T23:17:34Z,2022-12-15T23:17:34Z,0
6ZfuNTqbHE8,I literally watched this trailer everyday leading up to the release. I don’t know if I’ll ever have a movie experience like that ever again.,UgwDBXowWgNdc5d8GUh4AaABAg,2022-12-15T23:13:25Z,2022-12-15T23:13:25Z,544
6ZfuNTqbHE8,5 years already😭,UgySIX0oR36XcA0I0B14AaABAg,2022-12-15T18:29:35Z,2022-12-15T18:29:35Z,2
6ZfuNTqbHE8,back here agn😭😭,UgwtavLLVaYC3-Jdt6Z4AaABAg,2022-12-15T17:34:02Z,2022-12-15T17:34:02Z,0
6ZfuNTqbHE8,No.... 5 years ago! I miss the infinity saga so much! Seeing Infinity War and Endgame in theaters were truly the best moments of my life.,Ugx6fDVKHyRyXRnRRlp4AaABAg,2022-12-15T15:40:45Z,2022-12-15T15:40:45Z,68
6ZfuNTqbHE8,5 years later this still gives me goosebumps,UgyVg9zhpU3bZhQoOTt4AaABAg,2022-12-15T12:53:47Z,2022-12-15T12:53:47Z,1
6ZfuNTqbHE8,1:59 they fooled us😅,UgwNOfZLn1BL7sBCU_V4AaABAg,2022-12-15T08:23:43Z,2022-12-15T08:24:35Z,1
6ZfuNTqbHE8,M-She-U phase 4 hasn't lived up to this,Ugy9Nw3g4Qa7GKTQIoh4AaABAg,2022-12-15T04:06:39Z,2022-12-15T04:06:39Z,0
6ZfuNTqbHE8,I still love watching this,UgxFdp-BOJYIAqpYDIF4AaABAg,2022-12-14T19:16:03Z,2022-12-14T19:16:03Z,2
6ZfuNTqbHE8,Once in a lifetime 🔥🔥,Ugwy_IWDI-rP6DSQYMR4AaABAg,2022-12-14T17:56:19Z,2022-12-14T17:56:19Z,2
6ZfuNTqbHE8,I’m lucky enough to experience the theater opening date👏🏽,Ugy3wuRwzKjaLjb5TKB4AaABAg,2022-12-14T06:23:33Z,2022-12-14T06:23:33Z,10
6ZfuNTqbHE8,December 2017 and early 2018 AMC 🎭 and Blu Ray discs like Last Jedi Paddington 2 Early Man Wrinkle in Time Coco and 🌊 Patrol,UgzV4bnQE7VBlIDZEMd4AaABAg,2022-12-13T10:36:48Z,2023-01-25T23:25:34Z,1
6ZfuNTqbHE8,Infinity waŕ,Ugy9ioGSUvMmrKYS2sR4AaABAg,2022-12-13T04:22:37Z,2022-12-13T04:22:37Z,0
6ZfuNTqbHE8,This film... still the best in the MCU. The Kang Dynasty and Secret Wars will have some heavy lifting to do to beat this.,Ugyvk3VdX4LI1zX0eKx4AaABAg,2022-12-13T04:08:07Z,2022-12-13T04:08:07Z,1
6ZfuNTqbHE8,They promised me The Hulk in that all out scene smh 😫,UgwbqzC3cy9b06yhc6J4AaABAg,2022-12-13T01:06:49Z,2022-12-13T01:06:49Z,30
6ZfuNTqbHE8,Buckyyyyy 😻,UgzSLrKi5Kf1JskZnUB4AaABAg,2022-12-13T00:07:29Z,2022-12-13T00:07:29Z,0
6ZfuNTqbHE8,This was the better trailer,UgyMRXUEAAIkw0J_vId4AaABAg,2022-12-12T23:41:22Z,2022-12-12T23:41:22Z,0
6ZfuNTqbHE8,I'm here in December 2022. 😀,UgzZLx-0x6UzcbTQ5x94AaABAg,2022-12-12T21:01:43Z,2022-12-12T21:01:43Z,3
6ZfuNTqbHE8,5 years and still give me goosebumps,Ugwikb8zcF1S3AsOqNN4AaABAg,2022-12-12T14:01:46Z,2022-12-12T14:01:46Z,4907
6ZfuNTqbHE8,BEST MARVEL MOVIE EVER MADE. PERIOD!!!!!!,UgynxtnLZzS1DTZ954t4AaABAg,2022-12-12T09:50:18Z,2022-12-12T09:50:18Z,2
6ZfuNTqbHE8,"In my opinion, this is and will forever be the best Marvel movie

Edit: Okay, Winter Soldier is pretty fire as well 🔥",UgwFGEAPQ_gEEPugsCd4AaABAg,2022-12-12T06:48:37Z,2023-02-15T00:54:19Z,2343
6ZfuNTqbHE8,"In this movie, the Hulk is clearly visible in the trailer scene, but in the movie, Bruce Banner was in the Hulk Buster. 🙄",UgyfZXkNoqyXImjRend4AaABAg,2022-12-12T04:16:56Z,2022-12-12T04:16:56Z,0
6ZfuNTqbHE8,THIS WAS THE GREATEST MOVIE OF ALL TIME!!!!!!!!!!!!!!!!!!!!,Ugz7yjqxLYn0AAWyIj94AaABAg,2022-12-12T03:30:35Z,2022-12-12T03:30:35Z,9
6ZfuNTqbHE8,5 year mark,UgyiqVHt1AEFXTAgZOd4AaABAg,2022-12-11T21:15:54Z,2022-12-11T21:15:54Z,0
6ZfuNTqbHE8,I wish I can relive this moment in theaters,UgzNpl9q7aTHO7gTnul4AaABAg,2022-12-11T01:36:59Z,2022-12-11T01:36:59Z,5
6ZfuNTqbHE8,Marvel can never be like this again🥲,UgxUTkh1JVMZFNpajRR4AaABAg,2022-12-10T21:34:54Z,2022-12-10T21:34:54Z,2
6ZfuNTqbHE8,When will we get to see them again together?🙃,UgwCRhxCvHcUJ7C6MK94AaABAg,2022-12-10T10:42:29Z,2022-12-10T10:42:29Z,5
6ZfuNTqbHE8,wait...i just noticed.   hulk is in the trailer but he didn't come out in the actual movie during the bug fight,UgyKWsmfHtpGIYGlWIZ4AaABAg,2022-12-10T07:24:57Z,2022-12-10T07:24:57Z,4
6ZfuNTqbHE8,Wait what you can see hulk in the background but in the movie you didnt see him in battle,UgzE3-LuLZo_z8l1fAl4AaABAg,2022-12-10T05:36:43Z,2022-12-10T05:36:43Z,2
6ZfuNTqbHE8,This is 2022 and this movie is almost about 4-5 years old and marvel fans still watching it's trailer,Ugzv6J1veio-c4Sh2fJ4AaABAg,2022-12-10T03:47:03Z,2022-12-10T03:47:03Z,6
6ZfuNTqbHE8,POV:u watch this trailer 5 yrs ago,UgyHlTSsGOPu68arQvV4AaABAg,2022-12-10T01:52:38Z,2022-12-10T01:52:38Z,3
6ZfuNTqbHE8,1:29,UgwC-YWhvcsGEdp-sBl4AaABAg,2022-12-09T23:24:38Z,2023-01-10T04:12:35Z,1
6ZfuNTqbHE8,One of the most hype-inducing trailers of all time,Ugy-8hMKCo2ndBm_G-d4AaABAg,2022-12-09T20:38:22Z,2022-12-09T20:38:22Z,15
6ZfuNTqbHE8,Life isn't complete without going back to this trailer at least every 3-4 months,Ugwo4XXGk-30Qujqkzt4AaABAg,2022-12-09T20:38:03Z,2022-12-09T20:38:03Z,1153
6ZfuNTqbHE8,1:14 incredible,UgzMYfOSzetAUEEISFl4AaABAg,2022-12-09T18:30:45Z,2022-12-09T18:30:45Z,0
6ZfuNTqbHE8,"Still KGF 2 is Most Viewed  Teaser in the World.
Mark my words---------
KGF 3 will break all records in the world.
Rocky's next target is world.",UgzAE7jnzKQFnUiqjzp4AaABAg,2022-12-09T15:39:19Z,2022-12-09T15:39:19Z,0
6ZfuNTqbHE8,Same vibe after 5 years,UgxS-yPchw8iH11lD794AaABAg,2022-12-09T07:44:51Z,2022-12-09T07:44:51Z,5
6ZfuNTqbHE8,"This has to be one of the main highlights of the 21st Century
Whootwhoot 🎉🎉",UgzGyxRYC0xaSEhe9M14AaABAg,2022-12-09T07:02:41Z,2022-12-09T07:02:41Z,1
6ZfuNTqbHE8,"Back when the theatres turned into stadiums. Thank you, Marvel❤️",UgzOPsuoiLxqqdrPec14AaABAg,2022-12-09T06:49:31Z,2022-12-09T06:49:31Z,6
6ZfuNTqbHE8,J’adore Marvel ❤,UgxCr8rlcxdjfyPRLGN4AaABAg,2022-12-08T19:05:51Z,2022-12-08T19:05:51Z,5
6ZfuNTqbHE8,Still makes the hype,UgyAvFh2dzk6Je7WE-F4AaABAg,2022-12-08T13:57:18Z,2022-12-08T13:57:18Z,1
6ZfuNTqbHE8,"I remember my first time watching his back in 2017 I was so hyped for Infinity War, the nostalgia was real watching the Infinity War trailer again.",UgxlL8jCJLQ_pdknkQJ4AaABAg,2022-12-08T01:06:03Z,2022-12-08T01:06:03Z,4
6ZfuNTqbHE8,Qq1jif,UgzKJbxu3EP_61gKof94AaABAg,2022-12-08T00:38:41Z,2022-12-08T00:38:41Z,0
6ZfuNTqbHE8,Cant beleive this was 5 yrs ago 😐😮😭😭,Ugz5s49u9hkMnPe0zet4AaABAg,2022-12-07T23:00:43Z,2022-12-07T23:00:43Z,3
6ZfuNTqbHE8,2022,UgxOP3_hXy2nSu50SlN4AaABAg,2022-12-07T21:27:09Z,2022-12-07T21:27:09Z,0
6ZfuNTqbHE8,The fact that this trailer is 5 years old now 💀💀💀,UgxLcbBg9-l7s2xU27Z4AaABAg,2022-12-07T21:03:27Z,2022-12-07T21:03:27Z,4
6ZfuNTqbHE8,4 years have passed and I am daily watch this trailer. A MCU fan from 🇵🇰,Ugw037u8eFfidSwHtIx4AaABAg,2022-12-07T18:00:02Z,2022-12-07T18:00:02Z,4
6ZfuNTqbHE8,It's 2022 and I still cry when I watch this trailer.,UgwsFwm8HVrGBaB7oyt4AaABAg,2022-12-07T15:15:17Z,2022-12-07T15:15:17Z,0
6ZfuNTqbHE8,i still get goosebumps watching this trailer,UgyVti3FcXy_U_aNCr14AaABAg,2022-12-07T14:06:09Z,2023-01-03T09:04:57Z,9
6ZfuNTqbHE8,Unpopular Opinion: Infinity War > Endgame.,Ugwuu0Sawvws-pxMC914AaABAg,2022-12-07T13:56:32Z,2022-12-07T13:56:32Z,6
6ZfuNTqbHE8,Hace tiempo que no veía este trailer y me emocione como la primera vez que lo vi !!,Ugx69u7ilNvB81Lgkt54AaABAg,2022-12-07T03:01:34Z,2022-12-07T03:01:34Z,29
6ZfuNTqbHE8,The fact this is an avengers film and they included guardians of the galaxy,UgzXMQgaOOv396wsJYZ4AaABAg,2022-12-07T01:52:22Z,2022-12-07T01:52:22Z,1
6ZfuNTqbHE8,They should turn this into a movie or something,Ugx-GI-Nel6xUnEwum54AaABAg,2022-12-07T01:20:07Z,2022-12-07T01:20:07Z,2
6ZfuNTqbHE8,5 Years?,UgyDXqhqYtp9NmOTk-54AaABAg,2022-12-06T23:16:20Z,2022-12-06T23:16:20Z,1
6ZfuNTqbHE8,5 freaking years. What a masterpiece of a trailer and a movie. The hype of seeing this and endgame was unreal,UgxuC7tEtcufpik9HcV4AaABAg,2022-12-06T22:45:54Z,2022-12-06T22:45:54Z,3
6ZfuNTqbHE8,The greatest marvel trailer 5 yes and counting,Ugxby3cqpI4OdsoKEy54AaABAg,2022-12-06T18:46:47Z,2022-12-06T18:46:47Z,0
6ZfuNTqbHE8,ITS been five years since we got the first trailer for Avengers : Infinity war Its just 🤯,UgyMOU3tr-uhZ2MBFMd4AaABAg,2022-12-06T18:02:36Z,2022-12-06T18:02:36Z,6
6ZfuNTqbHE8,Whose watching this trailer on 2024,UgwBN0CIWSzxxF1Mrd94AaABAg,2022-12-06T15:49:15Z,2022-12-06T15:49:15Z,1
6ZfuNTqbHE8,"This trailer was laminated so beautifully , Alan Silvestri's music, thanos's dialogues and the visuals of pure hype was prime time of Marvel",Ugz7VbSbUJxKRPc61sR4AaABAg,2022-12-06T11:33:23Z,2022-12-06T11:33:33Z,1
6ZfuNTqbHE8,saudade dessa época,UgyFj58Iwx58OQo5VQl4AaABAg,2022-12-06T08:22:44Z,2022-12-06T08:22:44Z,1
6ZfuNTqbHE8,I miss this,UgzChLboNi50zlhCM5N4AaABAg,2022-12-06T05:07:29Z,2022-12-06T05:07:29Z,1
6ZfuNTqbHE8,Why ? Thor Waqnda Entry Give Me Ghosbumpes,UgzKgaRBiQiBDV8H0Kd4AaABAg,2022-12-05T17:36:12Z,2022-12-05T17:36:12Z,0
6ZfuNTqbHE8,Again and again I'm watching because of captain America 😣😭,UgzTFkbzZ4G-nJyo6Z94AaABAg,2022-12-05T15:29:38Z,2022-12-05T15:29:38Z,1
6ZfuNTqbHE8,Dec  2022 anyone?,UgybI_4tnJXqsNsWG9J4AaABAg,2022-12-05T11:16:38Z,2022-12-05T11:16:38Z,2
6ZfuNTqbHE8,Any one is here to see avengers again in Theaters...,Ugx4x_jhbxdFovlguyN4AaABAg,2022-12-05T08:45:49Z,2022-12-05T08:45:49Z,0
6ZfuNTqbHE8,bilAL,UgzWntQkf364eqEz5pV4AaABAg,2022-12-05T08:17:25Z,2022-12-05T08:17:25Z,0
6ZfuNTqbHE8,I miss when Marvel actually produced good content,UgydSHdLh5fWC5Qk-EF4AaABAg,2022-12-05T08:04:42Z,2022-12-05T08:04:42Z,45
6ZfuNTqbHE8,So we literally just blipped 5 years into the future,UgxuzmL7Qxgh5IOLc4x4AaABAg,2022-12-05T07:16:27Z,2022-12-05T07:16:27Z,0
6ZfuNTqbHE8,I just noticed Thanos is shown having two stones while fighting ironman but at that point he already had 4,Ugwu8_ASMo6g0lsgqYF4AaABAg,2022-12-05T04:50:20Z,2022-12-05T04:50:20Z,0
6ZfuNTqbHE8,Sad to see marvel is declining,UgyCwKtakXvlnOoemRB4AaABAg,2022-12-05T00:22:55Z,2022-12-05T00:22:55Z,3
6ZfuNTqbHE8,"coming back to this masterpiece, now that we're right in the middle between this and avengers Kang Dynasty and fcking Secret Wars!!
Let's hope they don't mess up phases 5+6..",Ugwdp4NmW-RreibWU894AaABAg,2022-12-04T18:29:47Z,2022-12-04T18:29:47Z,1
6ZfuNTqbHE8,still awesome!! 😊 only Marvel Can. ❤,Ugw3zeMpLxyYK6kcRwt4AaABAg,2022-12-04T18:01:56Z,2022-12-04T18:01:56Z,1
6ZfuNTqbHE8,Endgame was amazing. But Infinity War just hit differently than any other marvel movie. This was the biggest movie event of the past 2 decades maybe ever,Ugy2bM3SW09gjoOdMyd4AaABAg,2022-12-04T16:44:14Z,2022-12-04T16:44:14Z,2
6ZfuNTqbHE8,😍😍😍😍😍😍😍,UgyUK_gUcCcoldTLYu54AaABAg,2022-12-04T15:33:10Z,2022-12-04T15:33:10Z,0
6ZfuNTqbHE8,Come Back To Life Paul Walker And Chadwick Boseman And Michael Clarke Duncan Please,Ugyi-Lq-idd07O4eM5x4AaABAg,2022-12-04T14:25:13Z,2022-12-04T14:25:13Z,1
6ZfuNTqbHE8,USA Is PG-13 Heroic Brutality,UgxUVNU96Y3BrI85WgR4AaABAg,2022-12-04T13:59:56Z,2022-12-04T13:59:56Z,0
6ZfuNTqbHE8,"Spider-Man Kraven's Last Mission (2025) 
Spider-Man And Miles Morales will return",UgwjGt4IOPXprwQnzYN4AaABAg,2022-12-04T13:58:12Z,2022-12-04T13:58:12Z,1
6ZfuNTqbHE8,"“Fun isn’t something one considers when balancing the universe, but this does put a smile on my face” divorce and mediation be like..",Ugy3TUb4E7QTPctXHfV4AaABAg,2022-12-04T13:43:22Z,2022-12-04T13:43:22Z,0
6ZfuNTqbHE8,This movie was EVERYTHING,UgwfiwWNSVfuQDJbxQZ4AaABAg,2022-12-04T13:10:09Z,2022-12-04T13:10:09Z,34
6ZfuNTqbHE8,"It's been 5 years, still feels like yesterday 😢",UgymOKx7j-QBv-QQpGB4AaABAg,2022-12-04T11:56:04Z,2022-12-04T11:56:04Z,48
6ZfuNTqbHE8,I MISS THE MCU ERA,UgwAx8klXShX9X-co0p4AaABAg,2022-12-04T11:46:56Z,2022-12-04T11:46:56Z,4
6ZfuNTqbHE8,"Crazy How Thanos manage to win against almost every one in the movie

Asgardian Ship :
Thanos vs Hulk = Thanos wins
Thanos vs Thor = Thanos wins
Thanos vs Heimdall = Thanos wins
Thanos vs Loki =  Thanos wins
Knowhere : 
Thanos vs Gamora = Thanos wins
Thanos vs Drax =  Thanos wins
Thanos vs Mantis = Thanos wins
Thanos vs Star-Lord = Thanos escapes (but he's still winning...).
Thanos's ship :
Thanos vs Nebula = Thanos wins
Vormir : 
Thanos vs Gamora = Thanos wins
Titan :
Thanos vs Drax, Star Lord, Doctor Strange, Spiderman, Iron Man, Nebula, Mantis = Thanos wins
Thanos vs Doctor Strange = Thanos wins
Thanos vs Iron Man = Thanos wins
Thanos vs Star Lord = Thanos escapes (but he just won though).
Wakanda:
Thanos vs Bruce Banner = Thanos wins
Thanos vs Captain America = Thanos wins
Thanos vs Black Panther = Thanos wins
Thanos vs Falcon = Thanos wins
Thanos vs War Machine = Thanos wins
Thanos vs Winter Soldier = Thanos wins
Thanos vs Okoye = Thanos wins
Thanos vs Black Widow = Thanos wins
Thanos vs Groot = Thanos wins
Thanos vs Captain America = Thanos wins
Thanos vs Wanda = Thanos wins
Thanos vs Vision = Thanos wins
Thanos vs Thor = Thanos kinda loose but he won the entire battle by snapping and escaping so...

But we never saw Rocket fighting Thanos ! Anyway, some of these fights aren't really fights, but it's fun to establish a list like that.",UgxIxLlVNtuIMf2sL214AaABAg,2022-12-04T10:32:08Z,2022-12-04T10:32:08Z,1
6ZfuNTqbHE8,Cry when the lose,UgwM_wrkMFLKhhcn-L94AaABAg,2022-12-04T09:27:48Z,2022-12-04T09:27:48Z,0
6ZfuNTqbHE8,Xmen in mcu when,UgyHlfA_ekk1ZueKk0x4AaABAg,2022-12-04T05:22:04Z,2022-12-04T05:22:04Z,0
6ZfuNTqbHE8,1:59 biggest mistek of marvel only can legend understand,UgyEtlofgb4aAFIhQbt4AaABAg,2022-12-04T02:46:14Z,2022-12-04T02:46:14Z,1
6ZfuNTqbHE8,"5 year's ago, the time when Thanos wiped have of the universe and wiped my favorite childhood hero Spiderman give me the chills, shocked, and tearing up when Spiderman dust away. Infinity war and Endgame will forever be a memory to all ppl seeing this......Now prepare for the new biggest next Thanos threat....

Kang The Conqueror",UgzuEIVo--LTFjbEkvF4AaABAg,2022-12-04T01:58:05Z,2022-12-04T01:58:05Z,1
6ZfuNTqbHE8,I WATCHED THIS TRAILER FOR A YEAR STRAIGHT,UgxXICgjs6NZYqBxQ394AaABAg,2022-12-03T21:42:02Z,2022-12-03T21:42:02Z,1
6ZfuNTqbHE8,Dude this was a movie that came out 4 and almost 5 years ago,UgxuTcmgWAfs9Efllq14AaABAg,2022-12-03T20:26:53Z,2022-12-03T20:26:53Z,0
6ZfuNTqbHE8,"When I saw it now
I noticed in 2.00 hulk is present",UgxXg9t7R5ybnJq_VSh4AaABAg,2022-12-03T17:43:10Z,2022-12-03T17:43:10Z,0
6ZfuNTqbHE8,"I ate Cap. Tony is the leader od the Gang, PERİOD!",UgwaSTL4WRjXcbVa1yJ4AaABAg,2022-12-03T16:14:36Z,2022-12-03T16:14:36Z,0
6ZfuNTqbHE8,I can't believe It's been 5 years,UgzyTfprcpLFAU_IMZp4AaABAg,2022-12-03T14:12:09Z,2022-12-03T14:12:09Z,1
6ZfuNTqbHE8,I have to say there is nothing that beats the feeling you felt when you saw this part for the first time 2:00,Ugws672eCfy4RumDnvF4AaABAg,2022-12-03T09:55:17Z,2022-12-03T09:55:17Z,72
6ZfuNTqbHE8,sometime i still watch it again. That's awesome,UgzFShvlyIfyn6sBRFB4AaABAg,2022-12-03T09:06:20Z,2022-12-03T09:06:20Z,0
6ZfuNTqbHE8,Appudey 5 years haaaa,UgyBoodGmP2TNGVNTSZ4AaABAg,2022-12-03T06:56:42Z,2022-12-03T06:56:42Z,0
6ZfuNTqbHE8,To this day I still get chills,UgyahKngRbvGoAbfvod4AaABAg,2022-12-03T06:10:10Z,2022-12-03T06:10:10Z,302
6ZfuNTqbHE8,It's been 5year now I can't believe,UgwCVfBrC8uED6m2B5x4AaABAg,2022-12-03T03:53:11Z,2022-12-03T03:53:11Z,0
6ZfuNTqbHE8,Sorry 2023 still watching get me hype,Ugx3A9olMxRSzxa3A-p4AaABAg,2022-12-03T00:54:53Z,2022-12-03T00:54:53Z,1
6ZfuNTqbHE8,"5 yrs ago this gem dropped. The first time I watched it, I remember getting goosebumps, not once or twice but as many times as I watched this trailer...",Ugw8HviQucspfGgzK2p4AaABAg,2022-12-02T18:47:13Z,2022-12-02T18:47:13Z,2176
6ZfuNTqbHE8,Такое уже не повторится,UgzJ3IQNc7miVrA6KQ54AaABAg,2022-12-02T17:51:08Z,2022-12-02T17:51:08Z,0
6ZfuNTqbHE8,"I watched the GOTG Vol 3 trailer.
It's the last remaining link to the Happy days! 
Marvel movies aren't the same anymore.
We Miss you!
02/12/2022",Ugwq77zaH3I1m7MYLNp4AaABAg,2022-12-02T15:40:49Z,2022-12-02T15:40:49Z,2
6ZfuNTqbHE8,I was 12 when this movie came out... Now I'm 17 time flies so fast 😭,UgwPYgHKZtsiUGjBsl54AaABAg,2022-12-02T15:39:38Z,2022-12-02T15:39:38Z,3
6ZfuNTqbHE8,0:34 i got super power when i hear the music,Ugzr94BvQDDZ5G2MbNl4AaABAg,2022-12-02T13:26:19Z,2022-12-23T15:56:40Z,2
6ZfuNTqbHE8,"I am here to celebrate this trailer's release 5 years ago. I remember sitting there watching for the first time, and I was in a journey to this film, let alone Endgame. Cinema history created.",UgxeUXXEMf6kMwpo7vV4AaABAg,2022-12-02T13:13:32Z,2022-12-02T13:13:32Z,199
6ZfuNTqbHE8,It's the end of 2022 and here i am after five years of the trailer.  Marvel fans could never get tired of this masterpiece ever created.,Ugxa4wLqPJndWi4ihdp4AaABAg,2022-12-02T09:36:41Z,2022-12-02T09:36:41Z,259
6ZfuNTqbHE8,I support thanks for this work.,Ugxmj2vVgt8OcajbhPt4AaABAg,2022-12-02T09:09:56Z,2022-12-02T09:09:56Z,1
6ZfuNTqbHE8,Man this is 5 years ago?,Ugz2zZdqyqjffyXqRBZ4AaABAg,2022-12-02T08:12:59Z,2022-12-02T08:12:59Z,0
6ZfuNTqbHE8,"We always come back to the trailers, for the chills!! 🔥",Ugwua5Zl6UadoeBb1kF4AaABAg,2022-12-02T06:03:29Z,2022-12-02T06:03:29Z,7
6ZfuNTqbHE8,"Evacuate the city, engage all defences, and get this man a shield🛡 these lines are sheerly amazing and leave me with goosebumps everytime I hear em",UgzudItb139TvniN39Z4AaABAg,2022-12-02T04:18:51Z,2022-12-02T04:18:51Z,1
6ZfuNTqbHE8,O maior trailer do mundo,UgyXwuPnsGptljQ-mkZ4AaABAg,2022-12-02T01:46:07Z,2022-12-02T01:46:07Z,1
6ZfuNTqbHE8,"With everything going on in the world today, who else sees Thanos as a hero and not a villain? 
I do...",Ugx-h7x-H-Mjp41eil94AaABAg,2022-12-01T23:53:12Z,2022-12-01T23:53:12Z,27
6ZfuNTqbHE8,2022 almost end and here I am,UgwAFx9GnxGk6QGDvJR4AaABAg,2022-12-01T23:21:11Z,2022-12-01T23:21:11Z,0
6ZfuNTqbHE8,It's been 5 years mannnn!!!!i was in my 12 when it Got released now I'm In my final graduation year...The hype it had with this single trailer>>>>>>>,UgzFzp7Irtvqhug5Mv54AaABAg,2022-12-01T18:18:50Z,2022-12-01T18:18:50Z,14
6ZfuNTqbHE8,I remember when Marvel made me feel. Sad what has become of it.,Ugzk8Qjm6H3FkRfbIPF4AaABAg,2022-12-01T17:46:11Z,2022-12-01T17:46:11Z,0
6ZfuNTqbHE8,"There's something in this that no other Avengers movie has!! 🥲

Greatest Avengers movie till date.",UgxyVrTKjQquPxKfkg94AaABAg,2022-12-01T16:53:39Z,2022-12-01T16:53:39Z,0
6ZfuNTqbHE8,Now officially 5 years old!,UgxMocVG2rDRnbNgM_14AaABAg,2022-12-01T15:54:12Z,2022-12-01T15:54:12Z,8
6ZfuNTqbHE8,This is the level that even marvel itself cannot achieve now,UgxYlNccY1lvIlDoR4B4AaABAg,2022-12-01T15:28:28Z,2022-12-01T15:28:28Z,0
6ZfuNTqbHE8,Rip chawick,UgwXuZblFfsb22Jdezt4AaABAg,2022-12-01T15:13:48Z,2022-12-01T15:13:48Z,1
6ZfuNTqbHE8,still hate the fact that hulk was just in trailer not in movie,UgxXItd0Ox28kBv-nCp4AaABAg,2022-12-01T14:37:33Z,2022-12-01T14:37:33Z,1
6ZfuNTqbHE8,"Endgame was carried heavily by nostalgia, hence why infinity war is technically the better story",Ugx1ePJN73_o7zAjbzR4AaABAg,2022-12-01T13:35:19Z,2022-12-01T13:35:19Z,0
6ZfuNTqbHE8,Who the hell u guys🙏😂😂,UgwxGAPZ1EW8o3MdlEh4AaABAg,2022-12-01T12:49:50Z,2022-12-01T12:49:50Z,1
6ZfuNTqbHE8,♥️,UgzbHj1kcV8L2zesFbx4AaABAg,2022-12-01T12:47:15Z,2022-12-01T12:47:15Z,1
6ZfuNTqbHE8,The fact that this was 5 years ago kinda scares me at how fast time’s passing ☠️,UgyLk-kRSR4_-arw8HF4AaABAg,2022-12-01T09:25:55Z,2022-12-01T09:25:55Z,5
6ZfuNTqbHE8,One of my biggest regrets that I wasn't able to watch this masterpiece in the theaters,UgzElkpFAUPWuQbfsvV4AaABAg,2022-12-01T09:19:58Z,2022-12-01T09:19:58Z,116
6ZfuNTqbHE8,Still can't believe this film was made bluddy 5 years ago and has aged so well,Ugx0vM7psfh6ifSAr5F4AaABAg,2022-12-01T07:09:14Z,2022-12-01T07:09:14Z,4
6ZfuNTqbHE8,Never even realized they had the hulk in that wakanda fight scene,Ugw359qX4IC3TQe9yPd4AaABAg,2022-12-01T05:54:14Z,2022-12-01T05:54:14Z,3
6ZfuNTqbHE8,"only one word ""maseterpiece""",Ugw_kS0h5uz_V9uiXEZ4AaABAg,2022-12-01T05:44:17Z,2022-12-01T05:44:17Z,0
6ZfuNTqbHE8,Marvel death?,UgyB0cVY9hiOpmdsaPt4AaABAg,2022-12-01T05:28:04Z,2022-12-01T05:28:04Z,0
6ZfuNTqbHE8,Most legendary MCU trailer,UgwbYnM02BlurMbtGuF4AaABAg,2022-12-01T03:37:45Z,2022-12-01T03:37:45Z,1
6ZfuNTqbHE8,Get these man a shield we miss you Chadwick,UgwMIpuM5o_DpNUKDid4AaABAg,2022-12-01T02:26:19Z,2022-12-01T02:26:19Z,2
6ZfuNTqbHE8,"And 5 years ago, THE MOST AWAITED TRAILER WAS RELEASED! THANK YOU MARVEL. WAKANDA 4EVER",Ugz5tIjogWKe-Tx9gY94AaABAg,2022-12-01T02:04:42Z,2022-12-01T02:04:42Z,3
6ZfuNTqbHE8,5 years later.... We in the Endgame now,UgxB7h4joRxLgL6uctx4AaABAg,2022-11-30T21:45:15Z,2022-11-30T21:45:15Z,3
6ZfuNTqbHE8,The sheer nostalgia I get when I remember watching this film with my friends the hype we had was beyond comprehension...time goes fast enjoy those moments of happyness. Before you know it they will become memories ❤,Ugz766I8tAQDlHSS3Bd4AaABAg,2022-11-30T21:43:50Z,2022-11-30T21:43:50Z,13
6ZfuNTqbHE8,5 years bro...we're getting old,UgwCnUTmEdZh1saoxp14AaABAg,2022-11-30T19:57:22Z,2022-11-30T19:57:22Z,2
6ZfuNTqbHE8,Half a decade,UgzeusEQdwkfqA8kdYd4AaABAg,2022-11-30T19:55:23Z,2022-11-30T19:55:23Z,1
6ZfuNTqbHE8,Hype still arrives the same.......,UgyXfB8jHw6o4RzdoHl4AaABAg,2022-11-30T19:14:27Z,2022-11-30T19:14:27Z,4
6ZfuNTqbHE8,Time flies man…good times,UgwL1ok86KU0XCiTrX14AaABAg,2022-11-30T18:01:56Z,2022-11-30T18:01:56Z,9
6ZfuNTqbHE8,It's Been 5 Years Now 💔💔💔💔💔💔💔💔💔💔,UgyGv_c-v820b7Zktjl4AaABAg,2022-11-30T17:59:04Z,2022-11-30T17:59:04Z,3
6ZfuNTqbHE8,"Endgame is overrated af. 
 Infinity War way better",UgyQ6ZAjMjAn9oPSnUh4AaABAg,2022-11-30T17:31:54Z,2022-11-30T17:31:54Z,3
6ZfuNTqbHE8,When I hear this music I feel goosebumps.,UgygH8tnW3ByXzrK0dh4AaABAg,2022-11-30T17:31:52Z,2022-11-30T17:31:52Z,7
6ZfuNTqbHE8,5 yrs…,UgwJP3ZTJ6XNS0QzEN94AaABAg,2022-11-30T17:31:43Z,2022-11-30T17:31:43Z,1
6ZfuNTqbHE8,"Me: thinking I am the only one coming back to watch the trailer. 
Rest of the hardcore MCU fandom: have a seat",UgwaMGeJwXYUnnLD5PZ4AaABAg,2022-11-30T16:54:28Z,2022-11-30T16:54:28Z,8
6ZfuNTqbHE8,Anyone watching this masterpiece  now 💎,UgwwpAtR2yyrNLpkXVd4AaABAg,2022-11-30T16:44:11Z,2022-11-30T16:44:11Z,2
6ZfuNTqbHE8,5 YEARS,UgzNcPvfMgXsRZacflZ4AaABAg,2022-11-30T16:40:16Z,2022-11-30T16:40:16Z,1
6ZfuNTqbHE8,Nostalgia,UgztkZlN86ri56SjGfN4AaABAg,2022-11-30T16:32:10Z,2022-11-30T16:32:10Z,2
6ZfuNTqbHE8,Avengers full Movie in Hindi,Ugx6GE-AtRItTjKS3DB4AaABAg,2022-11-30T15:26:05Z,2022-11-30T15:26:05Z,3
6ZfuNTqbHE8,It’s been 5 years,UgyG6ACFCaoN_bFmY2V4AaABAg,2022-11-30T14:53:19Z,2022-11-30T14:53:19Z,1
6ZfuNTqbHE8,5 YEARS LATER is a mind blowing thought,UgznYmjD5Zqz8X6a7ax4AaABAg,2022-11-30T14:19:09Z,2022-11-30T14:19:09Z,2
6ZfuNTqbHE8,"So 
It's been 5 years
Won't forget the first time I saw this with my whole class in school projector
Still gives goosebumps",Ugw_bJcAXdMwz8vFZil4AaABAg,2022-11-30T14:14:29Z,2022-11-30T14:14:29Z,41
6ZfuNTqbHE8,Gave me the chills watching it for the 1st time and after 5 years still the same 🔥,UgykohX7UCBlcBYBVup4AaABAg,2022-11-30T14:06:01Z,2022-11-30T14:07:07Z,278
6ZfuNTqbHE8,Who is here for the 5th Anniversary of the trailer release? I can't get enough of it 💯,Ugz2mLChX2CtzqoAAoF4AaABAg,2022-11-30T13:41:27Z,2022-11-30T13:41:27Z,20
6ZfuNTqbHE8,"November 29,2022! 6.53PM | At Home| Just came back form office!",UgwU7W-bSw0zOu_dmwZ4AaABAg,2022-11-30T13:24:02Z,2022-11-30T13:24:02Z,0
6ZfuNTqbHE8,"When this trailer dropped, boy oh boy to understand the hype you simply had to be there.",UgwM8zTp6So9_FBbJ4x4AaABAg,2022-11-30T12:52:10Z,2022-11-30T12:52:10Z,21
6ZfuNTqbHE8,Man time flies by so quickly 😭,UgyvoiZv0p5WnXc3pMx4AaABAg,2022-11-30T12:49:40Z,2022-11-30T12:49:40Z,6
6ZfuNTqbHE8,"NOVEMBER 29, 2022❤️",UgxVgTU_xP_yr0O5yKJ4AaABAg,2022-11-30T12:20:50Z,2022-11-30T12:20:50Z,2
6ZfuNTqbHE8,5 Years Ago,UgxoZWlPQI24c_Alr5F4AaABAg,2022-11-30T12:11:20Z,2022-11-30T12:11:20Z,1
6ZfuNTqbHE8,Crying after 5 yrs 😭,UgyEtRWqJBqaNRSNwlZ4AaABAg,2022-11-30T11:37:12Z,2022-11-30T11:37:12Z,4
6ZfuNTqbHE8,โทนี่ สตาค แขนขาด555,UgxvY-4gDMZeP3Wh3up4AaABAg,2022-11-30T11:37:11Z,2022-11-30T11:37:11Z,0
6ZfuNTqbHE8,5Years... That time🔥🔥🔥🔥🔥,UgzZsPM41_XQcix_LZp4AaABAg,2022-11-30T10:57:51Z,2022-11-30T10:57:51Z,2
6ZfuNTqbHE8,"It's Been 5 years since this GOATed movie came and changed the Game For Ever, and Given Every MCU fan a movie which made a once in a life time Experience!! 🔥❤️",Ugy-OjBqHBa6SU_FBfZ4AaABAg,2022-11-30T10:21:45Z,2022-11-30T10:21:45Z,3
6ZfuNTqbHE8,Gk kerasa udah 5 tahun 😢,Ugy09LSdy0O2bJCVuIN4AaABAg,2022-11-30T09:38:03Z,2022-11-30T09:38:03Z,0
6ZfuNTqbHE8,It’s been 5 years LOL. Still the same level of goosebumps. 🥹❤️,UgyhPedLhaCxmT71EJh4AaABAg,2022-11-30T08:39:10Z,2022-11-30T08:39:10Z,2
6ZfuNTqbHE8,This is the best marvel movie yet>,UgxP5h6GOWJSIP439LV4AaABAg,2022-11-30T08:17:56Z,2022-11-30T08:17:56Z,4
6ZfuNTqbHE8,Happy Birthday Chadwick Boseman,Ugwy6Q5f3Axc26_ssOt4AaABAg,2022-11-30T07:51:10Z,2022-11-30T07:51:10Z,0
6ZfuNTqbHE8,It's been 5 years since this trailers release and I still get excited watching it. Infinity War was better than all of Phase 4 combined.,UgxVsUN7dt-1JfoZnGR4AaABAg,2022-11-30T07:32:22Z,2022-11-30T07:32:22Z,55
6ZfuNTqbHE8,It's been exactly 5 years now since this trailer arrived.,UgxxTsWw1_lLBEjf_VB4AaABAg,2022-11-30T07:16:04Z,2022-11-30T07:16:04Z,18
6ZfuNTqbHE8,I am from past brooo 💀,Ugxpq0jfBx7uKP5lTzZ4AaABAg,2022-11-30T06:04:41Z,2022-11-30T06:04:41Z,1
6ZfuNTqbHE8,5 years,UgyhHvFeXRPinoUCKUp4AaABAg,2022-11-30T05:59:56Z,2022-11-30T05:59:56Z,0
6ZfuNTqbHE8,5 years. Exactly five years today only this masterpiece of movie trailers got released,UgxLVdqhprsyIsI5R-h4AaABAg,2022-11-30T05:58:56Z,2022-11-30T05:58:56Z,2
6ZfuNTqbHE8,"No way this is about to be half a decade old. We’re about to reach 2023, the year everyone comes back",Ugyfhj0-6ooPVWMfB794AaABAg,2022-11-30T05:54:24Z,2022-11-30T05:54:24Z,2
6ZfuNTqbHE8,Nost adiche 💛💫,Ugxw96Vpw3dsZ5MrpCR4AaABAg,2022-11-30T05:12:06Z,2022-11-30T05:12:06Z,2
6ZfuNTqbHE8,The finest wine doesn’t exi-,UgyIhQuH-SB3LFJXy2t4AaABAg,2022-11-30T04:48:20Z,2022-11-30T04:48:20Z,1
6ZfuNTqbHE8,5 years…..time flies,UgyfkqqiK1GrIc1SsXZ4AaABAg,2022-11-30T04:39:24Z,2022-11-30T04:39:24Z,3
6ZfuNTqbHE8,How did we get a masterpiece called infinity war to shows like She Hulk?🤔🤔🤔🤔,UgxWkI245ijAybWnOad4AaABAg,2022-11-30T04:31:20Z,2022-11-30T04:31:20Z,0
6ZfuNTqbHE8,Who came back here to watch on 5th Anniversary ❤️,UgyfHWVQBGL8UAqFU7J4AaABAg,2022-11-30T04:13:28Z,2022-11-30T04:13:28Z,2
6ZfuNTqbHE8,5 years 😢🎉 🐐 trailer 🐐Movie,Ugy3Nupgj5vQqT5JheR4AaABAg,2022-11-30T04:12:43Z,2022-11-30T04:12:43Z,0
6ZfuNTqbHE8,Watching again after 5 year of the epic 🔥,Ugz35yfwqI4S9UTHYuh4AaABAg,2022-11-30T04:07:12Z,2022-11-30T04:21:00Z,0
6ZfuNTqbHE8,I feel old,UgyilArcAvRNDPf94RV4AaABAg,2022-11-30T03:54:43Z,2022-11-30T03:54:43Z,0
6ZfuNTqbHE8,I don't know why I am watching after 5 years,UgxJBp5j9HRSoP9PaBl4AaABAg,2022-11-30T03:53:24Z,2022-11-30T03:53:24Z,0
6ZfuNTqbHE8,It’s been 5 years,Ugxm7Ozt_LXpLnlvD0h4AaABAg,2022-11-30T03:37:53Z,2022-11-30T03:37:53Z,1
6ZfuNTqbHE8,"5 years ago, This day...❤️ Literally goosebumps ❤️❤️❤️❤️❤️❤️",UgyH2kWtHkNOpvf6NYF4AaABAg,2022-11-30T03:34:45Z,2022-11-30T03:34:45Z,0
6ZfuNTqbHE8,"5 years later, you could not live the MCU's own failure. Where did that bring you? Back to this trailer.",UgyCemJKZ3MMWRQR7NN4AaABAg,2022-11-30T03:26:23Z,2022-11-30T03:26:23Z,2
6ZfuNTqbHE8,5 years ago today this trailer broke youtube,Ugz5jnFpMt91GeIH1hB4AaABAg,2022-11-30T03:22:46Z,2022-11-30T03:22:46Z,1
6ZfuNTqbHE8,5 years now since this trailer :(,UgxrrRFErL3Ruq8azNZ4AaABAg,2022-11-30T03:12:35Z,2022-11-30T03:12:35Z,0
6ZfuNTqbHE8,"5 yrs later ,I miss those days 😭😭😭...
They hype time frame for this movie was surreal nd something which we would never get it back....",UgzL-0dDT7cPTovMlvB4AaABAg,2022-11-30T03:09:28Z,2022-11-30T03:09:28Z,3
6ZfuNTqbHE8,Ain’t no way it’s been 5 years since this trailer dropped,UgxfjVZKqzMXsEgYBI14AaABAg,2022-11-30T03:05:50Z,2022-11-30T03:05:50Z,0
6ZfuNTqbHE8,5 years ago today... wow,Ugwd40Uo_IqRnhrQQ_h4AaABAg,2022-11-30T02:28:10Z,2022-11-30T02:28:10Z,1
6ZfuNTqbHE8,It’s been 5 years WTF,UgzrcZyXkW_VAS77waB4AaABAg,2022-11-30T02:23:22Z,2022-11-30T02:23:22Z,0
6ZfuNTqbHE8,"5 years later, still the best Avengers movie before Endgame.",Ugzp2SOgjA2WTrNnlih4AaABAg,2022-11-30T02:06:45Z,2022-11-30T02:06:45Z,1
6ZfuNTqbHE8,An experience of a lifetime,UgxcwpuB5u3DaSDG_qR4AaABAg,2022-11-30T01:54:42Z,2022-11-30T01:54:42Z,1
6ZfuNTqbHE8,I can’t believe it’s already been 5 years since infinity war and 3 years since endgame and the last major movie of marvel avengers 😢 time is flying and we’re all getting older,UgyIUAr0xU_7OiuxD-54AaABAg,2022-11-30T01:46:37Z,2022-11-30T01:46:37Z,0
6ZfuNTqbHE8,❤️❤️❤️❤️❤️❤️❤️❤️❤️❤️❤️❤️❤️,Ugwgdyxxzm2WR_w4K_R4AaABAg,2022-11-30T01:42:30Z,2022-11-30T01:42:30Z,0
6ZfuNTqbHE8,5 years later and this is still the best Marvel trailer.,UgyiBra1R7QNbTVxAO94AaABAg,2022-11-30T01:22:28Z,2022-11-30T01:22:28Z,0
6ZfuNTqbHE8,5 years ago we lost.,UgyQ8Evl6-UnHkzYBeJ4AaABAg,2022-11-30T01:17:21Z,2022-11-30T01:17:21Z,0
6ZfuNTqbHE8,"Just can't believe it's been 5 years and it's does not feel old at all ❤️
Avengers Assemble.",UgwZogK8I0p7B2RHVAZ4AaABAg,2022-11-30T01:11:23Z,2022-11-30T01:11:23Z,1
6ZfuNTqbHE8,5 years,UgyBFbY0e2toc0T4F3t4AaABAg,2022-11-30T00:52:50Z,2022-11-30T00:52:50Z,0
6ZfuNTqbHE8,5 years ago today,Ugzf5b1TT7NDslTyDFp4AaABAg,2022-11-30T00:52:33Z,2022-11-30T00:52:33Z,1
6ZfuNTqbHE8,Has it been 5 years already,UgztJDWlqNMLrTrTU0B4AaABAg,2022-11-30T00:43:18Z,2022-11-30T00:43:18Z,0
6ZfuNTqbHE8,"É... 5 anos, saudades disso",UgwKB9ZfisZRBiaOOEd4AaABAg,2022-11-30T00:33:20Z,2022-11-30T00:33:20Z,0
6ZfuNTqbHE8,5 years ago today. This trailer released for the most anticipated movie trailer came out. No spoilers at all and only the best great marketing. I remember I was around 12 when the comic con exclusive trailer came out and I was super hyped. That is one experience you can't replicate.,Ugx_wg5Xzl47Z0rAkVJ4AaABAg,2022-11-30T00:26:42Z,2022-11-30T00:26:42Z,2
6ZfuNTqbHE8,"5 years ago today, the length of the blip.",UgxkFppi6LWLfg-kmQJ4AaABAg,2022-11-29T23:41:28Z,2022-11-29T23:41:28Z,6
6ZfuNTqbHE8,Today is also Chadwick Boseman's birthday he would have turned 46 RIP King,UgzuOoYU6wJiDbnc0AN4AaABAg,2022-11-29T23:26:28Z,2022-11-29T23:26:28Z,4
6ZfuNTqbHE8,We found out how it feels to lose 🥲,UgzPtMTi4i4SNUhUXu14AaABAg,2022-11-29T23:08:39Z,2022-11-29T23:08:39Z,2
6ZfuNTqbHE8,"Back when they had a story to tell and seemed to care about the product. I'm it sure if I changed or if they did, but it just seems so much less engaging now.",UgymxIcB4QOWUinG_AZ4AaABAg,2022-11-29T22:58:51Z,2022-11-29T22:58:51Z,3
6ZfuNTqbHE8,no way this is 5 years old already! best marvel trailer to date🙏🙏,UgygqjatuYIvJD8pz6x4AaABAg,2022-11-29T22:50:43Z,2022-11-29T22:50:43Z,1
6ZfuNTqbHE8,Today marks the day where this has been out for five years now.  And we are already heading to the beginning of the end for the Multiverse Saga.,UgxYbObo6dBLFOPp-ix4AaABAg,2022-11-29T22:47:22Z,2022-11-29T22:47:22Z,1
6ZfuNTqbHE8,"Still cant believe it has been 5years ago. Maaaaan, we're so lucky we witness this masterpiece in cinema.",UgwqtD4OCYofvr3eElR4AaABAg,2022-11-29T22:43:07Z,2022-11-29T22:43:07Z,8
6ZfuNTqbHE8,5 years ago today,UgwRH9avdoUfzsO-ySZ4AaABAg,2022-11-29T22:39:44Z,2022-11-29T22:39:44Z,0
6ZfuNTqbHE8,Five years ago,UgwKpfnjy1ezEtl7x7J4AaABAg,2022-11-29T22:22:20Z,2022-11-29T22:22:20Z,1
6ZfuNTqbHE8,5 years later this trailer still bangs,Ugw-TB1Ey1LgXs3F4uh4AaABAg,2022-11-29T22:20:54Z,2022-11-29T22:20:54Z,3
6ZfuNTqbHE8,Happy 5 years anniversary of this beauty,UgzpshAwVkFqUMNJH9B4AaABAg,2022-11-29T22:15:09Z,2022-11-29T22:15:09Z,2
6ZfuNTqbHE8,"1:19 This part of the trailer is epic, gives me chills just like in the movie itself",UgzRigJdhvbNyfJRnU94AaABAg,2022-11-29T21:57:35Z,2022-11-29T21:57:35Z,1
6ZfuNTqbHE8,5 years wow,UgxtJsZ3jY1eidzYSKd4AaABAg,2022-11-29T21:17:00Z,2022-11-29T21:17:00Z,3
6ZfuNTqbHE8,5 years ago today,UgyMD8Y3oVTIXK9a-hZ4AaABAg,2022-11-29T21:08:43Z,2022-11-29T21:08:43Z,1
6ZfuNTqbHE8,5 years ago this trailer released and made me the marvel fan I am today.,UgySohVyXyla2w_ZeOh4AaABAg,2022-11-29T20:30:37Z,2022-11-29T20:30:37Z,2
6ZfuNTqbHE8,"This Movie was the best out of all them.. 
atleast in my opinion",Ugw9cnSPmVE1X4HKZxZ4AaABAg,2022-11-29T20:28:35Z,2022-11-29T20:28:35Z,2
6ZfuNTqbHE8,Had to watch it for the trailers 5 year anniversary,UgzHe69nu_7nRxzGKrV4AaABAg,2022-11-29T20:24:25Z,2022-11-29T20:24:25Z,2
6ZfuNTqbHE8,5 years since this trailer came out and i still remember when I first saw it,UgxjP-sDgCimgjRxCsh4AaABAg,2022-11-29T20:23:08Z,2022-11-29T20:23:08Z,0
6ZfuNTqbHE8,5 years... where are the years going?,UgxflicL52actJ2XAux4AaABAg,2022-11-29T20:17:20Z,2022-11-29T20:17:20Z,0
6ZfuNTqbHE8,Trailer came out five years ago today. Last good MCU movie. RIPMCU,UgwKAMf14O2vc_k_YYJ4AaABAg,2022-11-29T20:15:31Z,2022-11-29T20:15:31Z,1
6ZfuNTqbHE8,Five years…,UgxUzw1zRQ50iUGBLiN4AaABAg,2022-11-29T19:48:45Z,2022-11-29T19:48:45Z,1
6ZfuNTqbHE8,I still can not believe it has been 5 years since this trailer arrived. The best experience Happened 5 years ago as a superheroe fan.,UgyojJryoCrUcAREm3J4AaABAg,2022-11-29T19:39:11Z,2022-11-29T19:39:11Z,4
6ZfuNTqbHE8,5 years ago .. today ❤️,Ugw03WoABB8iwDUiEWR4AaABAg,2022-11-29T19:37:50Z,2022-11-29T19:37:50Z,3
6ZfuNTqbHE8,Five years ago one of the things i've a reason to live. This trailer gives me a hype of a lifetime.,Ugwc9dispI2OkIkk-pt4AaABAg,2022-11-29T19:12:07Z,2022-11-29T19:12:07Z,2
6ZfuNTqbHE8,5 Years,UgztGSjgbFQwVDiuecd4AaABAg,2022-11-29T19:03:10Z,2022-11-29T19:03:10Z,1
6ZfuNTqbHE8,5 years ago today this trailer first released and I still get goosebumps watching it,UgyOGq9675D0rBU6LRN4AaABAg,2022-11-29T19:01:53Z,2022-11-29T19:01:53Z,0
6ZfuNTqbHE8,Here 5 years later…,UgwDROS707gRe8eeMQR4AaABAg,2022-11-29T18:31:25Z,2022-11-29T18:31:25Z,1
6ZfuNTqbHE8,The chills are unreal even after watching it long way in the life,UgwqsY0X4u3fVnJUWIZ4AaABAg,2022-11-29T18:30:50Z,2022-11-29T18:30:50Z,0
6ZfuNTqbHE8,It has been 5 years still can't get over it ...😪😪😪 Marvel is an emotion,UgzCvEsZaRwhiMkuypJ4AaABAg,2022-11-29T18:21:39Z,2022-11-29T18:21:39Z,0
6ZfuNTqbHE8,Infinity war was released 5 year ago today ...🥺❤️,Ugw39YKOcWz4XlV29bZ4AaABAg,2022-11-29T18:15:42Z,2022-11-29T18:15:42Z,0
6ZfuNTqbHE8,5 YEARS AGO TODAY I can’t believe we’ve came so far,UgwYiHQEhtkO8mOdZrR4AaABAg,2022-11-29T18:04:38Z,2022-11-29T18:04:38Z,0
6ZfuNTqbHE8,"5 years ago today bois🔥🔥

feels like yesterday. good times🥲",UgyleYb2IcqsN9IjvXF4AaABAg,2022-11-29T17:59:34Z,2022-11-29T17:59:34Z,0
6ZfuNTqbHE8,This trailer is now 5 years old,UgwgtHWV0pCaLuf0gKJ4AaABAg,2022-11-29T17:56:03Z,2022-11-29T17:56:03Z,1
6ZfuNTqbHE8,I can’t believe 5 years ago today this iconic trailer came out! What a time to be alive,UgzvTLB3OavwjUiwjVB4AaABAg,2022-11-29T17:53:05Z,2022-11-29T17:53:05Z,0
6ZfuNTqbHE8,It's 5 years now😵‍💫,UgyLe_kIaXs2As8nPjp4AaABAg,2022-11-29T17:48:12Z,2022-11-29T17:48:12Z,0
6ZfuNTqbHE8,5 year already,Ugw0pd7kuqeHYmbSJn94AaABAg,2022-11-29T17:19:25Z,2022-11-29T17:19:25Z,2
6ZfuNTqbHE8,5 years ago today,Ugy9S6PGMRSgW6TVtLx4AaABAg,2022-11-29T17:15:44Z,2022-11-29T17:15:44Z,0
6ZfuNTqbHE8,😥😥❤️❤️,UgypyATK27F58XuSGop4AaABAg,2022-11-29T17:14:34Z,2022-11-29T17:14:34Z,0
6ZfuNTqbHE8,Can't believe this was dropped exactly 5 years ago,UgyeFsxYsUe3GLwvseh4AaABAg,2022-11-29T16:56:20Z,2022-11-29T16:56:20Z,3
6ZfuNTqbHE8,5 años sigue siendo mi pelicula favorita,UgwilaVLgv4SiJTFnoF4AaABAg,2022-11-29T16:50:19Z,2022-11-29T16:50:19Z,1
6ZfuNTqbHE8,It is still the best movie in the mcu ever made 💜💜💜❣️,UgxDnOi9gn6QHwBXPq14AaABAg,2022-11-29T16:49:55Z,2022-11-29T16:49:55Z,0
6ZfuNTqbHE8,Ya pasaron 5 años 😱,Ugwb8sFLZQdG1j3Y_xF4AaABAg,2022-11-29T16:43:11Z,2022-11-29T16:43:11Z,0
6ZfuNTqbHE8,Its been 5 years folks...time really does fly🤯,UgyZr2HjHnOx5MKNc9F4AaABAg,2022-11-29T16:32:13Z,2022-11-29T16:32:13Z,1
6ZfuNTqbHE8,It's been 5 years,Ugy4cmqZJCOZFwzYrFt4AaABAg,2022-11-29T16:12:29Z,2022-11-29T16:12:29Z,2
6ZfuNTqbHE8,Happy 5 year anniversary!,UgzDErkN8Z3a6fWL0KB4AaABAg,2022-11-29T16:11:23Z,2022-11-29T16:11:23Z,3
6ZfuNTqbHE8,5years,UgxI4kjVcMGvdKRpusR4AaABAg,2022-11-29T16:11:08Z,2022-11-29T16:11:08Z,0
6ZfuNTqbHE8,Dude 2018-19 marvel was unstoppable. Captain Marvel made 1 billion dollars. Like what😂😂😂,Ugz3XY9HngAk7jdkifB4AaABAg,2022-11-29T16:04:36Z,2022-11-29T16:04:36Z,2
6ZfuNTqbHE8,WHO'S HERE FOR THE 5TH ANNIVERSARY OF THIS TRAILER?!,Ugz9D5h8yt0SH2tsotd4AaABAg,2022-11-29T16:02:16Z,2022-11-29T16:02:16Z,0
6ZfuNTqbHE8,5 YEARS!!!,UgzCWXz08SDuLzqsH5J4AaABAg,2022-11-29T15:54:25Z,2022-11-29T15:54:25Z,0
6ZfuNTqbHE8,"I still watch this to be hyped and get motivated when Im down with my studies... The ""Wakanda Forever"" gives me a tremendous amount of standard motivation and confidence... Love you Chadwick.... Marvel is a feeling. ❤️....5 years...✨",Ugwg67wYANxML3nWOih4AaABAg,2022-11-29T15:33:31Z,2022-11-29T15:33:31Z,0
6ZfuNTqbHE8,It's been 5 years since the 1st trailer came out,UgwFwi13oX10vTUNfaB4AaABAg,2022-11-29T15:25:21Z,2022-11-29T15:25:21Z,1
6ZfuNTqbHE8,"5 years! Wow! This trailer is special, Goosebumps.",UgwTTqP9TJFcZsMBsrh4AaABAg,2022-11-29T15:19:50Z,2022-11-29T15:19:50Z,2
6ZfuNTqbHE8,FIVE YEARS LATER........,Ugw5wDeQPbulY0wwKL54AaABAg,2022-11-29T15:19:32Z,2022-11-29T15:19:32Z,1
6ZfuNTqbHE8,Old days,UgzgzWFWCRVgOq_gWq54AaABAg,2022-11-29T15:13:05Z,2022-11-29T15:13:05Z,1
6ZfuNTqbHE8,🥲,UgzYHbQVLP3DHarYK754AaABAg,2022-11-29T15:12:42Z,2022-11-29T15:12:42Z,1
6ZfuNTqbHE8,After 5 years,Ugw7PvqQL3jd3i0Y3VB4AaABAg,2022-11-29T15:12:18Z,2022-11-29T15:12:18Z,0
6ZfuNTqbHE8,Its been 5 years 🙂,UgwzW6VVpxx8vAfF4gF4AaABAg,2022-11-29T15:04:27Z,2022-11-29T15:04:27Z,1
6ZfuNTqbHE8,"The same amount of time has passed since this trailer was released as the time between the end of Infinity war and the start of endgame 

5 Years",UgygXh4jaFwjjERipNx4AaABAg,2022-11-29T14:55:13Z,2022-11-29T14:55:13Z,1
6ZfuNTqbHE8,5 years ago today 😢,Ugx1b65A0R6aXM7V8Rl4AaABAg,2022-11-29T14:41:02Z,2022-11-29T14:41:02Z,2
6ZfuNTqbHE8,5 YEARSSSSSS,Ugwpkn4IWqfbwehyhnt4AaABAg,2022-11-29T13:53:03Z,2022-11-29T13:53:03Z,5
6ZfuNTqbHE8,Five years ago we were happy by the trailer. Four years later we have a chance to watch end of MCU. We will.,UgybHCjtjbXmjXAyJsZ4AaABAg,2022-11-29T13:30:34Z,2022-11-29T13:30:34Z,0
6ZfuNTqbHE8,"I remember this day, 5 years ago watching this masterpiece.",UgxYlZ4v-sEIhIV1XSl4AaABAg,2022-11-29T13:29:29Z,2022-11-29T13:29:29Z,0
6ZfuNTqbHE8,5 years ago today...,UgyoMJnmYVlnK7kUt6N4AaABAg,2022-11-29T09:44:49Z,2022-11-29T09:44:49Z,3
6ZfuNTqbHE8,Here we are 5 years later. November 29th 2022,UgxS1miuBVZiIMkjxft4AaABAg,2022-11-29T08:44:56Z,2022-11-29T08:45:04Z,1
6ZfuNTqbHE8,Most Beutey,Ugy4k_ffPQH3MAgl3Wt4AaABAg,2022-11-29T07:53:49Z,2022-11-29T07:53:49Z,1
6ZfuNTqbHE8,I could watch this evey year and it will never get old.,UgxlBT3fL5MRrkr5HK94AaABAg,2022-11-29T02:55:25Z,2022-11-29T02:55:25Z,1
6ZfuNTqbHE8,Happy Infinity War trailer anniversary! Good times!,UgxbxS6cWXvI5DzLbQd4AaABAg,2022-11-29T02:04:16Z,2022-11-29T02:04:16Z,2
6ZfuNTqbHE8,"I wish i had a Quantum Realm just to go in Past and relive the hype and vibe and watching the movie again Back To 2017...
2017_2019 was unreal and amazing for marvel Fans",UgwwAbhVS_xXbR0H2zp4AaABAg,2022-11-29T00:55:08Z,2022-11-29T00:55:08Z,1
6ZfuNTqbHE8,Happy 5th anniversary,UgwIFQLHWoZ_95JsSQV4AaABAg,2022-11-29T00:04:14Z,2022-11-29T00:04:14Z,1
6ZfuNTqbHE8,"I miss the excitement this trailer brought too the Marvel Universe, I miss it so much, still give me chills.",UgzGLBd1x5G2dBjdMtB4AaABAg,2022-11-28T19:30:02Z,2022-11-28T19:30:02Z,2
6ZfuNTqbHE8,Good Good Good,Ugz_KswvlGPkDxlTiz54AaABAg,2022-11-28T18:02:04Z,2022-11-28T18:02:04Z,1
6ZfuNTqbHE8,The greatest MARVEL movie ever made.,Ugz3we_NzhzvDymywZB4AaABAg,2022-11-28T17:40:42Z,2022-11-28T17:40:42Z,2
6ZfuNTqbHE8,wtf this is 5 years ago????,UgwXWIajG8JR-qQjSwl4AaABAg,2022-11-28T13:49:55Z,2022-11-28T13:49:55Z,4
6ZfuNTqbHE8,Tomorrow is 5 years later,UgyPX2sX8PGU2dbPCMF4AaABAg,2022-11-28T13:02:28Z,2022-11-28T13:02:28Z,3
6ZfuNTqbHE8,"You have to really appreciate the Russo brothers for taking the helm;
 (Winter Soldier)
(Civil War)
(Infinity War)
(Endgame)",UgzJdaKG-mlLx5M0g454AaABAg,2022-11-28T10:11:59Z,2022-11-28T10:11:59Z,2
6ZfuNTqbHE8,In trailer we saw hulk but in movie there was hulk buster armor in final fight,Ugy5Pd_SsgF8wLnTg254AaABAg,2022-11-28T08:59:57Z,2022-11-28T08:59:57Z,0
6ZfuNTqbHE8,The Russo Brothers are the best directors for marvel movies,Ugx_8gqfGTlNpWvSyjF4AaABAg,2022-11-28T06:40:07Z,2022-11-28T06:40:07Z,0
6ZfuNTqbHE8,I got so excited in English class for this,UgzIehiY2Z0WIA_9GyB4AaABAg,2022-11-28T06:01:28Z,2022-11-28T06:01:28Z,0
6ZfuNTqbHE8,Did Anyone notice in 1:59 that Banner has Transformed into Hulk in trailer but not in actual movie!!n,UgyesRMVd6cjgP7YhmB4AaABAg,2022-11-28T04:52:18Z,2022-11-28T04:52:18Z,2
6ZfuNTqbHE8,This movie is underrated,UgxgIjQPJ6afTqhMhUJ4AaABAg,2022-11-27T21:59:47Z,2022-11-27T21:59:47Z,1
6ZfuNTqbHE8,"i watched this movie in my bed, not in the cinemas. before seeing this i havent watched any mcu movie whatsoever. then i went to see Endgame with my friend when it came out and i was hooked. i may not have been a fan since the first movies but i am now and i am so exited for what the future is going to bring for us and all these characters.",UgxZrk7f4vHx9TA9oYt4AaABAg,2022-11-27T18:09:17Z,2022-11-27T18:09:17Z,0
6ZfuNTqbHE8,Greatest trailer in the MCU.,UgxVyD4YgWx1do-2Ted4AaABAg,2022-11-27T14:51:21Z,2022-11-27T14:51:21Z,1
6ZfuNTqbHE8,"At 1:59 the biggest mistake of infinity war is present 
In the scene we can see hulk but we know hulk was not ready that time for fight in the movie infinity war😂🤯🤯",UgxkqnHLq8UdOVNnZYJ4AaABAg,2022-11-27T14:45:16Z,2022-11-27T14:45:16Z,0
6ZfuNTqbHE8,If you notice in 1:59 you will see hulk .. But in the movie .. When you see the smae part .. You will see hulk buster ..a very big .. Mistake ..by marvel,UgyuJJUPcKtfpauZSCZ4AaABAg,2022-11-27T13:28:38Z,2022-11-27T13:28:38Z,0
6ZfuNTqbHE8,So no one is going to comment why hulk is in the trailer?,UgyaVui63IJdilgRPiR4AaABAg,2022-11-27T10:32:16Z,2022-11-27T10:32:28Z,1
6ZfuNTqbHE8,Much better than Endgame,UgyZOzCF9zkB4jhI5qN4AaABAg,2022-11-27T05:18:10Z,2022-11-27T05:18:10Z,1
6ZfuNTqbHE8,Rip Chadwick,UgwjI0zunYP8xI4aqUR4AaABAg,2022-11-27T04:37:35Z,2022-11-27T04:37:35Z,2
6ZfuNTqbHE8,Me seeing hulk in wakanda battle 😂🔥,Ugyp1drLzudTJxTm5s14AaABAg,2022-11-27T04:22:57Z,2022-11-27T04:22:57Z,0
6ZfuNTqbHE8,B,Ugyih1VJgDx5XhX_b_R4AaABAg,2022-11-26T12:02:14Z,2022-11-26T12:02:14Z,0
6ZfuNTqbHE8,Even corona waited to for infinity war and endgame to happen before starting pandemic,UgyvG5cH7yrFebqPdR94AaABAg,2022-11-26T10:11:34Z,2022-11-26T10:11:34Z,5
6ZfuNTqbHE8,"Wait a minute in the last scene of trailet hulk was there but when I watch the movie there was no hulk cuz Bruce can't transform in hulk. 
Sorry for my bad English.",Ugylzvx5eNeM0vCtH4F4AaABAg,2022-11-26T10:09:19Z,2022-11-26T10:09:19Z,0
6ZfuNTqbHE8,What is hulk doing on trailer (last part)??,Ugz-majCWjveJjoImkx4AaABAg,2022-11-26T10:02:22Z,2022-11-26T10:02:22Z,0
6ZfuNTqbHE8,Did anyone noticed that there was Hulk instead of hulkbuster,UgwaiwH2Dsx0BHDkl7F4AaABAg,2022-11-26T09:51:41Z,2022-11-26T09:51:41Z,0
6ZfuNTqbHE8,2:01 hulk ?,UgzilxKyLE2Rw5eY1M54AaABAg,2022-11-26T09:51:26Z,2022-11-26T09:51:26Z,0
6ZfuNTqbHE8,"Almost the 5 year Anniversary of this trailer that changed everything, the most excited I've been for a Marvel movie",UgwBI5jckUfCFwFWegx4AaABAg,2022-11-26T04:37:00Z,2022-11-26T04:37:00Z,1
6ZfuNTqbHE8,jAy,UgxbLZa3Lxfz5VYM_dt4AaABAg,2022-11-26T04:01:12Z,2022-11-26T04:01:12Z,0
6ZfuNTqbHE8,I like to think that them running in the end with the Hulk is from one of Strange’s visions,UgyW7V0TLXDJplJMjGx4AaABAg,2022-11-26T04:01:03Z,2022-11-26T04:01:03Z,1
6ZfuNTqbHE8,Fake Hulk 🤣🤣,UgyosZ-3aYpl4xEQu4J4AaABAg,2022-11-25T13:01:26Z,2022-11-25T13:01:26Z,0
6ZfuNTqbHE8,One of the best intos in cinema,Ugy8QE6c60M9PRs5PUh4AaABAg,2022-11-25T10:42:15Z,2022-11-25T10:42:15Z,0
6ZfuNTqbHE8,"It will be 5 years in 4 days time. I still cannot believe that this is the same studio making the MCU today. Feels worlds apart I swear. Still getting goosebumps watching this today.

How times have changed",Ugy5cXLToGdLisc-98V4AaABAg,2022-11-25T05:15:12Z,2022-11-25T05:15:12Z,1
6ZfuNTqbHE8,Hulk alive infinity war,Ugz1ZxkO9mHxZaoyVbV4AaABAg,2022-11-25T01:30:03Z,2022-11-25T01:30:03Z,0
6ZfuNTqbHE8,Whenever i am getting new earphones.... Here i come to check the quality.... ❤️,UgynWwuCEEIQ_YQvnIN4AaABAg,2022-11-24T06:11:48Z,2022-11-24T06:11:48Z,1
6ZfuNTqbHE8,1:30 This part. This does put a smile on my face,UgwYjDCAyz6oF5vm21F4AaABAg,2022-11-23T22:22:04Z,2022-11-23T22:22:04Z,1
6ZfuNTqbHE8,I want to get amnesia,UgwdpvrEARl6HLy8MPF4AaABAg,2022-11-23T13:36:16Z,2022-11-23T13:36:16Z,0
6ZfuNTqbHE8,Every time I see this always an hype,Ugxsk2fZk2mjCucSYzh4AaABAg,2022-11-23T12:59:07Z,2022-11-23T12:59:07Z,1
6ZfuNTqbHE8,"JUST SEARCH 'KGF 2' TRAILER
SEE VIEWS..",UgzH4tlUTp1p2djip8h4AaABAg,2022-11-23T12:22:54Z,2022-11-23T12:22:54Z,1
6ZfuNTqbHE8,I just noticed that this trailer is one of the best I've ever seen. 😎,UgzHoncj4urdFjKkkNZ4AaABAg,2022-11-23T08:30:50Z,2022-11-23T08:30:50Z,0
6ZfuNTqbHE8,Am i the only who have notice that in the fight scene in the end around 2:00 Bruce is Hulk but in the movie he wasn't,UgzAxO5HL8AXfHY9rGB4AaABAg,2022-11-23T05:55:35Z,2022-11-23T05:56:45Z,1
6ZfuNTqbHE8,The Kang dynasty and Secret Wars can try. But I guarantee you they will never live up to the level of hype that this was,Ugya_Hm4lAAtTDBUNg94AaABAg,2022-11-22T17:32:16Z,2022-11-22T17:32:16Z,4
6ZfuNTqbHE8,I wish so bad i could watch this in theatres again,UgwfbfW4Zd8HhKLdQZB4AaABAg,2022-11-22T15:14:24Z,2022-11-22T15:14:24Z,1
6ZfuNTqbHE8,Can someone wipe out my memory so I can watch this again,Ugyg47cgKK5zddZHu954AaABAg,2022-11-22T09:58:47Z,2022-11-22T09:58:47Z,0
6ZfuNTqbHE8,Even thought I’ve seen the movie so many times the trailer gets me hyped to watch it again as if I’ve never seen it before. This has gotta be one of the best trailers of all time.,UgxEXkESZX_IMrkDv1l4AaABAg,2022-11-21T19:59:15Z,2022-11-21T19:59:15Z,5
6ZfuNTqbHE8,Y'all saw at the near end that in the seen were they all run there was hulk out the the armor,Ugy4QcepjoIJqdGme_t4AaABAg,2022-11-21T05:16:14Z,2022-11-21T05:16:14Z,0
6ZfuNTqbHE8,what happend bro...,Ugw5xHaOPICxSXZVFhR4AaABAg,2022-11-21T01:59:52Z,2022-11-21T01:59:52Z,0
6ZfuNTqbHE8,It’s so goddamn depressing that we most likely won’t see a movie as good or even CLOSE to how good this and endgame were 😢,UgxIUaWt8Q3v0nP5Cwp4AaABAg,2022-11-20T16:10:20Z,2022-11-20T16:10:20Z,1
6ZfuNTqbHE8,This one really got all of us hyped,UgyQvb3UF5Ce7EIlFJJ4AaABAg,2022-11-20T12:29:10Z,2022-11-20T12:29:10Z,0
6ZfuNTqbHE8,Last movie i go to watch with my father,Ugwmw8Fjl-v1YObO95Z4AaABAg,2022-11-20T05:55:48Z,2022-11-20T05:55:48Z,1
6ZfuNTqbHE8,I was so hype when this came out,UgziLLH0pmr1soJFzit4AaABAg,2022-11-20T03:16:26Z,2022-11-20T03:16:26Z,1
6ZfuNTqbHE8,Infinity War is The best Avengers so Far !,UgxD_LzNKZ_5sYyeagl4AaABAg,2022-11-19T17:22:37Z,2022-11-19T17:22:37Z,1
6ZfuNTqbHE8,When marvel was good,Ugx1JbVrjNUTI13THBd4AaABAg,2022-11-19T17:14:57Z,2022-11-19T17:14:57Z,0
6ZfuNTqbHE8,the W,Ugyfrf4BYmtNQpJweLp4AaABAg,2022-11-19T16:45:43Z,2022-11-19T16:45:43Z,0
6ZfuNTqbHE8,"this was the peak in marvel movies, now its just people twerking and instead of heroes overcoming villain's, they're overcoming people not treating a female layer the same as a guy.",UgwhXmonmlEPb9f8cth4AaABAg,2022-11-19T12:51:21Z,2022-11-19T12:51:21Z,0
6ZfuNTqbHE8,Looking back at this trailer it makes me realize that we were robbed of this charge at 1:59. We could've had og Hulk back.,UgxcwtuSZshWiZoYsph4AaABAg,2022-11-19T05:57:38Z,2022-11-19T05:57:54Z,0
6ZfuNTqbHE8,1:48 me on Black Friday seeing a kid grab the last ps5,Ugw9iman6iHS7UbB6cB4AaABAg,2022-11-19T05:21:20Z,2022-11-19T05:21:20Z,1
6ZfuNTqbHE8,It's crazy how this is already feeling nostalgic,UgynO35f3EKqJGILxt54AaABAg,2022-11-19T04:09:25Z,2022-11-19T04:09:25Z,1
6ZfuNTqbHE8,wow,UgzaswmXpew49ny00sp4AaABAg,2022-11-19T01:02:02Z,2022-11-19T01:02:02Z,0
6ZfuNTqbHE8,Peak Marvel,UgyPLQhRCLRJ4Wa1qQZ4AaABAg,2022-11-18T23:51:04Z,2022-11-18T23:51:04Z,0
6ZfuNTqbHE8,Still the best marvel trailer by far,Ugy-dHFOKNwptr6mn9F4AaABAg,2022-11-18T17:55:25Z,2022-11-18T17:55:25Z,3
6ZfuNTqbHE8,Ready for marvel studios' avengers the kang dynasty 2025 and marvel studios' avengers secret wars 2026,Ugx4fU85OiLz0MyUAP54AaABAg,2022-11-18T11:32:19Z,2022-11-18T11:32:19Z,1
6ZfuNTqbHE8,"how exciting it was at the time is indescribable 😢
8:51 PM 17/11/22",UgzukMhfx8DBkfRyJCV4AaABAg,2022-11-18T02:51:45Z,2022-11-18T02:51:45Z,0
6ZfuNTqbHE8,Watching in nov 2022 and still getting goosebumps while watching this trailer,Ugx2cIf5bpKlPYlAI0Z4AaABAg,2022-11-17T21:06:23Z,2022-11-17T21:06:23Z,0
6ZfuNTqbHE8,"Yeh, Infinity war is better than endgame, I see it now.",UgyvvnbEC9eXf8Wa67h4AaABAg,2022-11-17T07:47:46Z,2022-11-17T07:47:46Z,1
6ZfuNTqbHE8,still the best trailer,Ugy-bXcQlU21x09ty5B4AaABAg,2022-11-17T06:00:22Z,2022-11-17T06:00:22Z,2
6ZfuNTqbHE8,256,Ugy_geDNE0vGKitUNhl4AaABAg,2022-11-16T16:56:11Z,2022-11-16T16:56:11Z,0
6ZfuNTqbHE8,I want old avengers back 😭😭😭,UgzU767RYa_S5MlS2Gd4AaABAg,2022-11-16T14:43:36Z,2022-11-16T14:43:36Z,1
6ZfuNTqbHE8,Good video,UgyW43I3CXAK2a3v9jV4AaABAg,2022-11-16T13:42:06Z,2022-11-16T13:42:06Z,2
6ZfuNTqbHE8,This is where Marvel peaked. Hasn’t been the same since.,UgwFC_7cE5YpLPxD7bR4AaABAg,2022-11-16T08:49:58Z,2022-11-16T08:49:58Z,5
6ZfuNTqbHE8,It’s been almost 4 years now… but still whenever I see this trailer brings me the same goosebumps,UgyRa1NHDNR2mv77p6x4AaABAg,2022-11-16T08:48:49Z,2022-11-16T08:48:49Z,4
6ZfuNTqbHE8,Why does it show hulk in the trailer at the end when he ain’t in it,UgwgtjaZ5sjR2TzHXGt4AaABAg,2022-11-16T02:37:27Z,2022-11-16T02:37:27Z,0
6ZfuNTqbHE8,Its surreal to believe infinity war was released almost 5 years ago,Ugy6Bh0OEYmkT6LRd1Z4AaABAg,2022-11-16T00:28:39Z,2022-11-16T00:28:39Z,5
6ZfuNTqbHE8,"As a child, in the '70s, my dad was searching for glass bottles in the streets to bring them to the shops so he can get a coin (1 franc) in exchange, so he could buy him a comic book every week... and he always dreamed of movies like that. ""Infinity War"" was something special for him, for us, because he always took me to the theaters to watch a new Marvel movie, since the first X-Men. And when I was visiting my grand parents house, I always get to read the comics he collected and took care of back in the days. The future generations will never understand and feel what we felt seeing this. My father waited nearly 40 years for that, and more than 20 for me.


(Sorry for my english, I'm french)",UgxQSjiF8ovmxbxnV354AaABAg,2022-11-15T23:05:56Z,2022-11-15T23:19:09Z,0
6ZfuNTqbHE8,How did we go from this to She Hulk? 💀,Ugxr_lJRpyGXDLuqAbN4AaABAg,2022-11-15T22:35:48Z,2022-11-15T22:35:48Z,2
6ZfuNTqbHE8,This still gives me the chills after 5 years,UgxLLrj9GtUtAAmfs114AaABAg,2022-11-15T22:25:50Z,2022-11-15T22:25:50Z,4
6ZfuNTqbHE8,*Peak Marvel*,UgwxS4_WUt5B_GfIpw14AaABAg,2022-11-15T21:46:25Z,2022-11-15T21:46:25Z,3
6ZfuNTqbHE8,"This is PEAK MCU, broke the superhero movie trope of a good ending and had us wanting more",UgyCJ67x9_OwuUJo5hh4AaABAg,2022-11-15T15:40:50Z,2022-11-15T15:56:24Z,2
6ZfuNTqbHE8,"Evacuate the city,Engage all defences n get this man a shield
Miss u Chadwick🖤🖤",UgzE8fY9SowRL5fTTt14AaABAg,2022-11-15T15:15:22Z,2022-11-15T15:15:22Z,2
6ZfuNTqbHE8,"Endgame was awesome
But watching infinity war for first time>>>>",UgyhQwDpW1KTeBFvdnx4AaABAg,2022-11-15T15:14:29Z,2022-11-15T15:14:29Z,1
6ZfuNTqbHE8,Good times 2017,UgzPfM4SV438ih3nix94AaABAg,2022-11-15T11:52:29Z,2022-11-15T11:52:29Z,0
6ZfuNTqbHE8,1:59 wait what?!!! 💀,Ugz-_UTHFB_t2V08YMJ4AaABAg,2022-11-15T09:20:40Z,2022-11-15T09:20:40Z,1
6ZfuNTqbHE8,I still remember the first time I saw this trailer. I'm still having goosebumps right now.,Ugx3Mu6A3LWB9rGgXXt4AaABAg,2022-11-14T23:03:20Z,2022-11-14T23:03:20Z,6
6ZfuNTqbHE8,R.I.P. MCU. Never can be as good ever again.,UgxOouDrkW3VlnMK_m94AaABAg,2022-11-14T22:02:41Z,2022-11-14T22:02:41Z,5
6ZfuNTqbHE8,And then we got She-Hulk.,UgwjbgpcjFSqiIQdydF4AaABAg,2022-11-14T21:16:57Z,2022-11-14T21:16:57Z,0
6ZfuNTqbHE8,Avengers Infinity War was the movie every marvel fan was waiting for,UgzdBHnl41lyFop1dEp4AaABAg,2022-11-14T02:06:40Z,2022-11-14T02:06:40Z,6
6ZfuNTqbHE8,infinity  war is awesome  movie,Ugzy4fghyM4vArpwg_B4AaABAg,2022-11-14T01:11:49Z,2022-11-14T01:11:49Z,3
6ZfuNTqbHE8,Even after seeing Wakanda Forever I’m back where the hype began INFINITY WARS!,UgwlbnMFUJOtPrh-GEx4AaABAg,2022-11-13T16:51:42Z,2022-11-13T16:51:42Z,3
6ZfuNTqbHE8,The last good marvel film,Ugwnc8IWKjFURpqOkTF4AaABAg,2022-11-13T10:03:50Z,2022-11-13T10:03:50Z,5
6ZfuNTqbHE8,"me watching this 4 years later, still gives me the chills",Ugx4JRTW15Vu2o2sbip4AaABAg,2022-11-13T06:24:13Z,2022-11-13T06:24:13Z,5
6ZfuNTqbHE8,Best movie,UgzlW5rC_ZDHVa6JlUR4AaABAg,2022-11-13T05:34:24Z,2022-11-13T05:34:24Z,4
6ZfuNTqbHE8,2:00 why was Hulk there,Ugxp9MrBHcKUnSyU9H14AaABAg,2022-11-13T02:53:44Z,2022-11-13T02:53:44Z,5
6ZfuNTqbHE8,Moi en 2022 j'ai jamais regardé juste les annonces et trailers 👀😆🚣,UgzgQYdASc8Y0_-jFGZ4AaABAg,2022-11-12T18:16:30Z,2022-11-12T18:16:30Z,1
6ZfuNTqbHE8,I just found a detail stop at 1:59 hulk is their but in the final cut hulkbuster is their,UgyGOcneR1fsT2Cfk5x4AaABAg,2022-11-12T15:24:42Z,2022-11-12T15:24:42Z,2
6ZfuNTqbHE8,"Lets be honest, the highlight of this movie was the relationship between Tony and Strange",Ugwt2eWvcE8JBYzzmCZ4AaABAg,2022-11-12T03:45:10Z,2022-11-12T03:45:10Z,0
6ZfuNTqbHE8,"I personally like infinity war more than endgame, is that ok?",Ugzmeh_akBcduxi1d0V4AaABAg,2022-11-12T03:12:38Z,2022-11-12T03:12:38Z,1
6ZfuNTqbHE8,Best movie in history,UgxMyC4FXamuzutd4xZ4AaABAg,2022-11-12T01:58:20Z,2022-11-12T01:58:20Z,2
6ZfuNTqbHE8,"O boi, Still getting goosebumps",UgxiwJLa5DUwTVSuRoF4AaABAg,2022-11-12T00:14:33Z,2022-11-12T00:14:33Z,1
6ZfuNTqbHE8,"Destiny still arrives..
Truest quote ever",UgwAPNiXqjVw0rPt0Bt4AaABAg,2022-11-11T21:57:51Z,2022-11-11T21:57:51Z,2
6ZfuNTqbHE8,"The huge battle being set in Wakanda was really awesome and I wonder how the Black Panther sequel will be like with that. R.I.P. Chadwick Boseman, WAKANDA FOREVER!!!",UgzZrtmGLqIx0LG3o0t4AaABAg,2022-11-11T19:24:54Z,2022-11-11T19:24:54Z,0
6ZfuNTqbHE8,This hits personally now😢😢,Ugz-PxUbmbb8ssYNNnJ4AaABAg,2022-11-11T18:49:04Z,2022-11-11T18:49:04Z,0
6ZfuNTqbHE8,its a Masterpiece,UgxFN1Myu5NjRr44fEN4AaABAg,2022-11-11T18:17:01Z,2022-11-11T18:17:01Z,2
6ZfuNTqbHE8,Love how this teaser looks so good still now.,Ugxa7l7jbjnmHX8_zv94AaABAg,2022-11-11T18:07:29Z,2022-11-11T18:07:40Z,4
6ZfuNTqbHE8,Hands down best marvel movie yet 🙌🏻,UgzoAgxUCH2igHP0QWZ4AaABAg,2022-11-11T16:52:21Z,2022-11-11T16:52:21Z,2
6ZfuNTqbHE8,All that for paper weights,UgwZsBW5xClqNuKl-NV4AaABAg,2022-11-11T15:22:05Z,2022-11-11T15:22:05Z,0
6ZfuNTqbHE8,"Best era of mcu is
Infinity war
Endgame
No way home",UgxGAEqhmiiNuO9Jnjp4AaABAg,2022-11-11T11:24:58Z,2022-11-11T11:24:58Z,1
