videoId,textDisplay,cleanedData,likeCount,publishedAt,updatedAt,commentId
wUn05hdkhjM,Best trailer ever,best trailer ever,1,2023-06-09T22:08:46Z,2023-06-09T22:08:46Z,Ugyf8TM4KhTmpCC6abd4AaABAg
wUn05hdkhjM,Trailer yang menarik,trailer yang menarik,1,2023-06-07T00:54:45Z,2023-06-07T00:54:45Z,Ugxk0pqV5NXWxCwaSRp4AaABAg
wUn05hdkhjM,I just watching this again 😅,i just watching this again ,0,2023-05-27T03:19:47Z,2023-05-27T03:19:47Z,UgzyVTMnVDGE-gkvkTt4AaABAg
wUn05hdkhjM,"The only true Family in the whole MCU, God bless James Gunn",the only true family in the whole mcu god bless james gunn,0,2023-05-24T19:09:22Z,2023-05-24T19:09:22Z,Ugz0j8L9Gnfe0uKc93d4AaABAg
wUn05hdkhjM,GOTG 3 Might have been the best film of this trliogy this was the best trailer,gotg 3 might have been the best film of this trliogy this was the best trailer,0,2023-05-23T10:33:12Z,2023-05-23T10:33:12Z,UgxPnJwJOCHXevy2aA54AaABAg
wUn05hdkhjM,This hits different after GOTG 3,this hits different after gotg 3,1,2023-05-23T09:41:17Z,2023-05-23T09:41:17Z,UgzdTAKbKHm8Sbc10sd4AaABAg
wUn05hdkhjM,Why an I still watching this after 6 years?,why an i still watching this after 6 years,2,2023-05-22T16:41:31Z,2023-05-22T16:41:31Z,Ugz5jrkSzshA-0a7GNF4AaABAg
wUn05hdkhjM,"I&#39;m nostalgic for this trailer and this movie. I saw it in theatres back when I was still in elementary school (7th grade) and now I&#39;m out of highschool. Things were simpler then, there was all the hype after Civil War, then this, and then Infinity War, Endgame and now the third Guardians movie, which I saw in theatres twice and cried both times. I will never forget these characters, these movies, and will forever be grateful to James Gunn.",im nostalgic for this trailer and this movie i saw it in theatres back when i was still in elementary school 7th grade and now im out of highschool things were simpler then there was all the hype after civil war then this and then infinity war endgame and now the third guardians movie which i saw in theatres twice and cried both times i will never forget these characters these movies and will forever be grateful to james gunn,5,2023-05-21T02:40:04Z,2023-05-21T02:40:04Z,Ugyvwtcbq39J-M1x7m54AaABAg
wUn05hdkhjM,Anyone still rewatching this trailer in 2023 anyone?,anyone still rewatching this trailer in 2023 anyone,3,2023-05-20T15:36:40Z,2023-05-20T15:36:40Z,Ugywb_FSvviNeYnkwed4AaABAg
wUn05hdkhjM,I’m so hyped for this movie can’t wait to see it!,im so hyped for this movie cant wait to see it,1,2023-05-19T20:17:32Z,2023-05-19T20:17:32Z,UgwFxsO_rRbL160hBUd4AaABAg
wUn05hdkhjM,"<a href=""https://www.youtube.com/watch?v=wUn05hdkhjM&amp;t=1m11s"">1:11</a> love this title card name bit, edited well.",111 love this title card name bit edited well,2,2023-05-15T05:07:45Z,2023-05-15T05:08:04Z,UgwMiJm2atL8DvSE8XN4AaABAg
wUn05hdkhjM,"It&#39;s over again in this May 2023, I felt be like a nostalgic remember when I watched that movie.",its over again in this may 2023 i felt be like a nostalgic remember when i watched that movie,0,2023-05-14T23:51:48Z,2023-05-14T23:51:48Z,UgwsTPJ0pIcFzsshmL94AaABAg
wUn05hdkhjM,An amazing trailer (although it probably didn&#39;t need the final bit),an amazing trailer although it probably didnt need the final bit,0,2023-05-14T21:25:45Z,2023-05-14T21:25:45Z,UgyfryGpFu2j0h7PoKZ4AaABAg
wUn05hdkhjM,I remember this 6 years ago I was about to graduate high school good memories,i remember this 6 years ago i was about to graduate high school good memories,0,2023-05-14T20:39:57Z,2023-05-14T20:39:57Z,Ugyl60lFO8zenGZkDOx4AaABAg
wUn05hdkhjM,Marvel&#39;s first family - fantastic four <br>MCUs first family - freaking Guardians of the Galaxy,"marvels first family  fantastic four 
mcus first family  freaking guardians of the galaxy",1,2023-05-14T13:33:53Z,2023-05-14T13:33:53Z,UgwQ5LSQGVg-KgKb93d4AaABAg
wUn05hdkhjM,Why is groot wearing the ravenger outfit at the start of the movie?,why is groot wearing the ravenger outfit at the start of the movie,2,2023-05-14T11:53:39Z,2023-05-14T11:53:39Z,UgzXGmpZ2sKPYvEGh994AaABAg
wUn05hdkhjM,"How did Gunn pull this off ❤ this trailer took me back and just seeing how many characters are in this movie that we care about , it’s crazy",how did gunn pull this off  this trailer took me back and just seeing how many characters are in this movie that we care about  its crazy,4,2023-05-13T21:47:13Z,2023-05-13T21:47:13Z,Ugzk7uWUBcABwfUtNzV4AaABAg
wUn05hdkhjM,I think a sequel would be profitable,i think a sequel would be profitable,2,2023-05-13T18:06:08Z,2023-05-13T18:06:08Z,Ugx7v2fRKSaeOyW_3Xx4AaABAg
wUn05hdkhjM,Best guardians movie hands down,best guardians movie hands down,1,2023-05-13T18:04:29Z,2023-05-13T18:04:29Z,Ugz4Kb9Vhw56LQ3o0u94AaABAg
wUn05hdkhjM,"- You are not friends<br>- No, we&#39;re family.<br><br>Hits harder now"," you are not friends
 no were family

hits harder now",1,2023-05-13T15:27:30Z,2023-05-13T15:27:30Z,UgwtpE4EoGbmQzpXShh4AaABAg
wUn05hdkhjM,Guardians of the Galaxy Vol.2 was amazing! Baby Groot my favorite 👏👏👏👏,guardians of the galaxy vol2 was amazing baby groot my favorite ,4,2023-05-13T07:57:06Z,2023-05-13T07:57:06Z,UgygvJLUTw6ze40r8h54AaABAg
wUn05hdkhjM,i got my tickets ready!! i cant wait!!,i got my tickets ready i cant wait,1,2023-05-12T18:02:21Z,2023-05-12T18:02:21Z,Ugzr58nnjC2DHsPZc_l4AaABAg
wUn05hdkhjM,I came to terms that GOTG is the best team ever. Respectfully i love stark tho,i came to terms that gotg is the best team ever respectfully i love stark tho,0,2023-05-12T01:10:41Z,2023-05-12T01:10:41Z,Ugx9Ig1rekIhtUcP6Jd4AaABAg
wUn05hdkhjM,It&#39;s been 6 yrs,its been 6 yrs,0,2023-05-11T23:18:41Z,2023-05-11T23:18:41Z,UgxgpVGjTSH6UOtNml94AaABAg
wUn05hdkhjM,"I haven’t seen this trailer in so long, My God this takes me back",i havent seen this trailer in so long my god this takes me back,2,2023-05-11T17:07:31Z,2023-05-11T17:07:31Z,UgwhMgKd2Q58cdt2IPl4AaABAg
wUn05hdkhjM,Was the thumbnail for this actually a title card mid transition,was the thumbnail for this actually a title card mid transition,3,2023-05-11T10:12:33Z,2023-05-11T10:12:33Z,UgyKX6R-b9XENTOnCt54AaABAg
wUn05hdkhjM,"Why me, maybe i am the chosen one 💀",why me maybe i am the chosen one ,8,2023-05-10T10:50:54Z,2023-05-10T10:50:54Z,UgzCSM84yq_M-GFj5p94AaABAg
wUn05hdkhjM,I’m so excited!,im so excited,1,2023-05-10T08:43:39Z,2023-05-10T08:43:39Z,UgwTPTCop6sbQx2nedd4AaABAg
wUn05hdkhjM,"Man, prepping for GOTG this weekend, crazy",man prepping for gotg this weekend crazy,5,2023-05-10T04:10:03Z,2023-05-10T04:10:03Z,UgzS7dHbB7-sGuZ7GnN4AaABAg
wUn05hdkhjM,watcging this after watching the 3rd movie,watcging this after watching the 3rd movie,9,2023-05-09T09:24:24Z,2023-05-09T09:24:24Z,UgwuDaPAugIFKal-SkB4AaABAg
wUn05hdkhjM,I’m bouta see vol 3 and I see this in my recommended page.,im bouta see vol 3 and i see this in my recommended page,14,2023-05-06T13:32:46Z,2023-05-06T13:32:46Z,UgxsaMd5xh0QtYD1aql4AaABAg
wUn05hdkhjM,"Happy 6th Anniversary Marvel Studios &quot;GUARDIANS OF THE GALAXY 2 (aka Vol. 2)&quot; (MAY 5, 2017)!!!!!!!!!!!!!!!!!!!!!!!!!!!!!!!!!!!!!!!!!!!!!!!!!!!!!!!!!!!!!!!!!!!!!!!!!!!!!!!!!!!!!!!!!!!!!!!!!!!!!!!! (R.I.P. STAN LEE)",happy 6th anniversary marvel studios guardians of the galaxy 2 aka vol 2 may 5 2017 rip stan lee,4,2023-05-05T18:47:37Z,2023-05-05T18:47:37Z,UgyutHYtLaXOQoC57Qh4AaABAg
wUn05hdkhjM,Not only marvel but alot of studios need to step up with their trailers lately  this still rocks,not only marvel but alot of studios need to step up with their trailers lately  this still rocks,2,2023-05-04T15:12:30Z,2023-05-04T15:12:30Z,UgwPs1kEhRYU0iBDhnJ4AaABAg
wUn05hdkhjM,Easily top 3 marvel trailers ever,easily top 3 marvel trailers ever,7,2023-05-03T05:48:50Z,2023-05-03T05:48:50Z,Ugw4X3nZubsDB98kUh14AaABAg
wUn05hdkhjM,"Wow, Vol 3 also comes out on May 5th",wow vol 3 also comes out on may 5th,4,2023-04-26T03:30:25Z,2023-04-26T03:30:25Z,Ugw9dpHA2QGWBGR4s414AaABAg
wUn05hdkhjM,That was joyous times of this anticipation.,that was joyous times of this anticipation,0,2023-04-16T23:10:35Z,2023-04-16T23:10:35Z,UgyBZfe0ub1HsSXGQ2l4AaABAg
wUn05hdkhjM,This was a pretty good movie in the theaters,this was a pretty good movie in the theaters,5,2023-03-12T02:12:22Z,2023-03-12T02:12:22Z,Ugwg0UO7MUNGiYYdS4Z4AaABAg
wUn05hdkhjM,Rocket thanks from ryan,rocket thanks from ryan,2,2023-03-04T07:01:50Z,2023-03-04T07:01:50Z,Ugw4i70w1wJI0LW3cgV4AaABAg
wUn05hdkhjM,wow this one has a VERY different vibe from the GotG 3 trailer.,wow this one has a very different vibe from the gotg 3 trailer,7,2023-02-17T16:01:55Z,2023-02-17T16:01:55Z,Ugxn-zWWnUFxibMmT5J4AaABAg
wUn05hdkhjM,Gusrdians of the galaxy 2 2017,gusrdians of the galaxy 2 2017,1,2023-01-29T04:13:13Z,2023-01-29T04:13:13Z,Ugxd86tKuVGdbiqxqYF4AaABAg
wUn05hdkhjM,You did this.,you did this,1,2023-01-14T07:50:29Z,2023-01-14T07:50:29Z,UgzPZNqOlYNkuIxnNft4AaABAg
wUn05hdkhjM,God I love the text don’t they chose for the trailers for this film,god i love the text dont they chose for the trailers for this film,1,2023-01-08T00:29:02Z,2023-01-08T00:29:02Z,UgxPDRcnyWLcOMklmgt4AaABAg
wUn05hdkhjM,"<a href=""https://www.youtube.com/watch?v=wUn05hdkhjM&amp;t=2m16s"">2:16</a>  creepy eyes still",216  creepy eyes still,3,2023-01-02T01:29:54Z,2023-01-02T01:29:54Z,UgyYzRdYoyfjQtozIxN4AaABAg
wUn05hdkhjM,"Oml at <a href=""https://www.youtube.com/watch?v=wUn05hdkhjM&amp;t=1m55s"">1:55</a> starmora are holding hands. WHY WASNT THIS IS THE MOVIE?!?!?!?",oml at 155 starmora are holding hands why wasnt this is the movie,0,2022-12-29T23:51:30Z,2022-12-29T23:51:30Z,UgwJsjDKytoaASGVyyp4AaABAg
wUn05hdkhjM,top ten mcu movie trailer,top ten mcu movie trailer,3,2022-12-12T05:22:51Z,2022-12-12T05:22:51Z,UgyLdtv53x53QRh8fJx4AaABAg
wUn05hdkhjM,the funniest scene was when Drax put on quill’s suit while carrying mantis and was like “My nIpPleS!”,the funniest scene was when drax put on quills suit while carrying mantis and was like my nipples,15,2022-12-09T01:28:00Z,2022-12-09T01:28:00Z,UgyobzQcdF2OovV9Md94AaABAg
wUn05hdkhjM,The amount of justice they did to Fleetwood Mac’s The Chain is honestly insane. It made the trailer for me.,the amount of justice they did to fleetwood macs the chain is honestly insane it made the trailer for me,125,2022-12-02T23:45:36Z,2022-12-02T23:45:36Z,UgzECMZ-nWvwxyWF_9h4AaABAg
wUn05hdkhjM,RIP Christine McVie,rip christine mcvie,1,2022-11-30T20:46:58Z,2022-11-30T20:46:58Z,UgyAZL1LFJIYXOya41J4AaABAg
wUn05hdkhjM,When Marvel no was woke,when marvel no was woke,3,2022-11-19T22:48:37Z,2022-11-19T22:48:37Z,UgzUiNRMNaWebZ9dvtp4AaABAg
wUn05hdkhjM,"<a href=""https://www.youtube.com/watch?v=wUn05hdkhjM&amp;t=1m03s"">1:03</a> <a href=""https://www.youtube.com/watch?v=wUn05hdkhjM&amp;t=1m02s"">1:02</a>",103 102,2,2022-11-01T15:17:19Z,2022-11-02T01:15:51Z,Ugw4Ep8XfZtZGogjiXR4AaABAg
wUn05hdkhjM,5 year anniversary. Sly Stallone and Kurt Russell were the best in this movie. I&#39;m looking forward to the third Guardians of the Galaxy on the same date in the next year.,5 year anniversary sly stallone and kurt russell were the best in this movie im looking forward to the third guardians of the galaxy on the same date in the next year,25,2022-10-28T18:47:48Z,2022-12-02T23:36:31Z,Ugy0w9eRTe5pRmZvRKZ4AaABAg
wUn05hdkhjM,"<a href=""https://www.youtube.com/watch?v=wUn05hdkhjM&amp;t=0m22s"">0:22</a>",22,1,2022-09-26T23:01:38Z,2022-09-26T23:01:38Z,UgznPreVCTafT6EYYgh4AaABAg
wUn05hdkhjM,"<a href=""https://www.youtube.com/watch?v=wUn05hdkhjM&amp;t=1m13s"">1:13</a>",113,2,2022-09-22T03:34:47Z,2022-09-22T03:34:47Z,Ugwzx4GRCqNXRuVpepF4AaABAg
wUn05hdkhjM,It’s sad this trailer got so little views,its sad this trailer got so little views,1,2022-09-18T18:22:17Z,2022-09-18T18:22:17Z,UgwHOLLSrUkpTJ02CdJ4AaABAg
wUn05hdkhjM,This video is so nice. I will download the movie,this video is so nice i will download the movie,0,2022-08-27T19:44:38Z,2022-08-27T19:44:38Z,Ugz6laX7O-ftBIWP_T94AaABAg
wUn05hdkhjM,I can&#39;t wait for The third volume! Come on feige hype us up some company are just douchebags!!! And you can do much better!!!,i cant wait for the third volume come on feige hype us up some company are just douchebags and you can do much better,3,2022-08-11T01:18:06Z,2022-08-11T01:18:06Z,UgyyiZvRIPq7YuNrwBt4AaABAg
wUn05hdkhjM,"2022 And the one and only thing that can give Marvel some quality, are still the Guardians of the Galaxy",2022 and the one and only thing that can give marvel some quality are still the guardians of the galaxy,0,2022-08-03T15:13:47Z,2022-08-03T15:13:47Z,Ugzhe9vtV-4lP4-8h3h4AaABAg
wUn05hdkhjM,"honestly, this movie is kinda underrated given how low ppl rank it in the MCU. I think its aged pretty well",honestly this movie is kinda underrated given how low ppl rank it in the mcu i think its aged pretty well,4,2022-07-25T18:46:13Z,2022-07-25T18:46:13Z,Ugzuz95Wlrlr4X4sIsN4AaABAg
wUn05hdkhjM,Song name plss?,song name plss,2,2022-07-22T12:03:05Z,2022-07-22T12:03:05Z,Ugy7Aqd33tDKMAy9gvJ4AaABAg
wUn05hdkhjM,Jesus is the lord,jesus is the lord,4,2022-07-20T00:18:46Z,2022-07-20T00:18:46Z,UgxwATqQW76VxHmWfSx4AaABAg
wUn05hdkhjM,"To this day, the Guardians of the Galaxy films are still my favorite MCU Films",to this day the guardians of the galaxy films are still my favorite mcu films,12,2022-06-29T06:33:27Z,2022-06-29T06:33:27Z,Ugxp4B1aQVdF6k50UFB4AaABAg
wUn05hdkhjM,Kinda crazy how much this trailer throws viewers off the scent of what the movie is actually about,kinda crazy how much this trailer throws viewers off the scent of what the movie is actually about,4,2022-06-13T21:20:35Z,2022-06-13T21:20:35Z,Ugxe4w2EHPM5p-p05vx4AaABAg
wUn05hdkhjM,Classic 🔥😊,classic ,1,2022-05-24T04:19:27Z,2022-05-24T04:19:27Z,UgydDylxCE9oMWddWpJ4AaABAg
wUn05hdkhjM,"5 years later, I can still hear them saying you must never break the Chain. Happy Anniversary to one of my favorite movies.",5 years later i can still hear them saying you must never break the chain happy anniversary to one of my favorite movies,17,2022-05-06T03:11:50Z,2022-05-06T03:12:02Z,Ugz-yJ5BvCgFGWr62VB4AaABAg
wUn05hdkhjM,I can’t believe this movie is officially 5 years old,i cant believe this movie is officially 5 years old,4,2022-05-05T13:25:58Z,2022-05-05T13:25:58Z,Ugz8naLhz_OJu2Jciht4AaABAg
wUn05hdkhjM,"All you do is yell at each other your not friends.<br><br>Drax: No, we&#39;re family<br><br>Dom: 👀👀","all you do is yell at each other your not friends

drax no were family

dom ",4,2022-04-25T22:39:09Z,2022-04-25T22:39:09Z,Ugx2r2ieRccSKxT9T3B4AaABAg
wUn05hdkhjM,"The MCU is vast, expansive, and colourful. And that fact is thanks to the Guardians movies.<br>So GG, you loveable pack of space-faring misfits. I Am Groot!","the mcu is vast expansive and colourful and that fact is thanks to the guardians movies
so gg you loveable pack of spacefaring misfits i am groot",3,2022-04-15T14:44:11Z,2022-04-15T14:44:11Z,UgyknIvE2dp_KTKFcF14AaABAg
wUn05hdkhjM,I love this movie so much 2022,i love this movie so much 2022,1,2022-04-09T19:03:13Z,2022-04-09T19:03:13Z,UgxB8KjxgiU_3AXC-fV4AaABAg
wUn05hdkhjM,Me : 🙀🤯😘,me  ,0,2022-03-16T10:16:08Z,2022-03-16T10:16:08Z,UgyVJdWbNKSjrL_E5mV4AaABAg
wUn05hdkhjM,Probably the funniest MCU film I’ve ever watched,probably the funniest mcu film ive ever watched,2,2022-03-12T01:27:48Z,2022-03-12T01:27:48Z,Ugzjm0Cs9Tz_ht-wauV4AaABAg
wUn05hdkhjM,I really love this Movie back in 2017.,i really love this movie back in 2017,2,2022-02-20T23:37:33Z,2022-02-20T23:37:33Z,UgyA8JK_NAyjVavuGIZ4AaABAg
wUn05hdkhjM,Y does this trailer have no views,y does this trailer have no views,1,2022-02-19T00:35:52Z,2022-02-19T00:35:52Z,Ugybp9DZsKCyxFum_QF4AaABAg
wUn05hdkhjM,Roses are red violets are blue he climbed us and we haven in aview,roses are red violets are blue he climbed us and we haven in aview,0,2022-02-18T22:17:32Z,2022-02-18T22:17:32Z,UgyOh4GxwUN9-OY3lVl4AaABAg
wUn05hdkhjM,This is cool,this is cool,0,2022-02-15T13:46:50Z,2022-02-15T13:46:50Z,UgxBLhDsndd5FNr0jvh4AaABAg
wUn05hdkhjM,"Having watched the movie, they did a great job not spoiling Ego and going with a misdirect, that the Sovereign are the villains",having watched the movie they did a great job not spoiling ego and going with a misdirect that the sovereign are the villains,0,2022-02-14T19:47:03Z,2022-02-14T19:47:03Z,UgzF2civtmDLsbU1k3l4AaABAg
wUn05hdkhjM,Song name,song name,1,2022-02-03T11:46:27Z,2022-02-03T11:46:27Z,Ugyao2pTtqmrb5NCZst4AaABAg
wUn05hdkhjM,Rocket is so funny,rocket is so funny,2,2022-01-29T15:01:50Z,2022-01-29T15:01:50Z,UgwQ54OvZyVo_clIv9l4AaABAg
wUn05hdkhjM,I Watched this trailer when it first came out. Been watching it since. It never gets old.,i watched this trailer when it first came out been watching it since it never gets old,2,2022-01-25T01:01:08Z,2022-01-25T01:01:08Z,Ugz3TmLoxXYI7DVQhm54AaABAg
wUn05hdkhjM,Just think this movie exists because Rocket stole some harbulary batteries!,just think this movie exists because rocket stole some harbulary batteries,2,2022-01-24T03:48:43Z,2022-02-02T15:25:03Z,UgyX5703XXktqSXCYoJ4AaABAg
wUn05hdkhjM,Groot is back,groot is back,0,2022-01-09T11:30:58Z,2022-01-09T11:30:58Z,UgzqUpTU1e6K7Nb4tEJ4AaABAg
wUn05hdkhjM,Hello Peter...,hello peter,0,2022-01-01T23:32:13Z,2022-01-01T23:32:13Z,UgxckgITIACGvtgXH5t4AaABAg
wUn05hdkhjM,"Any buddy knows the story tell to me, just watch for VFX effects 👍👍👍",any buddy knows the story tell to me just watch for vfx effects ,0,2022-01-01T15:18:11Z,2022-01-01T15:18:11Z,UgwdCiie6N1cuqoYLgJ4AaABAg
wUn05hdkhjM,huh...that was a fun trailer to rewatch,huhthat was a fun trailer to rewatch,0,2021-12-24T06:46:13Z,2021-12-24T06:46:13Z,UgzMkJlrdWFKA-S-jP54AaABAg
wUn05hdkhjM,"Kudos to James Gun, cant wait for gotg vol 3!",kudos to james gun cant wait for gotg vol 3,0,2021-12-06T18:48:20Z,2021-12-06T18:48:20Z,UgxK8P-g4dfpHJE6Rmt4AaABAg
wUn05hdkhjM,one of the best trailers ever  with one of the best songs ever the chain -Fleetwood Mac,one of the best trailers ever  with one of the best songs ever the chain fleetwood mac,0,2021-11-28T01:53:55Z,2021-11-28T01:53:55Z,UgzH48h7vsMr8FuxgOR4AaABAg
wUn05hdkhjM,"They really did gotg member dirty in end game, i hope they do something about that in future,,",they really did gotg member dirty in end game i hope they do something about that in future,0,2021-11-23T09:19:18Z,2021-11-23T09:19:18Z,UgyqpU66ejCxphSwDmR4AaABAg
wUn05hdkhjM,Family!,family,1,2021-11-19T12:23:49Z,2021-11-19T12:23:49Z,UgzJim38Ed5pV_H9QLV4AaABAg
wUn05hdkhjM,"<a href=""https://www.youtube.com/watch?v=wUn05hdkhjM&amp;t=0m22s"">0:22</a><br><br>Just Something for edit","022

just something for edit",1,2021-11-15T04:11:51Z,2021-11-15T04:11:51Z,Ugx74TfDPcYWR6ir4Yp4AaABAg
wUn05hdkhjM,Guardians of the galaxy game honestly matches the vibe of this version of the guardians,guardians of the galaxy game honestly matches the vibe of this version of the guardians,1,2021-11-02T02:11:12Z,2021-11-02T02:11:12Z,UgzTaHW3Hq_XB2a9AHR4AaABAg
wUn05hdkhjM,AoSHDa,aoshda,0,2021-10-31T18:03:08Z,2021-10-31T18:03:08Z,Ugyhn31nr2xXWfEnXgl4AaABAg
wUn05hdkhjM,"Notice how in the trailer for the first film, the listed off the actors’ names. For the sequel, since they became so popular, they’re listing off the characters’ names.",notice how in the trailer for the first film the listed off the actors names for the sequel since they became so popular theyre listing off the characters names,0,2021-10-29T10:51:24Z,2021-10-29T10:51:24Z,Ugx6Gsi6f0LwtjoL17d4AaABAg
wUn05hdkhjM,Darth Vader I am your father,darth vader i am your father,2,2021-10-12T05:13:24Z,2021-10-12T05:13:24Z,UgxJzX8Dd3It26ztcIJ4AaABAg
wUn05hdkhjM,"I like this scene <a href=""https://www.youtube.com/watch?v=wUn05hdkhjM&amp;t=2m52s"">2:52</a>",i like this scene 252,1,2021-09-21T13:25:41Z,2021-09-21T13:25:41Z,UgyTQ3CZXq7eheCK1HN4AaABAg
wUn05hdkhjM,wtf i thought this was the trailer for gotg 3 for a second,wtf i thought this was the trailer for gotg 3 for a second,2,2021-09-15T13:35:07Z,2021-09-15T13:35:07Z,UgwobAdThOfnyXKJPqx4AaABAg
wUn05hdkhjM,Ahhh I need gaurdians 3 right now! Also it breaks my heart remembering that our gamora from this movie was murdered…,ahhh i need gaurdians 3 right now also it breaks my heart remembering that our gamora from this movie was murdered,1,2021-09-01T21:33:41Z,2021-09-01T21:33:41Z,UgzLSGOrNH7hWIy7fxl4AaABAg
wUn05hdkhjM,Super film 👍,super film ,1,2021-08-29T19:20:35Z,2021-08-29T19:20:35Z,Ugxbc3QlLNdiqNE-HDh4AaABAg
wUn05hdkhjM,dudee this trailer is amazing!!,dudee this trailer is amazing,1,2021-08-28T16:24:55Z,2021-08-28T16:24:55Z,UgwhEszjxQvkHP0dGmZ4AaABAg
wUn05hdkhjM,Familia toda la vida .,familia toda la vida ,0,2021-08-24T21:23:03Z,2021-08-24T21:23:03Z,Ugx-2Zj4AnXMvpeSyOh4AaABAg
wUn05hdkhjM,"Yondu, Rocket and Groot... Oh what a savage team this would have been in the Endgames",yondu rocket and groot oh what a savage team this would have been in the endgames,0,2021-08-21T07:44:59Z,2021-08-21T07:44:59Z,UgyYLxtQHinVhCyLa9V4AaABAg
wUn05hdkhjM,why is youtube recommending this... i thought it&#39;s the vol 3 😭😭😭😭,why is youtube recommending this i thought its the vol 3 ,0,2021-08-17T01:55:39Z,2021-08-17T01:55:39Z,UgwV_1m_AeckX-5EHAR4AaABAg
wUn05hdkhjM,One of the best Sci-Fi movies ever made !! GOTG has got to be one of the best examples of using CGI to create mind-blowing cinematic visuals.,one of the best scifi movies ever made  gotg has got to be one of the best examples of using cgi to create mindblowing cinematic visuals,15,2021-08-15T18:49:20Z,2021-08-15T18:49:20Z,UgzI2v1KkZJ85RXlOHZ4AaABAg
wUn05hdkhjM,"<a href=""https://www.youtube.com/watch?v=wUn05hdkhjM&amp;t=1m54s"">1:54</a> dom : yes we&#39;re strong cz we are family",154 dom  yes were strong cz we are family,1,2021-08-11T01:51:56Z,2021-08-11T01:51:56Z,UgxDM2u_qdygxvdPbq14AaABAg
wUn05hdkhjM,"Of course, the film is about family. Dom&#39;s in it.",of course the film is about family doms in it,2,2021-08-01T07:43:02Z,2021-08-01T07:43:02Z,UgwsNrqX4ZJww1WIBsV4AaABAg
wUn05hdkhjM,Dom: you said family <br><br><br>Welcome to the family drax,"dom you said family 


welcome to the family drax",0,2021-07-28T17:26:10Z,2021-07-28T17:26:10Z,UgztOfoQzyaRXPXODfR4AaABAg
wUn05hdkhjM,baby groot😄😄😄,baby groot,2,2021-07-18T12:36:37Z,2021-07-18T12:36:37Z,UgyDpSmVWAmQOKfH4A94AaABAg
wUn05hdkhjM,This trailer lives rent free in my mind,this trailer lives rent free in my mind,0,2021-07-17T09:39:54Z,2021-07-17T09:39:54Z,UgxRH4f8u_T9qOVwEqJ4AaABAg
wUn05hdkhjM,esta thor por que endgame se unio a los guardianes,esta thor por que endgame se unio a los guardianes,0,2021-07-12T12:39:18Z,2021-07-12T12:39:18Z,UgxCSkECDvQjHN3WvIl4AaABAg
wUn05hdkhjM,Baby Groot is the freaking cutest!!,baby groot is the freaking cutest,0,2021-07-12T04:29:30Z,2021-07-12T04:29:45Z,UgzXP1xK7_zqV6ggXP54AaABAg
wUn05hdkhjM,"I sell bread, Peter<br>I look rad, Peter<br>Aren&#39;t you glad, Peter<br>Because I&#39;m bad, Peter<br>Don&#39;t be sad, Peter<br>Why you mad, Peter","i sell bread peter
i look rad peter
arent you glad peter
because im bad peter
dont be sad peter
why you mad peter",0,2021-07-10T10:57:10Z,2021-07-10T10:57:10Z,UgwlgzANFu2xhzClLBl4AaABAg
wUn05hdkhjM,"<a href=""https://www.youtube.com/watch?v=wUn05hdkhjM&amp;t=1m55s"">1:55</a>  F A M I L Y",155  f a m i l y,0,2021-07-07T13:39:53Z,2021-07-07T13:39:53Z,Ugzk4duRYkwSmh1hPDV4AaABAg
wUn05hdkhjM,"I love how you could watch this trailer and be excited, but have no idea what the plot of the movie is going to be.<br>(I have recently been disappointed by a different movie trailer that basically told me the plot of the whole movie)","i love how you could watch this trailer and be excited but have no idea what the plot of the movie is going to be
i have recently been disappointed by a different movie trailer that basically told me the plot of the whole movie",0,2021-06-27T13:19:31Z,2021-06-27T13:19:31Z,UgyC3xsolHZqdjkLo6R4AaABAg
wUn05hdkhjM,Best. Trailer. Ever,best trailer ever,1,2021-06-26T05:24:10Z,2021-06-26T05:24:10Z,Ugx_83H6yZXFs_u_X2d4AaABAg
wUn05hdkhjM,Not me accidentally reading it &quot;Guardians of the Galaxy vol. 3 trailer 2&quot; 😅,not me accidentally reading it guardians of the galaxy vol 3 trailer 2 ,4,2021-06-18T12:27:06Z,2021-06-18T12:27:06Z,UgyRvfAoDy4fgQ1nw094AaABAg
wUn05hdkhjM,"After watching Vol. 1 ,  3 years back , Today i decided to watch vol 2 ,but when i watched that movie , I came to know it was vol 1 , And the movie which i&#39;ve watched 3 years back ,was actually Vol. 2 😂 , Now i am watching this trailer and i think i have watched this movie which is Vol. 2 which i have already watched . 😂",after watching vol 1   3 years back  today i decided to watch vol 2 but when i watched that movie  i came to know it was vol 1  and the movie which ive watched 3 years back was actually vol 2   now i am watching this trailer and i think i have watched this movie which is vol 2 which i have already watched  ,0,2021-06-17T19:32:44Z,2021-06-17T19:34:36Z,UgxTgTW2rIt4RLEO0yN4AaABAg
wUn05hdkhjM,The Guardians trailers have a recurring theme of being bad when the movies are actually good,the guardians trailers have a recurring theme of being bad when the movies are actually good,0,2021-06-14T03:37:11Z,2021-06-14T03:37:11Z,UgwFPN8wH-7zCP8h9iJ4AaABAg
wUn05hdkhjM,"This just makes me miss the days of 3rd grade when we were so hype to see this movie in my class, oh man..",this just makes me miss the days of 3rd grade when we were so hype to see this movie in my class oh man,1,2021-06-07T16:19:00Z,2021-06-07T16:19:00Z,UgzOm4gT5NITfSCi6MF4AaABAg
wUn05hdkhjM,jehfwhefkhwehf wefhowef iwuhefioweh,jehfwhefkhwehf wefhowef iwuhefioweh,1,2021-06-02T06:11:37Z,2021-06-02T06:11:37Z,Ugz9p6ZFs0IhUCgmrbd4AaABAg
wUn05hdkhjM,You guys never told me the Starlords dad  was an agent in fast and furious as nobody,you guys never told me the starlords dad  was an agent in fast and furious as nobody,1,2021-05-29T15:16:07Z,2021-05-29T15:16:07Z,UgztwcvrxB55ivdlQxt4AaABAg
wUn05hdkhjM,Whoever edited this trailer is a freaking genius,whoever edited this trailer is a freaking genius,1,2021-05-26T00:18:49Z,2021-05-26T00:18:49Z,UgwoeDFN_IrUI8Vi2sN4AaABAg
wUn05hdkhjM,Before I was into wrestling in 2020<br>I didnt know who the guy Drax was played by then i found out that the guy who plays drax is none other then wrestler Batista<br>Wow!,"before i was into wrestling in 2020
i didnt know who the guy drax was played by then i found out that the guy who plays drax is none other then wrestler batista
wow",0,2021-05-24T15:58:35Z,2021-05-24T15:58:35Z,UgxWjgS5TC3J-8oYXdV4AaABAg
wUn05hdkhjM,Who Watching this trailer in 2021,who watching this trailer in 2021,2,2021-05-15T14:42:46Z,2021-05-15T14:42:46Z,UgyRH7q5VpvQ48T5xBl4AaABAg
wUn05hdkhjM,Thanks to youtube . I got recommend this video after 4 yrs,thanks to youtube  i got recommend this video after 4 yrs,2,2021-05-13T11:28:38Z,2021-05-13T11:28:38Z,UgwoHW3n_Rp-6miLLbx4AaABAg
wUn05hdkhjM,"<a href=""https://www.youtube.com/watch?v=wUn05hdkhjM&amp;t=0m27s"">0:27</a> this trailer really made them seem like the main antagonists",027 this trailer really made them seem like the main antagonists,6,2021-05-10T22:05:50Z,2021-05-10T22:06:30Z,UgwTJhOvrExFG1Wa5iN4AaABAg
wUn05hdkhjM,DIE SPACESHIP! Best line.,die spaceship best line,1,2021-05-03T01:38:48Z,2021-05-03T01:38:48Z,UgxB2uS73VkkhNPLPR54AaABAg
wUn05hdkhjM,Please update pannunga anna,please update pannunga anna,1,2021-04-23T01:19:07Z,2021-04-23T01:19:07Z,UgyOPlri-B2n6zMecGd4AaABAg
wUn05hdkhjM,God this movie was amazing. I even cried 😭❤️,god this movie was amazing i even cried ,7,2021-04-14T13:03:29Z,2021-04-14T13:03:29Z,UgwbrPo8W8ADbMaSMkF4AaABAg
wUn05hdkhjM,I love this movie never gets old what an movie,i love this movie never gets old what an movie,0,2021-04-08T15:59:30Z,2021-04-08T15:59:30Z,UgwJSe6mIHz8RTYAlL94AaABAg
wUn05hdkhjM,Get down chain song,get down chain song,0,2021-04-05T18:30:01Z,2021-04-05T18:30:01Z,UgzNv-8iaDJl5_cqvjx4AaABAg
wUn05hdkhjM,Mantis: Shows Mantis for 1 second looking back<br><br>NEBULA,"mantis shows mantis for 1 second looking back

nebula",1,2021-04-02T01:49:35Z,2021-04-02T01:49:35Z,Ugy5VTxaMKeFf-u-PFt4AaABAg
wUn05hdkhjM,Rocket is my favourite!!!,rocket is my favourite,0,2021-03-26T14:55:40Z,2021-03-26T14:55:40Z,UgyDdI5_v4p36uz-d7Z4AaABAg
wUn05hdkhjM,Leah and Zac: A Royal Problem 3-2-2013,leah and zac a royal problem 322013,0,2021-03-21T03:18:48Z,2021-03-21T03:18:48Z,UgzPl0dlE41ye0yiV4R4AaABAg
wUn05hdkhjM,Fuckin love Fleetwood Mac,fuckin love fleetwood mac,0,2021-03-17T03:05:51Z,2021-03-17T03:05:51Z,UgwJtzoSInp25eofSYl4AaABAg
wUn05hdkhjM,Most underrated film in the MCU,most underrated film in the mcu,5,2021-03-13T06:34:34Z,2021-03-13T06:34:34Z,UgwRE3b1FvtG5pH0rvt4AaABAg
wUn05hdkhjM,I just can&#39;t wait for Val 3 with thor,i just cant wait for val 3 with thor,0,2021-03-10T21:11:12Z,2021-03-10T21:11:12Z,Ugx8YhLax8NqbS_xtih4AaABAg
wUn05hdkhjM,"One of the best trailers ever, not the best movie tho",one of the best trailers ever not the best movie tho,0,2021-03-08T22:07:31Z,2021-03-08T22:07:31Z,Ugz-3Z8ti2HhuSdWmzJ4AaABAg
wUn05hdkhjM,I prefer this movie much more than the first one!,i prefer this movie much more than the first one,0,2021-03-06T11:01:11Z,2021-03-06T11:01:11Z,Ugwnadq0vIup1ynXpN14AaABAg
wUn05hdkhjM,Baby Groot is my favorite thing ever,baby groot is my favorite thing ever,1,2021-03-06T00:56:22Z,2021-03-06T00:56:22Z,UgwlTjMJZFiHzYuDlWB4AaABAg
wUn05hdkhjM,2021????,2021,1,2021-03-05T17:21:43Z,2021-03-05T17:21:43Z,Ugxjg8u0DMrvcmZ3sCx4AaABAg
wUn05hdkhjM,CMOOOON THIS SHOWED UP AND I THOUGHT IT WAS VOL 3,cmoooon this showed up and i thought it was vol 3,0,2021-03-01T20:46:04Z,2021-03-01T20:46:04Z,UgzirvlmLu_x1gAvKb54AaABAg
wUn05hdkhjM,Peter: Who are you<br>Ego: I am your father <br>Peter: Noooooooo,"peter who are you
ego i am your father 
peter noooooooo",1,2021-02-28T05:03:20Z,2021-02-28T05:03:20Z,UgxpqO1VR5aUMkkKsB54AaABAg
wUn05hdkhjM,Marvel: We decided to release Vol.3 in 2020.<br>Corona: I will be the judge of that.,"marvel we decided to release vol3 in 2020
corona i will be the judge of that",2,2021-02-22T08:18:45Z,2021-02-22T08:18:45Z,UgyVxrAxYfuOBvlMc614AaABAg
wUn05hdkhjM,For a minute I thought it said volume 3 trailer 2 :(,for a minute i thought it said volume 3 trailer 2 ,0,2021-02-12T13:40:09Z,2021-02-12T13:40:09Z,UgxvPIPYQu_6LBZQGAV4AaABAg
wUn05hdkhjM,Which song is next for vol3❤️??,which song is next for vol3,0,2021-01-27T05:28:50Z,2021-01-27T05:28:50Z,Ugzn-WZJ1cMo0ShI1o94AaABAg
wUn05hdkhjM,2014 ... We Are Groot<br>2021 ... We are Marvel Fans,"2014  we are groot
2021  we are marvel fans",1,2021-01-24T07:38:29Z,2021-01-24T07:38:43Z,UgxReT-IzGXQexi0gwZ4AaABAg
wUn05hdkhjM,2021 anyone? And who&#39;s hyped for Vol. 3?,2021 anyone and whos hyped for vol 3,0,2021-01-17T00:26:34Z,2021-01-17T00:26:34Z,Ugz8Id71e9tYW7sw90N4AaABAg
wUn05hdkhjM,2021?,2021,1,2021-01-07T13:30:26Z,2021-01-07T13:30:26Z,Ugwb7CgeglOQzLJFvY94AaABAg
wUn05hdkhjM,The most underrated Marvel movie,the most underrated marvel movie,0,2021-01-06T20:31:39Z,2021-01-06T20:31:39Z,UgyLXK4avBEVIIaphsR4AaABAg
wUn05hdkhjM,My downloads offline not responding,my downloads offline not responding,0,2020-12-22T08:19:15Z,2020-12-22T08:19:15Z,UgwX7OQJRPLAcjlh7mp4AaABAg
wUn05hdkhjM,You can really tell that James Gunn had a great time doing this!!,you can really tell that james gunn had a great time doing this,1,2020-12-10T20:17:38Z,2020-12-10T20:17:38Z,Ugzz-2ONChruLZQ86iF4AaABAg
wUn05hdkhjM,Who wants a funeral like Yondu&#39;s? I know I do.,who wants a funeral like yondus i know i do,1,2020-12-04T20:48:47Z,2020-12-04T20:48:47Z,UgyyxgOAz7pZkasNvid4AaABAg
wUn05hdkhjM,I still can&#39;t believe they fired James gunn then rehired him because they need him to make Guardians of the galaxy vol 3. They should never fired him at all.,i still cant believe they fired james gunn then rehired him because they need him to make guardians of the galaxy vol 3 they should never fired him at all,0,2020-11-30T19:09:38Z,2020-11-30T19:09:38Z,Ugyhe5MzVk7kRjSPtLh4AaABAg
wUn05hdkhjM,I forgot this movie had a trailer,i forgot this movie had a trailer,0,2020-11-22T00:59:07Z,2020-11-22T00:59:07Z,UgxZNZdr8fE3Kr_BXkt4AaABAg
wUn05hdkhjM,one of the coolest trailers,one of the coolest trailers,0,2020-11-17T14:47:42Z,2020-11-17T14:47:42Z,UgyuRPXaGnEKufbYCJt4AaABAg
wUn05hdkhjM,the guardians of the galaxy soundtrack is just top level,the guardians of the galaxy soundtrack is just top level,1,2020-11-15T18:16:19Z,2020-11-15T18:16:19Z,UgwMa66f3ZKHziAbC4l4AaABAg
wUn05hdkhjM,Groot,groot,0,2020-11-14T07:39:31Z,2020-11-14T07:39:31Z,UgzqoYcptrT6bFcu8Yl4AaABAg
wUn05hdkhjM,they spoiled the mantis coming to the mcu stuff,they spoiled the mantis coming to the mcu stuff,0,2020-10-26T21:52:00Z,2020-10-26T21:52:00Z,UgwBu1QXoMEkwNfQ_Yx4AaABAg
wUn05hdkhjM,When I saw this I was like vol. 3!?! Yay but then I realised,when i saw this i was like vol 3 yay but then i realised,0,2020-10-24T20:57:21Z,2020-10-24T20:57:21Z,UgzuNOjnwuVmWSb5RDt4AaABAg
wUn05hdkhjM,"Gonna be 100%, I think this is the last good marvel movie",gonna be 100 i think this is the last good marvel movie,1,2020-10-05T05:09:35Z,2020-10-05T05:09:35Z,Ugw4tCyd4sXqr8EPcrp4AaABAg
wUn05hdkhjM,Bbbhhbb.   I have a rrrrr.  B,bbbhhbb   i have a rrrrr  b,0,2020-09-28T23:02:14Z,2020-09-28T23:02:14Z,Ugw_E_AUi963M80Ttgt4AaABAg
wUn05hdkhjM,Cccft is a great woman and a tubby.,cccft is a great woman and a tubby,0,2020-09-28T23:01:54Z,2020-09-28T23:01:54Z,Ugw6dqJoL9OcgYSUSLF4AaABAg
wUn05hdkhjM,Pppp,pppp,0,2020-09-28T23:01:43Z,2020-09-28T23:01:43Z,Ugw4rKoJR80lfe2G8054AaABAg
wUn05hdkhjM,Anybody accidentally thought this was vol. 3...?,anybody accidentally thought this was vol 3,0,2020-09-22T14:45:28Z,2020-09-22T14:45:28Z,Ugx_0wxmzuQlbMJ8oDB4AaABAg
wUn05hdkhjM,2020?,2020,1,2020-09-17T10:43:05Z,2020-09-17T10:43:05Z,Ugx3dh26jPPUXDsYYst4AaABAg
wUn05hdkhjM,"Colossians 3:8 But now you must put them all away: anger, wrath, malice, slander, and obscene talk from your mouth.",colossians 38 but now you must put them all away anger wrath malice slander and obscene talk from your mouth,0,2020-09-03T15:19:24Z,2020-09-03T15:19:24Z,Ugymloqhe2KVD-YUSwB4AaABAg
wUn05hdkhjM,Follow the Ten Commandments,follow the ten commandments,0,2020-09-03T15:18:51Z,2020-09-03T15:18:51Z,UgwXVbcBUjvHQq1KqXp4AaABAg
wUn05hdkhjM,God I miss being hyped up for this movie... I love Guardians Vol 1 and 2. Can&#39;t wait for Vol 3. Sad that&#39;s supposed to be the last adventure for Star-Lord and the gang,god i miss being hyped up for this movie i love guardians vol 1 and 2 cant wait for vol 3 sad thats supposed to be the last adventure for starlord and the gang,0,2020-09-01T00:00:03Z,2020-09-01T00:00:03Z,UgyNhJoZ331rpKWCXmt4AaABAg
wUn05hdkhjM,Someone after fortnite chapter 2 season 4 nexus war???,someone after fortnite chapter 2 season 4 nexus war,0,2020-08-27T12:14:59Z,2020-08-27T12:14:59Z,UgzUcBrfMkXHBa0vAQF4AaABAg
wUn05hdkhjM,Who is here after seeing the this movie,who is here after seeing the this movie,1,2020-08-26T04:48:00Z,2020-08-26T04:48:00Z,UgxMASfK_gwXSNfoGjt4AaABAg
wUn05hdkhjM,omg I thought it said Vol. 3 Trailer 2 ugh,omg i thought it said vol 3 trailer 2 ugh,0,2020-08-25T10:55:23Z,2020-08-25T10:55:23Z,UgwLPO0Bf0k7Pn42de14AaABAg
wUn05hdkhjM,"<a href=""https://www.youtube.com/watch?v=wUn05hdkhjM&amp;t=0m22s"">0:22</a> Bam.",022 bam,0,2020-08-23T10:54:42Z,2020-08-23T10:54:42Z,UgwwQqwk4Ms2lHTvY3V4AaABAg
wUn05hdkhjM,"<a href=""https://www.youtube.com/watch?v=wUn05hdkhjM&amp;t=1m46s"">1:46</a> invisible drax",146 invisible drax,0,2020-08-20T15:47:57Z,2020-08-20T15:47:57Z,UgyKY13qVzFpRqDzV1F4AaABAg
wUn05hdkhjM,One of the best marvel  movies ever,one of the best marvel  movies ever,0,2020-08-16T10:19:00Z,2020-08-16T10:19:00Z,UgwUTIH0vbJAMEDReIN4AaABAg
wUn05hdkhjM,"I thought Ayesha and the Sovereign were awesome. It&#39;s said they&#39;re gonna show up in Guardians 3, so I&#39;m pumped for their. Hopefully they&#39;re the main villains and not secondary like here.",i thought ayesha and the sovereign were awesome its said theyre gonna show up in guardians 3 so im pumped for their hopefully theyre the main villains and not secondary like here,0,2020-07-28T07:34:55Z,2020-07-28T07:34:55Z,Ugy-o6ADjmIAPLFN-q54AaABAg
wUn05hdkhjM,This is my favorite trailer and it’s only because of Fleetwood Mac,this is my favorite trailer and its only because of fleetwood mac,0,2020-07-27T23:42:26Z,2020-07-27T23:42:26Z,UgwfqjD3DEFhZSV12SF4AaABAg
wUn05hdkhjM,"<a href=""https://www.youtube.com/watch?v=wUn05hdkhjM&amp;t=0m22s"">0:22</a> and <a href=""https://www.youtube.com/watch?v=wUn05hdkhjM&amp;t=0m48s"">0:48</a> man that soundtrack is PHENOMENAL",022 and 048 man that soundtrack is phenomenal,0,2020-07-14T03:59:17Z,2020-07-14T03:59:17Z,UgxaLzCQM2j7okFJ3Hp4AaABAg
wUn05hdkhjM,What an awesome trailer,what an awesome trailer,0,2020-07-09T02:41:31Z,2020-07-09T02:41:31Z,UgwQfiZda8nwhAf0qA54AaABAg
wUn05hdkhjM,Goddam &quot;trailer 3&quot; made me excited for a few seconds because i thought it said &quot;volume 3&quot;,goddam trailer 3 made me excited for a few seconds because i thought it said volume 3,0,2020-06-30T08:27:45Z,2020-06-30T08:27:45Z,Ugw2yMxq85QDK6e91pB4AaABAg
wUn05hdkhjM,Man this trailer doesn’t do the movie justice at all,man this trailer doesnt do the movie justice at all,0,2020-06-23T20:19:21Z,2020-06-23T20:19:21Z,UgxDTUNGLNRhhbQ8x454AaABAg
wUn05hdkhjM,I thought it said the trailer for Vol. 3 🤣,i thought it said the trailer for vol 3 ,1,2020-06-23T17:03:28Z,2020-06-23T17:03:28Z,Ugz_Qjq7rS9pVUZ38vt4AaABAg
wUn05hdkhjM,"<a href=""https://www.youtube.com/watch?v=wUn05hdkhjM&amp;t=1m46s"">1:46</a> that was a small teaser for what drax did in the spaceship in infinity war",146 that was a small teaser for what drax did in the spaceship in infinity war,0,2020-06-08T18:11:23Z,2020-06-08T18:11:23Z,UgzmU1eiz-ywqJrmwH94AaABAg
wUn05hdkhjM,Wanna hear a joke?<br><br><br><br><br><br><br><br><br>Teaser face,"wanna hear a joke








teaser face",1,2020-06-07T00:35:40Z,2020-06-07T00:35:40Z,UgzfdJIOgXrdAXyI9a54AaABAg
wUn05hdkhjM,Tape Cassettes​,tape cassettes,0,2020-06-02T14:48:45Z,2020-06-02T14:48:45Z,UgxrtwzZR9doTyZut-t4AaABAg
wUn05hdkhjM,Peter: Who the hell are you<br><br><b>I am your father</b>,"peter who the hell are you

i am your father",1,2020-05-30T18:42:05Z,2020-05-30T18:43:00Z,UgwHIAZt0XVEiDnG-514AaABAg
wUn05hdkhjM,Be,be,0,2020-04-24T15:22:57Z,2020-04-24T15:22:57Z,UgwGhwOw3bx4hkfvmwR4AaABAg
wUn05hdkhjM,Remember watching this year’s ago it never gets old,remember watching this years ago it never gets old,2,2020-03-12T22:51:51Z,2020-03-12T22:51:51Z,UgykxtftXbhSqTSi7oV4AaABAg
wUn05hdkhjM,Is it just me who got this on my recommended and shocked thought it was vol.3,is it just me who got this on my recommended and shocked thought it was vol3,2,2020-02-25T13:54:32Z,2020-02-25T13:54:32Z,UgypbJlpXZdOqoykNvN4AaABAg
wUn05hdkhjM,2020 anyone,2020 anyone,1,2020-02-23T08:01:59Z,2020-02-23T08:01:59Z,Ugxyp85-eXQRSakh2WZ4AaABAg
wUn05hdkhjM,This movie has some of the worst dialogue I&#39;ve ever heard. &quot;I have famously huge turds!&quot; Yuck...,this movie has some of the worst dialogue ive ever heard i have famously huge turds yuck,0,2020-02-22T16:00:54Z,2020-02-22T16:00:54Z,UgzjuGpzt3cZqlbh0xJ4AaABAg
wUn05hdkhjM,Until Vol. 3 on 2023😪😪😪,until vol 3 on 2023,3,2020-01-31T14:01:18Z,2020-01-31T14:01:18Z,Ugx71brYhoR9AiIVaJd4AaABAg
wUn05hdkhjM,"Best Trailer ever, 2020 I&#39;m still watching!!!",best trailer ever 2020 im still watching,3,2020-01-18T01:14:21Z,2020-01-18T01:14:21Z,UgyshS1DCm8shvhwFI54AaABAg
wUn05hdkhjM,Remember when Marvel used to spoil the entire movie in 2-3 Trailers?<br><br><br>Yeah I miss those days.,"remember when marvel used to spoil the entire movie in 23 trailers


yeah i miss those days",0,2020-01-16T14:58:41Z,2020-01-16T14:58:41Z,UgwztTJg_qJaxGCzwRt4AaABAg
wUn05hdkhjM,NEBULA: IDIOTS,nebula idiots,0,2019-12-29T10:30:19Z,2019-12-29T10:30:19Z,UgxkNl6lYMrBoqkA9cd4AaABAg
wUn05hdkhjM,1. Star Wars = 100%❤<br>2. Guardians of the Galaxy = 100%❤,"1 star wars  100
2 guardians of the galaxy  100",1,2019-12-26T19:10:09Z,2019-12-26T19:10:09Z,UgwS9eH6EYcW-AAVA5d4AaABAg
wUn05hdkhjM,Man i LOVE this trailer,man i love this trailer,0,2019-12-23T09:45:09Z,2019-12-23T09:45:09Z,UgwnqpSFLfBT0qsYUQZ4AaABAg
wUn05hdkhjM,Who is here after the Black Widow trailer?,who is here after the black widow trailer,2,2019-12-03T23:15:51Z,2019-12-03T23:15:51Z,UgyppnZWK0LX8j9Hywt4AaABAg
wUn05hdkhjM,I have surprised that Sylvester Stallone is here,i have surprised that sylvester stallone is here,0,2019-10-27T08:58:50Z,2019-10-27T08:58:50Z,Ugw2285kyE2tF-dNY5d4AaABAg
wUn05hdkhjM,I thought it said vol 3 I got excited for a sec,i thought it said vol 3 i got excited for a sec,5,2019-10-25T16:21:46Z,2019-10-25T16:21:46Z,UgwvIkuArzz-rMoI70J4AaABAg
wUn05hdkhjM,Crazy how they used a song from the 70s to completely HYPED TF up when it came out lmao,crazy how they used a song from the 70s to completely hyped tf up when it came out lmao,0,2019-10-21T03:58:16Z,2019-10-21T03:58:16Z,UgwUWsoNums4_Pily-54AaABAg
wUn05hdkhjM,Just watching this trailer two long years later brings back so many memories oh my gosh,just watching this trailer two long years later brings back so many memories oh my gosh,0,2019-10-14T22:00:46Z,2019-10-14T22:00:46Z,UgyU7sX31pCYuU9qDGR4AaABAg
wUn05hdkhjM,Guardiansvol1:Peter mom issues <br>Gaudians vol2:Peter dad issues<br>Infinity war:Father in law issue <br>Endgame:Girlfriend(gamora)Issue,"guardiansvol1peter mom issues 
gaudians vol2peter dad issues
infinity warfather in law issue 
endgamegirlfriendgamoraissue",1,2019-10-12T14:49:08Z,2019-10-12T14:49:08Z,UgzCCcmjPaIip35RCYd4AaABAg
wUn05hdkhjM,"2017 was best year for movies in this decade,decade before was 2001 best for movies,in 90s was 1998 a movie year,and in 80s is definitely 1982.",2017 was best year for movies in this decadedecade before was 2001 best for moviesin 90s was 1998 a movie yearand in 80s is definitely 1982,0,2019-10-05T22:11:55Z,2019-10-05T22:11:55Z,UgyezHFPJPkQAsjE6-h4AaABAg
wUn05hdkhjM,Whats the music of the trailer,whats the music of the trailer,0,2019-10-01T13:58:20Z,2019-10-01T13:58:20Z,UgyrM2PpyLJxRMu5us14AaABAg
wUn05hdkhjM,Galaxy vol. 2018,galaxy vol 2018,0,2019-10-01T05:49:54Z,2019-10-01T05:49:54Z,UgxkoAjQtccUr18jbQd4AaABAg
wUn05hdkhjM,The suicide squad 2021<br>Sean Gunn as the weasel <br>Steve Agee as King shark <br>Idris Elba as vigilante<br>Brightburn<br>david dastmalchian as polka dot man,"the suicide squad 2021
sean gunn as the weasel 
steve agee as king shark 
idris elba as vigilante
brightburn
david dastmalchian as polka dot man",0,2019-09-15T14:52:47Z,2020-03-28T19:15:08Z,UgxBsLQXwDWmCh1dsFV4AaABAg
wUn05hdkhjM,Who else is watching it in 2019 ?,who else is watching it in 2019 ,2,2019-09-10T10:48:36Z,2019-09-10T10:48:36Z,Ugy4GRr7_bIEYW2BAMR4AaABAg
wUn05hdkhjM,Now waiting for the Asguardians of the Galaxy,now waiting for the asguardians of the galaxy,2,2019-09-03T22:05:16Z,2019-09-03T22:05:16Z,UgzWvsQDbqa3i9mhLUl4AaABAg
wUn05hdkhjM,Already release or not this film,already release or not this film,0,2019-09-02T16:51:25Z,2019-09-02T16:51:25Z,UgxGmmK1MHJHunP1t414AaABAg
wUn05hdkhjM,"<a href=""https://www.youtube.com/watch?v=wUn05hdkhjM&amp;t=1m57s"">1:57</a> Peter and Gamora holding hands :)",157 peter and gamora holding hands ,2,2019-08-22T12:50:30Z,2019-08-22T12:50:30Z,UgwBYSpoU_-RvhBUp7B4AaABAg
wUn05hdkhjM,Great thing about these movies is I don’t think there is a character That I don’t like!,great thing about these movies is i dont think there is a character that i dont like,1,2019-08-20T08:07:25Z,2019-08-20T08:07:25Z,UgzmQDprHEoh5YNOUU54AaABAg
wUn05hdkhjM,not as good as the first,not as good as the first,0,2019-08-04T01:32:17Z,2019-08-04T01:32:17Z,UgzWhueDcRYR_kHr2Cx4AaABAg
wUn05hdkhjM,Peter&#39;s look in the end 😁,peters look in the end ,0,2019-07-31T17:46:38Z,2019-07-31T17:46:38Z,Ugw0poIwPLkHnxCBACp4AaABAg
wUn05hdkhjM,Greatness movie trailer of all time... the s JG. Jesus.. 👊🏽🙌🏽🙌🏽🙌🏽,greatness movie trailer of all time the s jg jesus ,0,2019-07-26T07:20:51Z,2019-07-26T07:20:51Z,UgwbKXGXqUcq8K6nS2J4AaABAg
wUn05hdkhjM,&quot;So you are like my space dad&quot;,so you are like my space dad,0,2019-07-24T17:49:29Z,2019-07-24T17:50:52Z,UgybjKp0nfIX1C12NQB4AaABAg
wUn05hdkhjM,After Endgame?,after endgame,1,2019-07-14T21:26:45Z,2019-07-14T21:26:45Z,UgzEmeb95zOFiwd-1R94AaABAg
wUn05hdkhjM,What is music of this awsom trailer plz?,what is music of this awsom trailer plz,0,2019-07-08T16:02:04Z,2019-07-08T16:02:04Z,UgwhL9AC8rxJU_5Xl354AaABAg
wUn05hdkhjM,Name of song please!!!!,name of song please,0,2019-07-07T21:55:34Z,2019-07-07T21:55:34Z,UgxvIOFo2k8BpinxXLh4AaABAg
wUn05hdkhjM,This trailer was better than the actual movie,this trailer was better than the actual movie,0,2019-07-03T04:45:42Z,2019-07-03T04:45:42Z,Ugzg9dAneFo0gb7XJDZ4AaABAg
wUn05hdkhjM,oh what am i watching i thought it was vol.3 XDDD,oh what am i watching i thought it was vol3 xddd,0,2019-06-23T10:16:44Z,2019-06-23T10:16:44Z,Ugw9815GfSGEcbzL9Hx4AaABAg
wUn05hdkhjM,One of the Best movie. ♥️,one of the best movie ,0,2019-06-20T07:02:55Z,2019-06-20T07:02:55Z,UgycoUjj78LeO28ICdV4AaABAg
wUn05hdkhjM,"Still in my opinion, one of the best mcu movies",still in my opinion one of the best mcu movies,2,2019-06-20T02:30:16Z,2019-06-20T02:30:16Z,UgzZRreNazYJXOlqpnl4AaABAg
wUn05hdkhjM,I am inevitable,i am inevitable,0,2019-06-09T18:52:52Z,2019-06-09T18:52:52Z,Ugzmpc2CS7fUUSzhNG54AaABAg
wUn05hdkhjM,I... AM... YOUR... FATHER...,i am your father,1,2019-06-08T01:56:35Z,2019-06-08T01:56:35Z,Ugybbmy6OytQk63IgUN4AaABAg
wUn05hdkhjM,"Marvel studios : now that&#39;s Is in cinemas the endgame movie , we gonna put our old móvies in YouTube recomendations",marvel studios  now thats is in cinemas the endgame movie  we gonna put our old móvies in youtube recomendations,1,2019-06-03T14:47:12Z,2019-06-03T14:47:12Z,Ugx14k8M_7MVYGAacsd4AaABAg
wUn05hdkhjM,I can’t wait for volume 3 trailer. I really wanna know of Gamora will come back and reunite. (Most likely),i cant wait for volume 3 trailer i really wanna know of gamora will come back and reunite most likely,0,2019-05-30T14:39:12Z,2019-05-30T14:39:12Z,UgxKb1NzA_8xjPOkSid4AaABAg
wUn05hdkhjM,Who thought this was vol 3 laeve a like,who thought this was vol 3 laeve a like,1,2019-05-30T09:29:13Z,2019-05-30T09:29:13Z,Ugx-GBVWvVORJoslV9V4AaABAg
wUn05hdkhjM,Who&#39;s in 2019..???,whos in 2019,1,2019-05-30T06:23:12Z,2019-05-30T06:23:12Z,UgzTnKEoRvZeBIWBqV94AaABAg
wUn05hdkhjM,"This showed in my reccommended and I thought it was Vol 3 and I was like &quot;HELLLLL YEAHHHHHHH&quot; Until when I clicked the vid...and I&#39;m not copying Heart 11 guy, this actually happened",this showed in my reccommended and i thought it was vol 3 and i was like helllll yeahhhhhhh until when i clicked the vidand im not copying heart 11 guy this actually happened,3,2019-05-29T11:14:12Z,2019-05-29T11:14:41Z,UgxKY1PddE62ngZZy7h4AaABAg
wUn05hdkhjM,"I legit thought it said, “Volume 3” <br>And lemme tell ya. I was pissed when I found out it wasn’t.","i legit thought it said volume 3 
and lemme tell ya i was pissed when i found out it wasnt",0,2019-05-29T05:10:45Z,2019-05-29T05:10:45Z,UgwSU_Rzz9MoYPwtN5N4AaABAg
wUn05hdkhjM,Who else is after Endgame?,who else is after endgame,2,2019-05-28T13:08:06Z,2019-05-28T13:08:06Z,UgzgyQF89KMQNaXVVoZ4AaABAg
wUn05hdkhjM,People will see vol 2 as vol 3<br>And later maybe would see vol 3 and 4,"people will see vol 2 as vol 3
and later maybe would see vol 3 and 4",0,2019-05-28T09:32:04Z,2019-05-28T09:32:04Z,UgwbEkB8bpI2L7vrVEx4AaABAg
wUn05hdkhjM,Who the hell are you<br>First peter<br>And recently thor,"who the hell are you
first peter
and recently thor",3,2019-05-28T09:31:00Z,2019-05-28T09:31:00Z,Ugyz1sqmwuNzhQBMViF4AaABAg
wUn05hdkhjM,why is gamora?,why is gamora,0,2019-05-28T07:33:18Z,2019-05-28T07:33:18Z,Ugz0Uh4UC42iakiknCp4AaABAg
wUn05hdkhjM,I Love You 3000💕,i love you 3000,1,2019-05-26T09:02:56Z,2019-05-26T09:02:56Z,UgzWmdoj_-xELBQ8dKp4AaABAg
wUn05hdkhjM,No one :<br><br>Recommendation 2019 : GuArDiAnS Of ThE GaLaXy 2,"no one 

recommendation 2019  guardians of the galaxy 2",13,2019-05-25T05:10:41Z,2019-05-25T05:10:41Z,UgyNDzNT8S1C2fKX1nd4AaABAg
wUn05hdkhjM,Claire Will gonna b so jealous &#39;bout this..,claire will gonna b so jealous bout this,1,2019-05-24T01:17:13Z,2019-05-24T01:17:13Z,UgxDYcz67ymyiJFextx4AaABAg
wUn05hdkhjM,Its been 2 years already😲,its been 2 years already,1,2019-05-23T12:57:09Z,2019-05-23T12:57:09Z,UgzeONQDge-DWHpJPUl4AaABAg
wUn05hdkhjM,I AM GROOT,i am groot,1,2019-05-20T01:00:10Z,2019-05-20T01:00:10Z,UgybGrdgTWiW-hzy5xJ4AaABAg
wUn05hdkhjM,Best MCU Movie you cannot change my mind,best mcu movie you cannot change my mind,1,2019-05-19T18:10:11Z,2019-05-19T18:10:11Z,Ugw2tSXxD20W8WZ5eUd4AaABAg
wUn05hdkhjM,Happy 2019,happy 2019,0,2019-05-18T11:21:10Z,2019-05-18T11:21:10Z,Ugw8X1WotbtcNQKe6B94AaABAg
wUn05hdkhjM,I think I read this wrong.,i think i read this wrong,1,2019-05-18T01:23:13Z,2019-05-18T01:23:13Z,UgzVbWjEkh8ofXt0Yeh4AaABAg
wUn05hdkhjM,I  love  guardians  of the galaxy 1 and  2,i  love  guardians  of the galaxy 1 and  2,0,2019-05-17T10:43:46Z,2019-05-17T10:43:46Z,UgyU1T5IYp7-lFrVbVp4AaABAg
wUn05hdkhjM,Uh u mean Asgardians of the Galaxy,uh u mean asgardians of the galaxy,0,2019-05-15T15:09:17Z,2019-05-15T15:09:17Z,UgwuHv0LDrPXizi15qB4AaABAg
wUn05hdkhjM,Anyone else see the trailer as <b>Guardians of the Galaxy vol. 3 official trailer</b> ? Because I did and I clicked soooo fast😂😂😂,anyone else see the trailer as guardians of the galaxy vol 3 official trailer  because i did and i clicked soooo fast,2,2019-05-15T03:18:07Z,2019-05-15T03:18:07Z,Ugwj11tPGCP6-kVHGcV4AaABAg
wUn05hdkhjM,I saw this in my recommendations i thought it was guardians of the galaxy vol 3,i saw this in my recommendations i thought it was guardians of the galaxy vol 3,1,2019-05-14T15:52:45Z,2019-05-14T15:52:45Z,Ugw1KYTGFug5OJzvCrB4AaABAg
wUn05hdkhjM,It feels weird looking at Gamora.,it feels weird looking at gamora,1,2019-05-12T09:56:36Z,2019-05-12T09:56:36Z,Ugwdz8N3qnDYA8O8jTd4AaABAg
wUn05hdkhjM,"The new MCU trailers are much better, think that trend started with the first GOTG.",the new mcu trailers are much better think that trend started with the first gotg,0,2019-05-12T09:53:35Z,2019-05-12T09:53:35Z,UgxYN4-Mr70LG9jNIFV4AaABAg
wUn05hdkhjM,wHo iS heRe AfTeR thE eNd Of tHe WoRLD?!??<br><br><br><br><br><br><br><b>yes actually</b>,"who is here after the end of the world






yes actually",6,2019-05-11T09:59:52Z,2019-05-11T09:59:52Z,UgxQS9XjgfrQXVzLvO94AaABAg
wUn05hdkhjM,"I know I&#39;m the minority here, but this is probably my favorite Marvel Studios movie, way better than the first Guardians film.",i know im the minority here but this is probably my favorite marvel studios movie way better than the first guardians film,12,2019-05-11T05:48:32Z,2019-05-11T05:48:32Z,UgzcAsI5hrKwqmxIiOB4AaABAg
wUn05hdkhjM,I want Neb to join the guardians,i want neb to join the guardians,0,2019-05-09T09:57:15Z,2019-05-09T09:57:15Z,UgziWq6IAHV8rcadSdp4AaABAg
wUn05hdkhjM,Anyone else like to revisit these?,anyone else like to revisit these,2,2019-05-08T22:36:25Z,2019-05-08T22:36:25Z,UgzF6HThOLaqnVv3UOp4AaABAg
wUn05hdkhjM,Who&#39;s in 2019..?,whos in 2019,1,2019-05-08T07:27:06Z,2019-05-08T07:27:06Z,Ugy9kX6c16KwbeptVv14AaABAg
wUn05hdkhjM,<b>GOLD</b>,gold,0,2019-05-07T02:23:53Z,2019-05-07T02:23:53Z,Ugw0PyDAoeh7dYIo3Dl4AaABAg
wUn05hdkhjM,"I edited this trailer and replaced the song with &quot;happy together&quot; because I think it fits. Give it a watch if u want :) If not, it&#39;s fine haha :P",i edited this trailer and replaced the song with happy together because i think it fits give it a watch if u want  if not its fine haha p,0,2019-05-06T20:59:35Z,2019-05-06T20:59:35Z,UgyoejiL0Hd1vMF5SGt4AaABAg
wUn05hdkhjM,Damnit!  I thought it said Vol. 3!,damnit  i thought it said vol 3,2,2019-05-06T03:51:55Z,2019-05-06T03:51:55Z,UgydxoWGohjIB6JVnbR4AaABAg
wUn05hdkhjM,This popped up in my recommendations and I bought it was for Vol.3 ffs 😔,this popped up in my recommendations and i bought it was for vol3 ffs ,1,2019-05-04T09:49:39Z,2019-05-04T09:49:39Z,UgwU2sN8yvYEIpPvZ1N4AaABAg
wUn05hdkhjM,i thought it said vol. 3 and i got super excited for a second,i thought it said vol 3 and i got super excited for a second,0,2019-05-03T22:40:02Z,2019-05-03T22:40:02Z,UgxBV_Vd2Ce5iLDdyAx4AaABAg
wUn05hdkhjM,Thor will be in GOTG Volume 3.,thor will be in gotg volume 3,3,2019-05-01T08:48:55Z,2019-05-01T08:48:55Z,Ugy15sTor_gOCE-McPF4AaABAg
wUn05hdkhjM,I remember it was this trailer that got me excited for guardians vol 2!,i remember it was this trailer that got me excited for guardians vol 2,0,2019-04-30T17:55:52Z,2019-04-30T17:55:52Z,Ugxti_dG4BFym_z5did4AaABAg
wUn05hdkhjM,2019 anyone?? Just wanted to watch some good old marvel trailers after the ENDGAME😄😄,2019 anyone just wanted to watch some good old marvel trailers after the endgame,1,2019-04-29T16:35:45Z,2019-04-29T16:35:57Z,UgxSepFc7-nw8Vmu6vJ4AaABAg
wUn05hdkhjM,I had a sumsung galaxy phone 🤣🤣🤣😎😎😎😃😃😃😃,i had a sumsung galaxy phone ,0,2019-04-24T10:34:18Z,2019-04-24T10:57:49Z,UgydjaSceVRnSkXzGt54AaABAg
wUn05hdkhjM,RIP yondu:(,rip yondu,1,2019-04-21T17:36:30Z,2019-04-21T17:36:30Z,UgzzVnmvozN9lzWfUFB4AaABAg
wUn05hdkhjM,"<a href=""https://www.youtube.com/watch?v=wUn05hdkhjM&amp;t=1m45s"">1:45</a> Yondu",145 yondu,4,2019-04-19T15:36:52Z,2019-04-19T15:36:52Z,UgwcBrXcrwDqlE9MHtN4AaABAg
wUn05hdkhjM,This is one of Marvels best trailers,this is one of marvels best trailers,0,2019-04-19T13:29:16Z,2019-04-19T13:29:16Z,UgxziUbAN8UT_a5KnoR4AaABAg
wUn05hdkhjM,YO I THOUGHT THIS IS THE TRAILER FOR VOL. 3 CUZ ITS IN MY RECOMMENDATIONS.,yo i thought this is the trailer for vol 3 cuz its in my recommendations,0,2019-04-17T13:39:33Z,2019-04-17T13:39:33Z,UgzhVXVssZlarRqcyzF4AaABAg
wUn05hdkhjM,This film is a fuckin masterpiece,this film is a fuckin masterpiece,1,2019-04-17T06:16:37Z,2019-04-17T06:16:37Z,UgxMCoZ0vXCvhcjhAn14AaABAg
wUn05hdkhjM,This was a good movie,this was a good movie,1,2019-04-10T14:23:33Z,2019-04-10T14:23:33Z,UgxIFnYjvNeG_eTk7ZJ4AaABAg
wUn05hdkhjM,Worst tamil dubbing voice 😭,worst tamil dubbing voice ,0,2019-04-06T05:59:33Z,2019-04-06T05:59:33Z,Ugw9UnoDmK2BbfbVZrx4AaABAg
wUn05hdkhjM,all the sound track vol 1 and vol 2 are awesome ...,all the sound track vol 1 and vol 2 are awesome ,0,2019-04-06T04:55:08Z,2019-04-06T04:55:08Z,Ugx1AD-Vt0gFKMbeoSh4AaABAg
wUn05hdkhjM,LOL,lol,0,2019-04-04T23:25:26Z,2019-04-04T23:25:26Z,UgwiY9hLVaeUKIocXSV4AaABAg
wUn05hdkhjM,I am Groot,i am groot,0,2019-03-24T21:38:41Z,2019-03-24T21:38:41Z,UgwqZp2ggeQ_0hBJn7J4AaABAg
wUn05hdkhjM,2019?,2019,1,2019-03-16T20:31:27Z,2019-03-16T20:31:27Z,UgwQjsRArF2WbRCBw8J4AaABAg
wUn05hdkhjM,<b>mantis look out</b>,mantis look out,0,2019-03-16T07:06:17Z,2019-03-16T07:06:17Z,UgxhLryc4SNGQzYd76t4AaABAg
wUn05hdkhjM,2019 ?,2019,0,2019-03-15T05:31:19Z,2019-03-15T05:31:19Z,Ugysihwu6p3GFjZSwlx4AaABAg
wUn05hdkhjM,Road To Avengers: Endgame next Stop Is Here <br><br>Iron-Man ✅<br>The Incredible Hulk ✅<br>Iron-Man 2 ✅<br>THOR ✅<br>Captain America The First Avenger ✅<br>The Avengers ✅<br>Iron-Man 3 ✅<br>THOR THE DARK WORLD ✅<br>Captain America The Winter Soldier ✅<br>Guardians Of The Galaxy ✅<br>Avengers Age Of Ultron ✅<br>Ant-Man ✅<br>Captain America Civil War✅<br>Doctor Strange ✅<br>Guardians Of The Galaxy Vol 2 ✅<br>Spider-Man Homecoming ✅<br>Thor Ragnarok ✅<br>Black Panther ✅<br>Avengers Infinity War ✅<br>Ant-Man &amp; The Wasp ✅<br>Captain Marvel ✅<br>Avengers: Endgame ✅,"road to avengers endgame next stop is here 

ironman 
the incredible hulk 
ironman 2 
thor 
captain america the first avenger 
the avengers 
ironman 3 
thor the dark world 
captain america the winter soldier 
guardians of the galaxy 
avengers age of ultron 
antman 
captain america civil war
doctor strange 
guardians of the galaxy vol 2 
spiderman homecoming 
thor ragnarok 
black panther 
avengers infinity war 
antman  the wasp 
captain marvel 
avengers endgame ",4,2019-03-10T00:21:34Z,2019-05-01T14:20:02Z,UgyW0hzJlJg0c7GoS754AaABAg
wUn05hdkhjM,Tony: After All These Years I&#39;ve Found You.<br>Hiro: And Who The Hell Are You?<br>Tony: I&#39;m Your Dad Hiro.,"tony after all these years ive found you
hiro and who the hell are you
tony im your dad hiro",0,2019-02-06T22:11:22Z,2019-02-06T22:11:22Z,Ugw7kqppb9maKyAoFH94AaABAg
wUn05hdkhjM,Who is here after watching avengers end game trailer,who is here after watching avengers end game trailer,0,2018-12-15T18:40:11Z,2018-12-15T18:40:11Z,UgwaUvfPQlnLBu1apgB4AaABAg
wUn05hdkhjM,That trailer soundtrack! I cried!!!!!!!!!!!!,that trailer soundtrack i cried,0,2018-12-13T22:01:43Z,2018-12-13T22:01:43Z,UgzRiv1VvWTu_5JGuvR4AaABAg
wUn05hdkhjM,It was better than I expected. 😍 good movie and fortunately sequel!!! I tracked using boxxy software with german dubbing,it was better than i expected  good movie and fortunately sequel i tracked using boxxy software with german dubbing,1,2018-11-15T14:45:52Z,2018-11-15T14:45:52Z,UgzwOqdREqigAMXM_lV4AaABAg
wUn05hdkhjM,Pls but Uptown Girl by Billy Joel in Vol.3,pls but uptown girl by billy joel in vol3,0,2018-09-20T22:29:50Z,2018-09-20T22:29:50Z,UgzEZYs2aknE8iAjH3N4AaABAg
wUn05hdkhjM,im Groot 😂,im groot ,1,2018-09-02T12:45:20Z,2018-09-02T12:45:20Z,UgzQYpmk7Bf0ladbAj54AaABAg
wUn05hdkhjM,Will keep his/her name adam,will keep hisher name adam,1,2018-07-25T07:41:41Z,2018-07-25T07:43:19Z,UgzuCUfNmjpJJOU-zOF4AaABAg
wUn05hdkhjM,1980-2014,19802014,0,2018-07-07T23:37:45Z,2018-07-07T23:37:45Z,UgzRExSOlWqgsYgoSAh4AaABAg
wUn05hdkhjM,Who else here for BABY GROOT?,who else here for baby groot,0,2018-06-15T16:10:52Z,2018-06-15T16:10:52Z,Ugx0XuOpxzmUmDTbhtt4AaABAg
wUn05hdkhjM,fake chutiya,fake chutiya,0,2018-05-28T09:36:57Z,2018-05-28T09:36:57Z,Ugz2qk8stkSCEzVtbX54AaABAg
wUn05hdkhjM,Here after watching infinity war,here after watching infinity war,0,2018-05-26T03:17:02Z,2018-05-26T03:17:02Z,UgxvllflHfG6hWjxFnh4AaABAg
wUn05hdkhjM,Marvel Garduains of glaxy vol 3 confirm plz tell me plz,marvel garduains of glaxy vol 3 confirm plz tell me plz,1,2018-05-20T18:37:32Z,2018-05-20T18:37:32Z,UgxVwlt2XOqG8kf8XiB4AaABAg
wUn05hdkhjM,"Bruh,this trailer is awesome,better than infinity war trailer",bruhthis trailer is awesomebetter than infinity war trailer,0,2018-05-18T12:10:43Z,2018-05-18T12:11:00Z,UgymSPehLd_EHev5-bx4AaABAg
wUn05hdkhjM,It is the first time I am seeing any marvel movie&#39;s 3rd trailer<br>I have seen only 2 trailers of any movie,"it is the first time i am seeing any marvel movies 3rd trailer
i have seen only 2 trailers of any movie",0,2018-05-16T08:13:44Z,2018-05-16T08:13:44Z,UgykJQe25oXke2584x94AaABAg
wUn05hdkhjM,gonna see today,gonna see today,0,2018-05-13T06:24:30Z,2018-05-13T06:24:30Z,UgyFKtJZXCPtFzQTs6d4AaABAg
wUn05hdkhjM,Who here after Infinity War?,who here after infinity war,2,2018-05-03T23:52:44Z,2018-05-03T23:52:44Z,Ugw4i40gQYdOMYlYtzF4AaABAg
wUn05hdkhjM,And then there&#39;s Infinity War Part 1.. 😒,and then theres infinity war part 1 ,0,2018-05-03T16:17:53Z,2018-05-03T16:17:53Z,UgwGQxScnIRlr5ggtjF4AaABAg
wUn05hdkhjM,i love guardians of the galaxy vol 2 💖,i love guardians of the galaxy vol 2 ,0,2018-03-29T13:14:41Z,2018-03-29T13:14:41Z,UgyHrygWlVYI0b9kzZx4AaABAg
wUn05hdkhjM,Cant believe this trailer has mere 3 million views 🤤,cant believe this trailer has mere 3 million views ,0,2018-03-10T12:31:50Z,2018-03-10T12:31:50Z,Ugyi2YumweoDFK7QBv94AaABAg
wUn05hdkhjM,Sorry I didn&#39;t see it said trailer 3 I thought it said vol3,sorry i didnt see it said trailer 3 i thought it said vol3,0,2018-03-05T17:55:36Z,2018-03-05T17:55:36Z,Ugyi9u3DqSjcVOHyi294AaABAg
wUn05hdkhjM,That&#39;s vol2 not vol3,thats vol2 not vol3,0,2018-03-05T17:54:59Z,2018-03-05T17:54:59Z,Ugz30_EdUfwYh2O86LZ4AaABAg
wUn05hdkhjM,isnt that trailer 2,isnt that trailer 2,0,2018-03-04T10:13:36Z,2018-03-04T10:13:36Z,UgxL3R7l54Tcu8TlM0d4AaABAg
wUn05hdkhjM,I love marvel studios,i love marvel studios,2,2018-03-01T01:16:41Z,2018-03-01T01:16:41Z,Ugyv-kXV05RmdtPSDTh4AaABAg
wUn05hdkhjM,I can&#39;t believe this was that long ago,i cant believe this was that long ago,0,2018-02-13T00:24:15Z,2018-02-13T00:24:15Z,Ugz2Rb7TD3qsXCGXEPV4AaABAg
wUn05hdkhjM,WHO CAME HERE AFTER AVENGERS INFINITY WAR,who came here after avengers infinity war,0,2017-12-28T03:23:53Z,2017-12-28T03:23:53Z,UgyeDPz0cyTjf7PyAeN4AaABAg
wUn05hdkhjM,DIE SPACESHIP!,die spaceship,0,2017-11-29T19:08:34Z,2017-11-29T19:08:34Z,UgyDMqcWdghSAM6mU8V4AaABAg
wUn05hdkhjM,"I remember when I first seen this trailer, I seriously could not stop watching it for the next two months until the move finally released! I swear I&#39;d watch 10-15 times a day!",i remember when i first seen this trailer i seriously could not stop watching it for the next two months until the move finally released i swear id watch 1015 times a day,0,2017-11-25T08:16:38Z,2017-11-25T08:16:38Z,Ugw1ic9HYtrbQKU6N154AaABAg
wUn05hdkhjM,I&#39;m just looking for videos of Wyatt Oleff in this because I haven&#39;t seen 2 but I just watched the opening scene of 1 and freaked out because I hadn&#39;t realised it was him,im just looking for videos of wyatt oleff in this because i havent seen 2 but i just watched the opening scene of 1 and freaked out because i hadnt realised it was him,0,2017-10-23T09:16:21Z,2017-10-23T09:16:21Z,Ugxtq76ZenWGRnudXiN4AaABAg
wUn05hdkhjM,Peter: who the hell are you? <br>Ego: I’m your dad Peter. <br>Vader shows up out of nowhere: YOU HAVE A SON? THIS IS WONDERFUL! I MUST TELL EVERYONE,"peter who the hell are you 
ego im your dad peter 
vader shows up out of nowhere you have a son this is wonderful i must tell everyone",0,2017-10-18T00:04:18Z,2017-10-18T00:04:18Z,UgwrqdSvuAOXDYPI8I94AaABAg
wUn05hdkhjM,This volume two,this volume two,0,2017-09-20T06:39:56Z,2017-09-20T06:39:56Z,Ugw_q59hKXAtuM3PAg14AaABAg
wUn05hdkhjM,WARNING....IF YOU ARE A CHRISTIAN YOU DO NOT WANT TO SEE THIS FILM!!! THIS MOVIE IS DISGUSTING AN EXTREMELY OFFENSIVE!!! SPOILER ALERT....CHRIS PRATT IS THE SON OF GOD. THEN HE KILLS HIS DAD ( I HEARD) I WAS TOO SICK TO MY STOMACH TO WATCH THE ENTIRE FILM. THIS IS AN ATTACK ON OUR GOD. GOD OF AMERICA. 1 NATION UNDER GOD. IN GOD WE TRUST. NOW YOU SEE WHY WE ARE FALLING APART. GOD PLEASE HAVE MERCY ON US. PRAISE YOUR NAME. PRAISE GOD YOU ARE A LOVING MERCIFUL GOD. PRAISE GOD FOR YOUR LOVING KINDNESS AN WONDERFUL DEEDS. GOD HAVE MERCY ON THE PEOPLE WHO ARE FOOLED BY SATAN HOLLYWOOD. FUNNY HOW EVERYTHING IN THE BIBLE IS ALL COMING TRUE. JESUS YOU ARE MY LORD AN SAVIOR.,warningif you are a christian you do not want to see this film this movie is disgusting an extremely offensive spoiler alertchris pratt is the son of god then he kills his dad  i heard i was too sick to my stomach to watch the entire film this is an attack on our god god of america 1 nation under god in god we trust now you see why we are falling apart god please have mercy on us praise your name praise god you are a loving merciful god praise god for your loving kindness an wonderful deeds god have mercy on the people who are fooled by satan hollywood funny how everything in the bible is all coming true jesus you are my lord an savior,1,2017-08-23T00:59:02Z,2017-08-23T00:59:02Z,UgyyYXff9OkKRhqZJeZ4AaABAg
wUn05hdkhjM,I&#39;m Mary Poppins y&#39;all!,im mary poppins yall,0,2017-08-16T01:51:20Z,2017-08-16T01:51:20Z,UgwtHGlKridXLKR1W1x4AaABAg
wUn05hdkhjM,Nice,nice,0,2017-08-16T01:48:28Z,2017-08-16T01:48:28Z,Ugw9EpxI88VRMQ6dXCl4AaABAg
wUn05hdkhjM,Why you lying this is vol 2 not 3,why you lying this is vol 2 not 3,0,2017-08-13T22:26:46Z,2017-08-13T22:26:46Z,UgzlkuyIPBav3SV_4F54AaABAg
wUn05hdkhjM,Best trailer ever,best trailer ever,0,2017-07-27T12:54:18Z,2017-07-27T12:54:18Z,UgiEZbWOobYNuXgCoAEC
wUn05hdkhjM,"Guardian of the Galaxy is much better than Guardian of The Galaxy 2 will the space scene and the fight scene is fun even they have some funny part in the movie but I still recommend this movie ,  I just enjoy the main character in Guardian Of The Galaxy 2 Star Lord is the best part of the movie and the fight scene .",guardian of the galaxy is much better than guardian of the galaxy 2 will the space scene and the fight scene is fun even they have some funny part in the movie but i still recommend this movie   i just enjoy the main character in guardian of the galaxy 2 star lord is the best part of the movie and the fight scene ,1,2017-07-23T07:15:28Z,2017-07-23T07:15:28Z,UghExsQVlDAFHngCoAEC
wUn05hdkhjM,I love this band of misfits😎😎😎!!!!,i love this band of misfits,0,2017-07-20T02:55:48Z,2017-07-20T02:55:48Z,UgidYM-4OpjOPHgCoAEC
wUn05hdkhjM,"Even after watching the movie, the trailer is still awesome",even after watching the movie the trailer is still awesome,1,2017-07-16T01:47:37Z,2017-07-16T01:47:37Z,UgjEloSQt8fDRngCoAEC
wUn05hdkhjM,nice,nice,0,2017-07-10T10:11:28Z,2017-07-10T10:11:28Z,UgjMm9SjLEx1NHgCoAEC
wUn05hdkhjM,you should make a movie where Carnage teams with Loki and spider Man teams up with scarlet spider (Ben Reilly)and Thor and anti venom having trouble deciding to be good or bad if you do good luck marvel and thanks for everything,you should make a movie where carnage teams with loki and spider man teams up with scarlet spider ben reillyand thor and anti venom having trouble deciding to be good or bad if you do good luck marvel and thanks for everything,1,2017-07-07T07:03:33Z,2017-07-07T07:03:33Z,UggcsDg7iPCZi3gCoAEC
wUn05hdkhjM,MAKE A MOVIE ABOUT GAMBIT,make a movie about gambit,2,2017-07-05T08:03:09Z,2017-07-05T08:03:09Z,UgjqXnAiodmzmXgCoAEC
wUn05hdkhjM,this movie Guardians Of The Galaxy Vol 2  CGI use never ever Hollywood movie using CGI this movie use WOW  ???? 😥😥😥😥😥,this movie guardians of the galaxy vol 2  cgi use never ever hollywood movie using cgi this movie use wow   ,0,2017-07-04T02:44:55Z,2017-07-04T02:44:55Z,UghoD1_1nvb74XgCoAEC
wUn05hdkhjM,less than 2 minutes and i got Guardians.of.the.Galaxy.Vol-2.2017.1080p.HD-TS.x264-24HD,less than 2 minutes and i got guardiansofthegalaxyvol220171080phdtsx26424hd,0,2017-07-02T07:03:43Z,2017-07-02T07:03:43Z,Ugij4GVsO4NaUngCoAEC
wUn05hdkhjM,DC bad Marvle good,dc bad marvle good,2,2017-07-01T00:18:24Z,2017-07-01T00:18:24Z,Ugi5nOfZa6B4EngCoAEC
wUn05hdkhjM,VOL . 3 and IROMAN 4 ! 2018,vol  3 and iroman 4  2018,1,2017-06-29T19:05:43Z,2017-06-29T19:05:43Z,UggfBbnk7cumPHgCoAEC
wUn05hdkhjM,<b>😂😂😂😂😂 I LIKE YOU ROCKET AND GUROOT</b>, i like you rocket and guroot,1,2017-06-24T23:33:11Z,2017-06-24T23:33:11Z,Ugjsi6Jwa9d7aXgCoAEC
wUn05hdkhjM,Starlord- dances with gamora <br>Gamora- fires a big gun<br>Drax- DIE SPACESHIP!<br>Rocket- opens gun <br>Groot- waves at gamora<br>Yondu- uses arrow thing<br>Mantis- turns around (poor her),"starlord dances with gamora 
gamora fires a big gun
drax die spaceship
rocket opens gun 
groot waves at gamora
yondu uses arrow thing
mantis turns around poor her",0,2017-06-19T22:56:20Z,2017-06-19T22:56:20Z,UgjnJzN-XkWUrXgCoAEC
wUn05hdkhjM,"In retrospect, I&#39;m kinda glad I saw this trailer after the movie.  It doesn&#39;t spoil too much, but it does ruin the ambiguity of a couple things.  More importantly, though, it&#39;s rather misleading and puts too much of the plot on the table for my liking.  Personally, I feel like this movie is best enjoyed from a blank slate.",in retrospect im kinda glad i saw this trailer after the movie  it doesnt spoil too much but it does ruin the ambiguity of a couple things  more importantly though its rather misleading and puts too much of the plot on the table for my liking  personally i feel like this movie is best enjoyed from a blank slate,1,2017-06-19T04:05:23Z,2017-06-19T04:05:23Z,Ugg7HFgWV0W9bngCoAEC
wUn05hdkhjM,Plz sub to me plz new channel,plz sub to me plz new channel,1,2017-06-16T20:16:54Z,2017-06-16T20:16:54Z,UgimWEHmWujUqXgCoAEC
wUn05hdkhjM,"Guys, CARRERASTOYS on Instagram has a massive Marvel giveaway. Follow him to enter @carrerastoys !! 👌🏽 <a href=""http://www.youtube.com/results?search_query=%23marvel"">#marvel</a> <a href=""http://www.youtube.com/results?search_query=%23TMNY"">#TMNY</a>",guys carrerastoys on instagram has a massive marvel giveaway follow him to enter carrerastoys   marvel tmny,0,2017-06-13T15:04:52Z,2017-06-13T15:04:52Z,Ugg-0U60fset83gCoAEC
wUn05hdkhjM,the thing star lord is holding is like a old soccer game thing,the thing star lord is holding is like a old soccer game thing,0,2017-06-13T12:27:53Z,2017-06-13T12:27:53Z,Ughga1as8EhiL3gCoAEC
wUn05hdkhjM,Keep the likes on this comment even for baby gru [small tree],keep the likes on this comment even for baby gru small tree,0,2017-06-13T00:26:53Z,2017-06-13T00:26:53Z,UgiOkM8k1L5BSngCoAEC
wUn05hdkhjM,do marvel heart comments?,do marvel heart comments,0,2017-06-11T14:28:57Z,2017-06-11T14:28:57Z,UgjlUMAzg6Q8j3gCoAEC
wUn05hdkhjM,admit it the movie was bullshit but it was worth it watching baby groot and all of them laughing and making jokes,admit it the movie was bullshit but it was worth it watching baby groot and all of them laughing and making jokes,1,2017-06-10T08:55:29Z,2017-06-10T08:55:29Z,UggYyADbrCg5BXgCoAEC
wUn05hdkhjM,Mind blown at the end,mind blown at the end,0,2017-06-01T07:09:00Z,2017-06-01T07:09:00Z,UgjSQ0wq6gUxcngCoAEC
wUn05hdkhjM,This movie was awesome but quit the SJW bullshit,this movie was awesome but quit the sjw bullshit,1,2017-05-31T15:37:20Z,2017-05-31T15:37:20Z,UghzXXrkvUnLzXgCoAEC
wUn05hdkhjM,His colour is yellow.,his colour is yellow,0,2017-05-26T10:25:25Z,2017-05-26T10:25:25Z,UghU6vlttQU7angCoAEC
wUn05hdkhjM,"Hey, I came up with this idea of a new superhero.<br>This is can fly, laser,own automobiles and starts with he playing pokemon go and fall down and started flying.","hey i came up with this idea of a new superhero
this is can fly laserown automobiles and starts with he playing pokemon go and fall down and started flying",0,2017-05-26T10:25:12Z,2017-05-26T10:25:12Z,UghAnZcf0KiTv3gCoAEC
wUn05hdkhjM,Such a good movie,such a good movie,1,2017-05-24T20:47:04Z,2017-05-24T20:47:04Z,Ugj3uCxSUqwHGXgCoAEC
wUn05hdkhjM,whats the song playing? i cant remember its name,whats the song playing i cant remember its name,0,2017-05-24T18:02:28Z,2017-05-24T18:02:28Z,Ugj_hcAreinBtHgCoAEC
wUn05hdkhjM,I&#39;m Mary Poppins Y&#39;all,im mary poppins yall,0,2017-05-24T13:21:02Z,2017-05-24T13:21:02Z,Ugjv02n5PZeuL3gCoAEC
wUn05hdkhjM,"song at <a href=""http://www.youtube.com/watch?v=wUn05hdkhjM&amp;t=0m47s"">0:47</a>?",song at 047,0,2017-05-21T08:46:26Z,2017-05-21T08:46:26Z,UggXSuwAz4REx3gCoAEC
wUn05hdkhjM,Bbnn,bbnn,0,2017-05-20T23:39:11Z,2017-05-20T23:39:11Z,UghfDZbAOl7iaHgCoAEC
wUn05hdkhjM,22s   what song?,22s   what song,0,2017-05-20T02:33:43Z,2017-05-20T02:33:43Z,UghXpiKHvyKe6HgCoAEC
wUn05hdkhjM,Great movie,great movie,2,2017-05-20T01:51:22Z,2017-05-20T01:51:22Z,Ugi2UeWeOW6Q0ngCoAEC
wUn05hdkhjM,Like para que marvel haga la pelicula que cancelaron spider man carnage likeee,like para que marvel haga la pelicula que cancelaron spider man carnage likeee,1,2017-05-19T20:13:18Z,2017-05-19T20:13:18Z,Ugih3GZGAXBVh3gCoAEC
wUn05hdkhjM,"Hi everyone, I&#39;ve made a channel here on YouTube and I want to talk about this world that I love, it&#39;s from the heroes, I have so far a little video on the channel, just to keep my dream in mind and to post more videos. Would you like an encouragement, can you help me?",hi everyone ive made a channel here on youtube and i want to talk about this world that i love its from the heroes i have so far a little video on the channel just to keep my dream in mind and to post more videos would you like an encouragement can you help me,0,2017-05-17T11:10:17Z,2017-05-17T11:10:17Z,UgjB-fnqaqPH7XgCoAEC
wUn05hdkhjM,"That is pretty cool that he finds his Dad, but, it would have been a lot cooler if we found that out in the actual movie and not in the trailer.",that is pretty cool that he finds his dad but it would have been a lot cooler if we found that out in the actual movie and not in the trailer,1,2017-05-15T21:42:00Z,2017-05-15T21:42:00Z,Ugh7Hto9-AvjxXgCoAEC
wUn05hdkhjM,"If you&#39;re watching this in May 2017 (the month this movie releases in), subscribe to my channel!",if youre watching this in may 2017 the month this movie releases in subscribe to my channel,1,2017-05-12T11:59:33Z,2017-05-12T11:59:33Z,UgieQKfWUFX8NHgCoAEC
wUn05hdkhjM,l Aldo ingentes super hero,l aldo ingentes super hero,0,2017-05-11T19:35:11Z,2017-05-11T19:35:11Z,UgivGB9SlmUG4HgCoAEC
wUn05hdkhjM,his name is kidman,his name is kidman,0,2017-05-11T19:34:16Z,2017-05-11T19:34:16Z,UggK-3y_rKmY_ngCoAEC
wUn05hdkhjM,i want that this movie will success like star wars,i want that this movie will success like star wars,0,2017-05-11T17:59:29Z,2017-05-11T17:59:29Z,UgiNMQWMjfeN63gCoAEC
wUn05hdkhjM,"🎊 Guardians of the Galaxy Vol. 2 ||Full Movie|| HD Quality [ <a href=""https://plus.google.com/+NegeriDigital/posts/FnziW47F55E"">https://plus.google.com/+NegeriDigital/posts/FnziW47F55E</a> ]", guardians of the galaxy vol 2 full movie hd quality  httpsplusgooglecomnegeridigitalpostsfnziw47f55e ,74,2017-05-11T07:54:36Z,2017-05-11T07:54:36Z,UghiiF8KqIaesHgCoAEC
wUn05hdkhjM,God,god,1,2017-05-11T07:32:49Z,2017-05-11T07:32:49Z,UgjPtc3ZmINYHXgCoAEC
wUn05hdkhjM,Yondu dies.,yondu dies,0,2017-05-11T03:38:55Z,2017-05-11T03:38:55Z,UgjDZzT9qiBWoXgCoAEC
wUn05hdkhjM,IM MARY POPPINS YA&#39;LL,im mary poppins yall,1,2017-05-11T02:59:45Z,2017-05-11T02:59:45Z,Ugj23esxjLkqsngCoAEC
wUn05hdkhjM,Drax needs his own stand up comedy show lmao,drax needs his own stand up comedy show lmao,2,2017-05-08T05:40:52Z,2017-05-08T05:40:52Z,UgikDbWdMjL6DXgCoAEC
wUn05hdkhjM,"wanna know a spoiler, starlord dad is a villain, yondu dies in the end saving the starlord, enjoy ;)",wanna know a spoiler starlord dad is a villain yondu dies in the end saving the starlord enjoy ,1,2017-05-07T20:04:32Z,2017-05-07T20:04:32Z,Ugj23RN02n0RcngCoAEC
wUn05hdkhjM,So fun movie,so fun movie,0,2017-05-07T01:01:48Z,2017-05-07T01:01:48Z,UghyQ_VjiijWxXgCoAEC
wUn05hdkhjM,"<a href=""http://www.youtube.com/watch?v=wUn05hdkhjM&amp;t=2m15s"">2:15</a> NOOOOOO!!! THAT&#39;S IMPOSSIBBLLEEEEEE!!!!",215 noooooo thats impossibblleeeeee,1,2017-05-06T20:17:35Z,2017-05-06T20:17:35Z,Ughx166_tVAjrngCoAEC
wUn05hdkhjM,I cried at the part when <i>___</i> died,i cried at the part when _____ died,1,2017-05-06T17:43:57Z,2017-05-06T17:43:57Z,UggXdgYzHlM6hHgCoAEC
wUn05hdkhjM,This is the first ever movie cried too and there&#39;s also pacman in this movie XD,this is the first ever movie cried too and theres also pacman in this movie xd,1,2017-05-06T17:43:10Z,2017-05-06T17:43:10Z,UggzR3rNq6Z_J3gCoAEC
wUn05hdkhjM,Yea! I want to save the galaxy!,yea i want to save the galaxy,0,2017-05-06T06:41:30Z,2017-05-06T06:41:30Z,Ughhz7f06sJFTXgCoAEC
wUn05hdkhjM,"<a href=""http://www.youtube.com/watch?v=wUn05hdkhjM&amp;t=2m15s"">2:15</a> I AM YOUR DAD PIDAR",215 i am your dad pidar,0,2017-05-06T00:50:50Z,2017-05-06T00:50:50Z,UghKdZidmdk-vHgCoAEC
wUn05hdkhjM,"<a href=""http://www.youtube.com/watch?v=wUn05hdkhjM&amp;t=0m43s"">0:43</a> This is the best thing I have ever seen!",043 this is the best thing i have ever seen,1,2017-05-05T22:30:25Z,2017-05-05T22:30:25Z,Ugjx-XZz9rWAiXgCoAEC
wUn05hdkhjM,I wonder if there&#39;s another dance scene that will totally ruin the ending... Most embarrassing moment for the whole MCU.,i wonder if theres another dance scene that will totally ruin the ending most embarrassing moment for the whole mcu,0,2017-05-05T20:41:12Z,2017-05-05T20:41:12Z,UgjVcLkfhejGe3gCoAEC
wUn05hdkhjM,"Oh, that&#39;s intense. <br>Killer bass theme.","oh thats intense 
killer bass theme",0,2017-05-05T15:01:07Z,2017-05-05T15:02:20Z,UggucmstoO47P3gCoAEC
wUn05hdkhjM,"Marvel, I love you so much for using Fleetwood Mac - The Chain in this trailer (and in such a cool moment in the movie).",marvel i love you so much for using fleetwood mac  the chain in this trailer and in such a cool moment in the movie,2,2017-05-05T09:09:45Z,2017-05-05T09:09:45Z,UgiOB295MYLybHgCoAEC
wUn05hdkhjM,"<a href=""http://www.youtube.com/watch?v=wUn05hdkhjM&amp;t=1m27s"">1:27</a> - that gun recoil added in post looks so bad :D But great movie!",127  that gun recoil added in post looks so bad d but great movie,0,2017-05-05T09:07:21Z,2017-05-05T09:07:21Z,UgjEz7w5KjPvgXgCoAEC
wUn05hdkhjM,"What&#39;s the deal with the &quot;obviously&quot; thing, I watched the movie and I&#39;m still confused",whats the deal with the obviously thing i watched the movie and im still confused,0,2017-05-05T05:23:15Z,2017-05-05T05:23:15Z,Ugix9daAMRdWYXgCoAEC
wUn05hdkhjM,OFC that hero assembly shot thingy wasn&#39;t in the actual movie. Everyone else but Quill was there.,ofc that hero assembly shot thingy wasnt in the actual movie everyone else but quill was there,0,2017-05-03T23:13:43Z,2017-05-03T23:13:43Z,Ugi0TwnbHVzyD3gCoAEC
wUn05hdkhjM,Superheroes aren&#39;t cool,superheroes arent cool,0,2017-05-03T00:16:46Z,2017-05-03T00:16:46Z,UghQvjHRRTqsSHgCoAEC
wUn05hdkhjM,Please use &quot;Vehicle&quot; by Ides of March for vol3 trailer!!! So 70s. So perfect!!!,please use vehicle by ides of march for vol3 trailer so 70s so perfect,0,2017-05-02T04:23:27Z,2017-05-02T04:23:27Z,UghDbI2Yeg7L6XgCoAEC
wUn05hdkhjM,"<a href=""http://www.youtube.com/watch?v=wUn05hdkhjM&amp;t=2m07s"">2:07</a> U can see some other girl standing next to Peters dad",207 u can see some other girl standing next to peters dad,0,2017-05-01T23:06:45Z,2017-05-01T23:06:45Z,UgiEAMHxf8ySm3gCoAEC
wUn05hdkhjM,Just watched it on Saturday in Mexico! Laughing and laughing most of the movie. Going to see it again again here in the US as soon as it comes out.,just watched it on saturday in mexico laughing and laughing most of the movie going to see it again again here in the us as soon as it comes out,1,2017-05-01T21:46:22Z,2017-05-01T21:46:22Z,UggIYkuGiOipSngCoAEC
wUn05hdkhjM,i watched guardians of the galaxy vol.2 today. I loved it 💜💜💜,i watched guardians of the galaxy vol2 today i loved it ,1,2017-05-01T19:36:49Z,2017-05-01T19:36:49Z,UgiUaIBYjCDEJHgCoAEC
wUn05hdkhjM,When  can watch  Spiderman homecoming  movie,when  can watch  spiderman homecoming  movie,0,2017-05-01T15:52:40Z,2017-05-01T15:52:40Z,UgjEqVWfHZgxt3gCoAEC
wUn05hdkhjM,"Can someone please tell me , what Rocket said to Taserface? <br><br>what was your second choice? <i>_________</i> ?  <br><br><br>thanks","can someone please tell me  what rocket said to taserface 

what was your second choice ___________   


thanks",0,2017-05-01T12:51:59Z,2017-05-01T12:51:59Z,UggEwhLfdsJfyngCoAEC
wUn05hdkhjM,"Hey, guys! I created a playlist with possible songs for Awesome Mix Vol. 3. Check out! <a href=""https://open.spotify.com/user/allanmfmotta/playlist/110nKMdLb1bMRe0HtFhsX4"">https://open.spotify.com/user/allanmfmotta/playlist/110nKMdLb1bMRe0HtFhsX4</a>",hey guys i created a playlist with possible songs for awesome mix vol 3 check out httpsopenspotifycomuserallanmfmottaplaylist110nkmdlb1bmre0htfhsx4,0,2017-05-01T11:29:29Z,2017-05-01T11:29:29Z,Ugg5ANldmuWItngCoAEC
wUn05hdkhjM,can anyone tell me which song it is,can anyone tell me which song it is,0,2017-05-01T07:58:26Z,2017-05-01T07:58:26Z,Ugg82L93yZXJhngCoAEC
wUn05hdkhjM,Yondu dies☺☺ Peter&#39;s dad is evil☺,yondu dies peters dad is evil,1,2017-04-30T22:54:24Z,2017-04-30T22:54:24Z,Ugi1kCx4deDVTngCoAEC
wUn05hdkhjM,When I watched the Movie. I was awestruck. The movie is full of surprises and belly full of laughs. Don&#39;t listen to critics it&#39;s way better than the first one. I&#39;d be happy to say James Gunn did an Excellent job. When nothing keeps me happy Marvel movies are the one to make me smile,when i watched the movie i was awestruck the movie is full of surprises and belly full of laughs dont listen to critics its way better than the first one id be happy to say james gunn did an excellent job when nothing keeps me happy marvel movies are the one to make me smile,9,2017-04-30T20:51:22Z,2017-04-30T20:51:22Z,Ugjt6xExbb2jpXgCoAEC
wUn05hdkhjM,"jesus, so much is given away with these trailers.. shame",jesus so much is given away with these trailers shame,0,2017-04-30T15:22:01Z,2017-04-30T15:22:01Z,UgimQDOTvPs11HgCoAEC
wUn05hdkhjM,I&#39;ve seen this movie and it is awesome! I am from the Philippines. I love the Quill vs. Ego scene which is a reference to Vader vs. Luke in Empire Strikes Back.,ive seen this movie and it is awesome i am from the philippines i love the quill vs ego scene which is a reference to vader vs luke in empire strikes back,1,2017-04-30T12:39:47Z,2017-04-30T12:39:47Z,Ugi4Oqa7H-1zc3gCoAEC
wUn05hdkhjM,"ive seen the movie now, and im seeing it again tomorrow. I&#39;m Soooooo lucky",ive seen the movie now and im seeing it again tomorrow im soooooo lucky,0,2017-04-29T10:49:53Z,2017-04-29T10:49:53Z,UgjavwUJnpOdfXgCoAEC
wUn05hdkhjM,"This movie is,and quoting Drax &quot;That it&#39;s awesome!&quot;",this movie isand quoting drax that its awesome,0,2017-04-29T02:47:22Z,2017-04-29T02:47:22Z,UghX8ALjHNuRzHgCoAEC
wUn05hdkhjM,What&#39;s this song,whats this song,0,2017-04-28T23:56:55Z,2017-04-28T23:56:55Z,UgiuzeEYZ2gBfXgCoAEC
wUn05hdkhjM,"Star Wars: No Luke, I am your father!<br>Guardians of the Galaxy: I&#39;m your dad, Peter.<br><br><b>Inhales</b> Ok.","star wars no luke i am your father
guardians of the galaxy im your dad peter

inhales ok",15,2017-04-28T21:35:47Z,2017-04-28T21:35:47Z,Ugioneh5bKl9jngCoAEC
wUn05hdkhjM,franklin richards vs legion please!!!!,franklin richards vs legion please,0,2017-04-28T18:31:08Z,2017-04-28T18:31:08Z,UggQsxpvWiSDOXgCoAEC
wUn05hdkhjM,i watched the movie today its very funny and heartbreaking if you think im lying its alreadt showing hear in the Philippines,i watched the movie today its very funny and heartbreaking if you think im lying its alreadt showing hear in the philippines,0,2017-04-28T13:53:24Z,2017-04-28T13:53:24Z,UgjcFhwtgjEqTngCoAEC
wUn05hdkhjM,"I watched it, it&#39;s marvelous, you raged now",i watched it its marvelous you raged now,0,2017-04-28T13:46:31Z,2017-04-28T13:46:31Z,UgjAnyMHLcx9N3gCoAEC
wUn05hdkhjM,Finally watched it tonight! It was fantastic. There were slow parts but overall it was great! There are 4/5 ending credit scenes.,finally watched it tonight it was fantastic there were slow parts but overall it was great there are 45 ending credit scenes,0,2017-04-28T10:00:47Z,2017-04-28T10:00:47Z,UggSsfkzBn2rn3gCoAEC
wUn05hdkhjM,Spoiler alert!!!!!<br>.<br>.<br>.<br>.<br>.<br>.<br>.<br>.<br>.<br>Yondu dies. Ego (Peter&#39;s father) turns out to be the main villain.,"spoiler alert









yondu dies ego peters father turns out to be the main villain",0,2017-04-27T12:17:11Z,2017-04-27T12:17:11Z,Ugil3qEJvsEZnHgCoAEC
wUn05hdkhjM,"Anyone else notice the wilhelm scream in that monster&#39;s roaring at <a href=""http://www.youtube.com/watch?v=wUn05hdkhjM&amp;t=0m08s"">0:08</a>?",anyone else notice the wilhelm scream in that monsters roaring at 008,1,2017-04-27T11:21:39Z,2017-04-27T11:21:39Z,UgguRQNlwKiLc3gCoAEC
wUn05hdkhjM,"what the hell is that bassline that starts around <a href=""http://www.youtube.com/watch?v=wUn05hdkhjM&amp;t=0m20s"">0:20</a> - <a href=""http://www.youtube.com/watch?v=wUn05hdkhjM&amp;t=0m21s"">0:21</a>seconds? i know the tune and can play it but cant name it....",what the hell is that bassline that starts around 020  021seconds i know the tune and can play it but cant name it,0,2017-04-27T10:02:44Z,2017-04-27T10:02:44Z,UghBtocf5ZsrYXgCoAEC
wUn05hdkhjM,"The movie is way better than the trailers. Seriously. <br>It&#39;s already rolling in my country, I&#39;ve watched it","the movie is way better than the trailers seriously 
its already rolling in my country ive watched it",4,2017-04-27T07:43:29Z,2017-04-27T07:43:29Z,UgiOBGgYl2mj93gCoAEC
wUn05hdkhjM,its april 26,its april 26,0,2017-04-26T17:46:54Z,2017-04-26T17:46:54Z,UggblQ91wtgaBHgCoAEC
wUn05hdkhjM,i watch in cinema full movie,i watch in cinema full movie,0,2017-04-26T17:46:41Z,2017-04-26T17:46:41Z,Uggsp2cVygETV3gCoAEC
wUn05hdkhjM,i cry last part of gurdian galaxy yondu died he sacrificed to peter and peter  dad are villain,i cry last part of gurdian galaxy yondu died he sacrificed to peter and peter  dad are villain,0,2017-04-26T17:46:20Z,2017-04-26T17:46:20Z,Ugi33P45yZDMEngCoAEC
wUn05hdkhjM,"<a href=""http://www.youtube.com/watch?v=wUn05hdkhjM&amp;t=0m28s"">0:28</a> he is so cute!!!",028 he is so cute,0,2017-04-26T17:11:36Z,2017-04-26T17:11:36Z,Uggm_FbXN-m-03gCoAEC
wUn05hdkhjM,What remix of the chain is this?,what remix of the chain is this,0,2017-04-25T19:33:18Z,2017-04-25T19:33:18Z,Uggxc68RmweLPngCoAEC
wUn05hdkhjM,You should make Spiderman versus Deadpool the movie,you should make spiderman versus deadpool the movie,0,2017-04-25T01:50:08Z,2017-04-25T01:50:08Z,UgjGZivZEEEzH3gCoAEC
wUn05hdkhjM,"<a href=""http://www.youtube.com/watch?v=wUn05hdkhjM&amp;t=1m15s"">1:15</a><br>🔥            🔥🔥🔥 🔥🔥🔥<br>🔥                 🔥            🔥<br>🔥🔥🔥 🔥🔥🔥      🔥","115
             
                             
       ",0,2017-04-24T09:57:17Z,2017-04-24T09:57:17Z,UgiCDjqPggEqbHgCoAEC
wUn05hdkhjM,Watching Chris Pratt in parks and rec and hearing him say &quot;Sometimes the thing you are searching for your whole life is right there by your side all along.&quot;,watching chris pratt in parks and rec and hearing him say sometimes the thing you are searching for your whole life is right there by your side all along,1,2017-04-24T04:08:09Z,2017-04-24T04:08:09Z,Uggf4Ec_mlR0sHgCoAEC
wUn05hdkhjM,"Chain keep us together, running in the shadow.",chain keep us together running in the shadow,0,2017-04-24T00:15:22Z,2017-04-24T00:15:22Z,Ughm3xHaPXDFongCoAEC
wUn05hdkhjM,"I love marvel but How the hell anyone can like this ? it looks animated , the acting is soo cheesy &amp; kinda feels like over acting 😐",i love marvel but how the hell anyone can like this  it looks animated  the acting is soo cheesy  kinda feels like over acting ,0,2017-04-23T08:31:13Z,2017-04-23T08:31:13Z,UghtPVjWx8wM_ngCoAEC
wUn05hdkhjM,"Peter:And who the hell are you?<br>Ego: I am nobody from nowhere,u want work for me?","peterand who the hell are you
ego i am nobody from nowhereu want work for me",1,2017-04-23T05:11:22Z,2017-04-23T05:11:22Z,UgjcBWJyIgHMVXgCoAEC
wUn05hdkhjM,ohhh i hope marvel make more new superheroes movies,ohhh i hope marvel make more new superheroes movies,0,2017-04-22T23:52:12Z,2017-04-22T23:52:24Z,UgjPyE-mgLyJu3gCoAEC
wUn05hdkhjM,Ahhhhhhhhhhhhhhhhhh-Drax 2017,ahhhhhhhhhhhhhhhhhhdrax 2017,0,2017-04-22T22:37:44Z,2017-04-22T22:37:44Z,Ugjd2JnEw1mVn3gCoAEC
wUn05hdkhjM,What is the background song?,what is the background song,0,2017-04-22T22:27:58Z,2017-04-22T22:27:58Z,Ugj9kBs-MplekngCoAEC
wUn05hdkhjM,What&#39;s the name of the soundtrack?,whats the name of the soundtrack,0,2017-04-22T04:43:29Z,2017-04-22T04:43:29Z,UgjRzk41ScqBWXgCoAEC
wUn05hdkhjM,Did anyone else notice Rocket was floating near the end?,did anyone else notice rocket was floating near the end,0,2017-04-22T01:56:10Z,2017-04-22T01:56:10Z,UgiEZZvcT_3ZhngCoAEC
wUn05hdkhjM,Fleetwood Mac&#39;s &quot;The Chain&quot; fits perfectly here. I hope this remixed edit will make it&#39;s way to the original soundtrack.,fleetwood macs the chain fits perfectly here i hope this remixed edit will make its way to the original soundtrack,1,2017-04-21T16:52:53Z,2017-04-21T16:52:53Z,Ugi58poAju5i6HgCoAEC
wUn05hdkhjM,A garden of the Galaxy...,a garden of the galaxy,0,2017-04-21T13:50:04Z,2017-04-21T13:50:04Z,Ugge15ntR2Ij5HgCoAEC
wUn05hdkhjM,This one time me and my dad went to see the new power rangers movie and this trailer came on with this movie,this one time me and my dad went to see the new power rangers movie and this trailer came on with this movie,0,2017-04-21T08:47:55Z,2017-04-21T08:47:55Z,UgiY-o9EGvQcvHgCoAEC
wUn05hdkhjM,What&#39;s the title of the music?,whats the title of the music,0,2017-04-20T09:24:00Z,2017-04-20T09:24:00Z,UgjDtXLM8xFcM3gCoAEC
wUn05hdkhjM,AAAAAND now I ship Nebula and Drax.,aaaaand now i ship nebula and drax,1,2017-04-20T05:02:45Z,2017-04-20T05:02:45Z,UggCf9lHXCaLGXgCoAEC
wUn05hdkhjM,"I watched the first Guardians, because I had nothing else to watch that day.  Now they are by far my favorite part of the Marvel Universe.  So well done on all accounts, now I cannot wait for this movie.",i watched the first guardians because i had nothing else to watch that day  now they are by far my favorite part of the marvel universe  so well done on all accounts now i cannot wait for this movie,0,2017-04-20T00:41:41Z,2017-04-20T00:41:41Z,UggFSpA5dVAc6XgCoAEC
wUn05hdkhjM,I like to imagine what kind of sick shit Deadpool can get into mixing in with this crew.,i like to imagine what kind of sick shit deadpool can get into mixing in with this crew,0,2017-04-19T13:23:04Z,2017-04-19T13:23:04Z,UgjwsP2cclRwPngCoAEC
wUn05hdkhjM,Am i the only one who prefers big groot over baby groot?,am i the only one who prefers big groot over baby groot,0,2017-04-19T02:02:07Z,2017-04-19T02:02:07Z,UgihivZ5Ukyr7XgCoAEC
wUn05hdkhjM,"trailer 2 for vol/1 was so great in comparison and as the movie. Hope this one ain&#39;t a missed bag...some screening reviews are already out. A few were indeed concerning. This is gamble material folks, second time is tough. But we&#39;ll see.",trailer 2 for vol1 was so great in comparison and as the movie hope this one aint a missed bagsome screening reviews are already out a few were indeed concerning this is gamble material folks second time is tough but well see,0,2017-04-18T19:28:48Z,2017-04-18T19:31:33Z,Ugj2TlNjJ5a3u3gCoAEC
wUn05hdkhjM,I just been told by &quot;rocket the raccoon&quot; that he said this &quot;the film&quot;guardians of the galaxy vol.2&quot; will have 5 bonus end credit scenes&quot; so be like a gum &amp; stick around &amp; uh tell &quot;everyone&quot; about this you heard ?,i just been told by rocket the raccoon that he said this the filmguardians of the galaxy vol2 will have 5 bonus end credit scenes so be like a gum  stick around  uh tell everyone about this you heard ,1,2017-04-18T17:39:34Z,2017-04-18T17:39:34Z,Ugi-LSDkxaFrS3gCoAEC
wUn05hdkhjM,Baby Groot? haha wonder what his super power would be..,baby groot haha wonder what his super power would be,1,2017-04-18T14:46:12Z,2017-04-18T14:46:12Z,UghM0BWlmOI9kXgCoAEC
wUn05hdkhjM,"Please help me win this scholarship by voting for me! I haven&#39;t won any scholarships yet but hopefully this will be my first one! I need this since it will truly benefit my education at UC Davis. <br><br>Thank you so much for your time reading this and spread the word! 💞<br><br><a href=""http://wshe.es/XF4RrTgZ"">http://wshe.es/XF4RrTgZ</a>","please help me win this scholarship by voting for me i havent won any scholarships yet but hopefully this will be my first one i need this since it will truly benefit my education at uc davis 

thank you so much for your time reading this and spread the word 

httpwsheesxf4rrtgz",0,2017-04-18T01:42:07Z,2017-04-18T01:42:07Z,UgiRrlgicDFxWHgCoAEC
wUn05hdkhjM,the dude is the dad,the dude is the dad,0,2017-04-17T16:26:27Z,2017-04-17T16:26:27Z,Ugg9Sx3g5nU2ongCoAEC
wUn05hdkhjM,Batista is killing it man,batista is killing it man,0,2017-04-16T18:07:04Z,2017-04-16T18:07:04Z,Ugh3CFbN4l7WXXgCoAEC
wUn05hdkhjM,"Who the hell are you?<br>I am your uncle, Peter.","who the hell are you
i am your uncle peter",1,2017-04-16T17:41:57Z,2017-04-16T17:41:57Z,UgjidAVF63gy93gCoAEC
wUn05hdkhjM,Been Waiting for this movie.,been waiting for this movie,0,2017-04-16T12:20:27Z,2017-04-16T12:20:27Z,UgjZblXjm28mXHgCoAEC
wUn05hdkhjM,I wish they can maybe put teen titans in infinity war they know who thanoes is I think but in teen titans thanoes is known as dark side but I hope they put teen titans in infinity war maybe raven will see the future and she sees thanoes destroying the world I know that&#39;s kind of like avengers age of ultron when Tony sees thanoes but maybe they can figure something out like if u agree,i wish they can maybe put teen titans in infinity war they know who thanoes is i think but in teen titans thanoes is known as dark side but i hope they put teen titans in infinity war maybe raven will see the future and she sees thanoes destroying the world i know thats kind of like avengers age of ultron when tony sees thanoes but maybe they can figure something out like if u agree,1,2017-04-16T11:04:55Z,2017-04-16T11:06:40Z,UgjH8sGlbfn2AHgCoAEC
wUn05hdkhjM,What is the song? it&#39;s awesome!!,what is the song its awesome,0,2017-04-16T10:51:49Z,2017-04-16T10:51:49Z,Ugicjv8C9drL1XgCoAEC
wUn05hdkhjM,Only 1 million views. what the neck. I thought this was going to get like 30 million views,only 1 million views what the neck i thought this was going to get like 30 million views,0,2017-04-16T01:17:08Z,2017-04-16T01:17:08Z,UgieaVQGUMKQmXgCoAEC
wUn05hdkhjM,"<a href=""http://www.youtube.com/watch?v=wUn05hdkhjM&amp;t=1m26s"">1:26</a> 👋",126,0,2017-04-16T00:19:22Z,2017-04-16T00:19:22Z,UggvZR4hLwQUu3gCoAEC
wUn05hdkhjM,SHUT UP AND TAKE MY MONEY 💰,shut up and take my money ,0,2017-04-15T14:57:55Z,2017-04-15T14:57:55Z,UgjvZA2DVM7HpngCoAEC
wUn05hdkhjM,"Judging by the comments below, I&#39;m probably in the minority here when I say this, but I&#39;m not as gung-ho for GOTG this time around. I don&#39;t know..... this movie just feels too &quot;Disney-fied&quot; to me. I mean, did they really have to make Groot that small &amp; that young? It feels like they&#39;re telling us they will be intentionally pandering ​to audiences this time around with an absurdly cute baby Groot. While I&#39;m anxious to see what the next entry into the MCU will be as they methodically continue to set the table for Infinity War, I&#39;ve cringed at the sight of Dave Bautista camping it up out there in all of these trailers. As a former WWE wrestler he&#39;s a ham actor to begin with, and it looks like he&#39;s trying too hard to be the comedy relief now. I hope they disprove my suspicions, but as of now I&#39;m​ lowering my expectations a notch.",judging by the comments below im probably in the minority here when i say this but im not as gungho for gotg this time around i dont know this movie just feels too disneyfied to me i mean did they really have to make groot that small  that young it feels like theyre telling us they will be intentionally pandering to audiences this time around with an absurdly cute baby groot while im anxious to see what the next entry into the mcu will be as they methodically continue to set the table for infinity war ive cringed at the sight of dave bautista camping it up out there in all of these trailers as a former wwe wrestler hes a ham actor to begin with and it looks like hes trying too hard to be the comedy relief now i hope they disprove my suspicions but as of now im lowering my expectations a notch,0,2017-04-15T11:42:15Z,2017-04-15T11:51:54Z,UgiGAktlQ4Rvz3gCoAEC
wUn05hdkhjM,soooo why is mantis important,soooo why is mantis important,0,2017-04-14T20:14:38Z,2017-04-14T20:14:38Z,UgiJ35jtOt-c9XgCoAEC
wUn05hdkhjM,You guys know how to make trailers!,you guys know how to make trailers,0,2017-04-14T17:46:17Z,2017-04-14T17:46:17Z,UghvD6GpwgoagngCoAEC
wUn05hdkhjM,OMG THIS CAME OUT ON MY BIRTHDAY!,omg this came out on my birthday,0,2017-04-14T16:45:13Z,2017-04-14T16:45:13Z,Ugi9pC_s4NIbYHgCoAEC
wUn05hdkhjM,"there are marvel cinematic universe, why not making marvel game universe? :D",there are marvel cinematic universe why not making marvel game universe d,0,2017-04-14T16:29:26Z,2017-04-14T16:29:26Z,UgjbwCfOREzjIHgCoAEC
wUn05hdkhjM,"Luck, I am your father!=)))",luck i am your father,0,2017-04-14T13:26:43Z,2017-04-14T13:26:43Z,Ugj1mOy_kF187XgCoAEC
wUn05hdkhjM,Fleetwood Mac - The Chain,fleetwood mac  the chain,0,2017-04-14T09:28:43Z,2017-04-14T09:28:43Z,UgjX1k8s2FfnmHgCoAEC
wUn05hdkhjM,I am  your father,i am  your father,0,2017-04-14T03:57:27Z,2017-04-14T03:57:27Z,Uggadj7_etmzfngCoAEC
wUn05hdkhjM,It&#39;s coming out Cinco de Mayo! Can&#39;t wait.,its coming out cinco de mayo cant wait,0,2017-04-14T03:19:12Z,2017-04-14T03:19:12Z,UghkWjLcUonVingCoAEC
wUn05hdkhjM,Star lord------sometimes the things your looking for your entire life its right there by your side all along <br>me-<del>---</del><b>looks beside him and sees no nintendo switch</b><br>me-<del>---</del>(;-;),"star lordsometimes the things your looking for your entire life its right there by your side all along 
melooks beside him and sees no nintendo switch
me",2,2017-04-13T22:55:08Z,2017-04-13T22:55:08Z,Ugh0bnr8GJqpxXgCoAEC
wUn05hdkhjM,All these things are building up to infinity war..,all these things are building up to infinity war,1,2017-04-13T22:36:52Z,2017-04-13T22:36:52Z,UghMA-BsA5J_bngCoAEC
wUn05hdkhjM,groot so cute,groot so cute,0,2017-04-13T15:56:53Z,2017-04-13T15:56:53Z,UghvADI45xY333gCoAEC
wUn05hdkhjM,mantis &lt;3,mantis 3,0,2017-04-13T15:08:24Z,2017-04-13T15:08:24Z,UgifRopPoyTaY3gCoAEC
wUn05hdkhjM,faaaaaaaaaaak,faaaaaaaaaaak,0,2017-04-13T15:06:44Z,2017-04-13T15:06:44Z,Ugig-sEWkvquKXgCoAEC
wUn05hdkhjM,to the people of marvel when you gone introduce carnage to the big screen,to the people of marvel when you gone introduce carnage to the big screen,0,2017-04-13T08:27:38Z,2017-04-13T08:27:38Z,UgjdM3-48OqPeHgCoAEC
wUn05hdkhjM,who is Mantis???,who is mantis,0,2017-04-13T02:25:07Z,2017-04-13T02:25:07Z,UgjhjXGsyK_Oq3gCoAEC
wUn05hdkhjM,"I&#39;m a hardcore Batman fan, but Guardians of the Galaxy is my favorite comic book movie ! I am more excited for Guardians of the Galaxy vol 2 than anything ! This shit is better than anything DC and I&#39;m a Batman fanboy lol !!!",im a hardcore batman fan but guardians of the galaxy is my favorite comic book movie  i am more excited for guardians of the galaxy vol 2 than anything  this shit is better than anything dc and im a batman fanboy lol ,1,2017-04-12T23:30:58Z,2017-04-12T23:30:58Z,Ugg2daCZPi2jzngCoAEC
wUn05hdkhjM,Sounds Good😍,sounds good,0,2017-04-12T17:58:26Z,2017-04-12T17:58:26Z,UgjP3O_KIgp5VXgCoAEC
wUn05hdkhjM,Isn&#39;t that Cody Frost version of The Chain,isnt that cody frost version of the chain,0,2017-04-12T15:34:14Z,2017-04-12T15:34:14Z,UggQIptEQyjopXgCoAEC
wUn05hdkhjM,"peter, i am groot",peter i am groot,0,2017-04-12T14:41:04Z,2017-04-12T14:41:04Z,UghFQifvpg6WxngCoAEC
wUn05hdkhjM,She just told Everyone your deepest darkest secret!<br>You must be so embarrassed?!<br>Ahahaha! DO ME! DO ME! DO ME!,"she just told everyone your deepest darkest secret
you must be so embarrassed
ahahaha do me do me do me",0,2017-04-12T10:57:40Z,2017-04-12T10:57:40Z,UgiQFjR3z6m24ngCoAEC
wUn05hdkhjM,<b>Die spaceship!</b>,die spaceship,0,2017-04-12T08:50:36Z,2017-04-12T08:50:36Z,UgjpAYCuyAetWXgCoAEC
wUn05hdkhjM,"this is so perfectly co-ordinated with the music, not to mention the a+ song choice, this is amazing<br>i keep replaying this omg","this is so perfectly coordinated with the music not to mention the a song choice this is amazing
i keep replaying this omg",4,2017-04-12T05:58:29Z,2017-04-12T05:58:29Z,Ugj8tNtI73bpjXgCoAEC
wUn05hdkhjM,Man the music Marvel is using for their recent trailers is fantastic!,man the music marvel is using for their recent trailers is fantastic,1,2017-04-11T21:00:15Z,2017-04-11T21:00:15Z,UggxMMdTEBVsn3gCoAEC
wUn05hdkhjM,yes it shows star Lord&#39;s dad,yes it shows star lords dad,0,2017-04-11T20:00:04Z,2017-04-11T20:00:04Z,Ugij3fDcj9gNaHgCoAEC
wUn05hdkhjM,Nebula joins the Guardians???,nebula joins the guardians,0,2017-04-11T11:29:02Z,2017-04-11T11:29:02Z,Ugh1JHDUM7J2ingCoAEC
wUn05hdkhjM,this movie gonna be lit🔥,this movie gonna be lit,1,2017-04-11T06:14:15Z,2017-04-11T06:14:15Z,UgjfgDmxoDpurngCoAEC
wUn05hdkhjM,"I am your Peter, <b>DAD</b>",i am your peter dad,0,2017-04-11T04:36:57Z,2017-04-11T04:36:57Z,UgjbBubio2ASMHgCoAEC
wUn05hdkhjM,&quot;we are not friends we are family&quot; okay who let the people from fast and furious help with this movie,we are not friends we are family okay who let the people from fast and furious help with this movie,0,2017-04-10T16:33:12Z,2017-04-10T16:33:12Z,UgiE1quI0l1X4ngCoAEC
wUn05hdkhjM,How many disgusting hidden muslem codes are in the movie,how many disgusting hidden muslem codes are in the movie,0,2017-04-10T14:40:09Z,2017-04-10T14:40:09Z,UgjUv2CqutGsUngCoAEC
wUn05hdkhjM,favourate film can&#39;t wait.,favourate film cant wait,1,2017-04-10T14:39:07Z,2017-04-10T14:39:07Z,UggvfOKCqPmMoHgCoAEC
wUn05hdkhjM,"Can&#39;t wait for this movie, Marvel, you have done a damn fine job this year",cant wait for this movie marvel you have done a damn fine job this year,0,2017-04-08T14:25:58Z,2017-04-08T14:25:58Z,Ugj-02cm0HslhXgCoAEC
wUn05hdkhjM,"<a href=""http://www.youtube.com/watch?v=wUn05hdkhjM&amp;t=00m30s"">00:30</a> nooo groot!",0030 nooo groot,0,2017-04-08T02:21:28Z,2017-04-08T02:21:28Z,Ugi8e1XYB0xGrXgCoAEC
wUn05hdkhjM,"i just wanna know what is that song at <a href=""http://www.youtube.com/watch?v=wUn05hdkhjM&amp;t=0m23s"">0:23</a> ...",i just wanna know what is that song at 023 ,0,2017-04-07T20:34:33Z,2017-04-07T20:34:33Z,Ughpr36IdSKtKXgCoAEC
wUn05hdkhjM,Seriously whoever edited this is cray talented,seriously whoever edited this is cray talented,0,2017-04-07T19:55:49Z,2017-04-07T19:55:49Z,UghrSOf9aEsmXXgCoAEC
wUn05hdkhjM,What&#39;s the name of this song playing,whats the name of this song playing,0,2017-04-06T20:57:34Z,2017-04-06T20:57:34Z,UghZlnXb5WwRKXgCoAEC
wUn05hdkhjM,I just noticed Drax is Bautista from WWE...,i just noticed drax is bautista from wwe,0,2017-04-06T07:05:40Z,2017-04-06T07:05:40Z,UgjN21szFQGveXgCoAEC
wUn05hdkhjM,"Can&#39;t get tickets for IMAX 3d or let&#39;s say I don&#39;t want to, The IMAX I go to ain&#39;t running fullscreen and IMAX quality Marvel movies. I went to watch Civil war and Dr. Strange but they disappointed with poor video quality and with only half the screen. Please don&#39;t sell your Movies to IMAX Hyderabad, they don&#39;t maintain High resolution and quality. <br><br>Only defaming your movies are IMAX Hyderabad.","cant get tickets for imax 3d or lets say i dont want to the imax i go to aint running fullscreen and imax quality marvel movies i went to watch civil war and dr strange but they disappointed with poor video quality and with only half the screen please dont sell your movies to imax hyderabad they dont maintain high resolution and quality 

only defaming your movies are imax hyderabad",0,2017-04-06T05:51:59Z,2017-04-06T05:51:59Z,UghktHtcDrNvd3gCoAEC
wUn05hdkhjM,i&#39;m doctor strange<br><br>deadpool : can u fix this ugly face?,"im doctor strange

deadpool  can u fix this ugly face",0,2017-04-03T11:55:42Z,2017-04-03T11:55:42Z,Ugj6oQe6_mODE3gCoAEC
wUn05hdkhjM,Anyone who thought replacing the tower of terror with this was a good idea:<br>You made my little brother cry. I hope you&#39;re real frickin happy,"anyone who thought replacing the tower of terror with this was a good idea
you made my little brother cry i hope youre real frickin happy",1,2017-04-03T03:32:09Z,2017-04-03T03:32:09Z,UgifGYH5PCknqngCoAEC
wUn05hdkhjM,Baby Groot is the best character in this movie,baby groot is the best character in this movie,0,2017-04-02T21:17:18Z,2017-04-02T21:17:18Z,Ugg9D8JROjqebHgCoAEC
wUn05hdkhjM,"Name of the music that starts at <a href=""http://www.youtube.com/watch?v=wUn05hdkhjM&amp;t=1m15s"">1:15</a>?? please someone reply",name of the music that starts at 115 please someone reply,0,2017-04-02T10:04:09Z,2017-04-02T10:04:09Z,UgiFWGQ442okfXgCoAEC
wUn05hdkhjM,"PLEASE, MARVEL: PUT THIS SONG (THE CHAIN) DURING THE MOVIE! PLEASE!!!",please marvel put this song the chain during the movie please,0,2017-04-02T05:44:10Z,2017-04-02T05:44:10Z,Ugj8aoqlMXPYdngCoAEC
wUn05hdkhjM,Okay but the part with Star Lord and Gamora killed me okay THE WAY HE LOOKS AT HER I CAN&#39;T EVEN RN GUYS I&#39;M SO EXCITED FOR THIS MOVIE 😍😭👏,okay but the part with star lord and gamora killed me okay the way he looks at her i cant even rn guys im so excited for this movie ,1,2017-04-02T04:37:31Z,2017-04-02T04:37:31Z,Ugg08JxeAM-y_HgCoAEC
wUn05hdkhjM,funny that both this and doctor strange take place before civil war,funny that both this and doctor strange take place before civil war,0,2017-04-02T04:04:37Z,2017-04-02T04:04:37Z,UghajeFxabc-T3gCoAEC
wUn05hdkhjM,"Draz is literally half serious and half comedy material<br><br>Which doesnt normally fit his character, but hey... its Marvel doing their things again","draz is literally half serious and half comedy material

which doesnt normally fit his character but hey its marvel doing their things again",0,2017-04-01T15:50:10Z,2017-04-01T15:50:10Z,UggQ0D_8T4Jc8ngCoAEC
wUn05hdkhjM,In comic the star load and all characters are not joking,in comic the star load and all characters are not joking,0,2017-04-01T04:36:42Z,2017-04-01T04:36:42Z,Ugges5po_uQgr3gCoAEC
wUn05hdkhjM,Ohblaya bola bola bo,ohblaya bola bola bo,0,2017-03-31T19:55:35Z,2017-03-31T19:55:35Z,UggSqNG0G732d3gCoAEC
wUn05hdkhjM,song?,song,0,2017-03-30T00:48:39Z,2017-03-30T00:48:39Z,UgghyqUftUI1lXgCoAEC
wUn05hdkhjM,awesome 👍,awesome ,1,2017-03-29T18:13:56Z,2017-03-29T18:13:56Z,UgxGYBgPMI1Me4mN7v54AaABAg
wUn05hdkhjM,"<a href=""https://www.youtube.com/watch?v=wUn05hdkhjM&amp;t=1m59s"">1:59</a> WTF is he saying???",159 wtf is he saying,0,2017-03-29T09:08:42Z,2017-03-29T09:08:42Z,Ugx8DwIrm8uf0ZpBPAV4AaABAg
wUn05hdkhjM,SUPERB TRAILER....,superb trailer,0,2017-03-29T05:48:11Z,2017-03-29T05:48:11Z,UgzFoxPL8XbW69XUX754AaABAg
wUn05hdkhjM,What is this song called?,what is this song called,0,2017-03-28T15:18:42Z,2017-03-28T15:18:42Z,Ugw1afwVIIo4drVR-pF4AaABAg
wUn05hdkhjM,And here comes the daddy😂😂,and here comes the daddy,0,2017-03-28T14:19:16Z,2017-03-28T14:19:16Z,UgxVJYyij7_ZxIbgp6Z4AaABAg
wUn05hdkhjM,"Far out Karen Gillan is such an awful actress, everything she says feels so forced. Shame they gave her such a cool character, I noticed it in the first movie and hated her for it. They should have just killed her off.",far out karen gillan is such an awful actress everything she says feels so forced shame they gave her such a cool character i noticed it in the first movie and hated her for it they should have just killed her off,0,2017-03-28T14:14:36Z,2017-03-28T14:14:36Z,UgxNG86gUYof7L0tYM94AaABAg
wUn05hdkhjM,Amy Pond really changed.....,amy pond really changed,0,2017-03-28T13:23:10Z,2017-03-28T13:23:10Z,UgyoQ0PMncYhYv1CnuB4AaABAg
wUn05hdkhjM,Guardians of Anxiety!,guardians of anxiety,0,2017-03-28T04:57:07Z,2017-03-28T04:57:07Z,UgwYRn7_In2TiJhCN-R4AaABAg
wUn05hdkhjM,Another garbage INCOMING ! from marvel,another garbage incoming  from marvel,0,2017-03-27T11:52:14Z,2017-03-27T11:52:14Z,UgwoiNMnRHuxuqd63qR4AaABAg
wUn05hdkhjM,"Im still pissed that they chose to name the Dad&#39;s character Ego.  If he is not a giant planet, then it is not the same character at all, just another character with the same first name.",im still pissed that they chose to name the dads character ego  if he is not a giant planet then it is not the same character at all just another character with the same first name,0,2017-03-27T02:18:31Z,2017-03-27T02:18:31Z,UgxhrEDGAIl7zbTRgpl4AaABAg
wUn05hdkhjM,Marvel MY DID YOU KILL OFF WOLVERINE!!!!!!😡😡😡😡😡😢😢😢😢😢😢😢😢😢😢😢😢😢😢,marvel my did you kill off wolverine,0,2017-03-26T05:38:26Z,2017-03-26T05:38:26Z,Ugy6bqRXgbsXyadS0uN4AaABAg
wUn05hdkhjM,She looks like Yellow Diamond.....,she looks like yellow diamond,0,2017-03-25T21:04:59Z,2017-03-25T21:04:59Z,UgxWQjF8HZSiXp2AdHZ4AaABAg
wUn05hdkhjM,oderei a musica,oderei a musica,0,2017-03-25T04:59:57Z,2017-03-25T04:59:57Z,UgynhvWKCwJPMzvnc794AaABAg
wUn05hdkhjM,"&quot;Pete, I am your father&quot;.  Sounds familiar.  Also.. people in the UK will be expecting cars when they hear The Chain.  Expect a petrolhead backlash.  Just sayin&#39;..",pete i am your father  sounds familiar  also people in the uk will be expecting cars when they hear the chain  expect a petrolhead backlash  just sayin,0,2017-03-24T15:01:47Z,2017-03-24T15:01:47Z,UgwQPTqzPGcKcSFjTKF4AaABAg
wUn05hdkhjM,meh,meh,1,2017-03-21T12:27:20Z,2017-03-21T12:27:20Z,Uggu_ekeGtFicXgCoAEC
wUn05hdkhjM,"Lol Stop releasing trailers, everyone is already sold on this movie.",lol stop releasing trailers everyone is already sold on this movie,0,2017-03-21T04:39:49Z,2017-03-21T04:39:49Z,UghqpG_mFHAElXgCoAEC
wUn05hdkhjM,OMG THEY USED FLEETWOOD MAC&#39;S SONG &quot;The Chain&quot;!!!! YEEESSSSSSS!!,omg they used fleetwood macs song the chain yeeesssssss,0,2017-03-20T16:35:24Z,2017-03-20T16:35:24Z,Ughb2gWbugmysngCoAEC
wUn05hdkhjM,Adam Warlock confirmed. The avenger&#39;s infinity war movies are going to be amazing,adam warlock confirmed the avengers infinity war movies are going to be amazing,3,2017-03-19T00:01:55Z,2017-03-19T00:01:55Z,UgihRivAM4L-q3gCoAEC
wUn05hdkhjM,Wait how is this trailer sexist again,wait how is this trailer sexist again,0,2017-03-18T15:51:36Z,2017-03-18T15:51:36Z,UghXNrGmo4fQoXgCoAEC
wUn05hdkhjM,DIE SPACESHIP!,die spaceship,0,2017-03-18T01:46:08Z,2017-03-18T01:46:08Z,UgiNceajkqWVtXgCoAEC
wUn05hdkhjM,ok debait time marvle vs dc ( we no marvle has already won with 1000000000000000000000 to 0.00000000000000000001,ok debait time marvle vs dc  we no marvle has already won with 1000000000000000000000 to 000000000000000000001,0,2017-03-17T19:46:55Z,2017-03-17T19:46:55Z,UgiLx-svvtHSP3gCoAEC
wUn05hdkhjM,what is the background song,what is the background song,0,2017-03-17T17:35:22Z,2017-03-17T17:35:22Z,UgjxlBdIVOuBkXgCoAEC
wUn05hdkhjM,My body is so ready,my body is so ready,0,2017-03-17T12:46:30Z,2017-03-17T12:46:30Z,UgijfoKA_tbGi3gCoAEC
wUn05hdkhjM,"i think <a href=""http://www.youtube.com/watch?v=wUn05hdkhjM&amp;t=1m46s"">1:46</a> is the best part of the trailer",i think 146 is the best part of the trailer,0,2017-03-16T20:59:32Z,2017-03-16T20:59:32Z,UgjrpaeVGXDcs3gCoAEC
wUn05hdkhjM,and if you dont love me now<br>you will never love me again,"and if you dont love me now
you will never love me again",0,2017-03-16T14:19:25Z,2017-03-16T14:19:25Z,UgiaUs_MDgpDx3gCoAEC
wUn05hdkhjM,This movie is going to be &quot;Legen&quot;  wait for it<br><br>&quot;DARY&quot; .,"this movie is going to be legen  wait for it

dary ",1,2017-03-16T09:04:58Z,2017-03-16T09:04:58Z,UgjpLlhv0J2s6XgCoAEC
wUn05hdkhjM,"Tony Stark, Loki, and Groot are the reasons why the MCU has no stakes.",tony stark loki and groot are the reasons why the mcu has no stakes,1,2017-03-15T13:14:44Z,2017-03-15T13:14:44Z,UghrLUYYZ94mgXgCoAEC
wUn05hdkhjM,Song?,song,0,2017-03-15T04:23:16Z,2017-03-15T04:23:16Z,UggoWWigYSRp3ngCoAEC
wUn05hdkhjM,What is the song in this trailer?,what is the song in this trailer,0,2017-03-15T01:49:23Z,2017-03-15T01:49:23Z,UgiE3_qprn3K6HgCoAEC
wUn05hdkhjM,"This movie is gonna pwn. Kinda odd they made &quot;Ego:The Living Planet&quot; Peter&#39;s Dad as apposed to J-Son from the comics. But at least they got a great actor in Kurt Russel to play him, hopefully he&#39;ll turn into his Planeet form sometime in the movie.",this movie is gonna pwn kinda odd they made egothe living planet peters dad as apposed to json from the comics but at least they got a great actor in kurt russel to play him hopefully hell turn into his planeet form sometime in the movie,0,2017-03-14T22:11:54Z,2017-03-14T22:11:54Z,UgiA224GYyJgi3gCoAEC
wUn05hdkhjM,Gilliaaaaan!!!!!!,gilliaaaaan,0,2017-03-14T14:42:00Z,2017-03-14T14:42:00Z,UghHxa0STa_BkngCoAEC
wUn05hdkhjM,"Hey guys, latest movies of 2017 are up <b>Watch</b> <b>it</b> <b>here</b> - wholemovieonline,com",hey guys latest movies of 2017 are up watch it here  wholemovieonlinecom,0,2017-03-14T04:34:58Z,2017-03-14T04:34:58Z,Ugi2yR9Afd4buXgCoAEC
wUn05hdkhjM,I could watch this trailer all day can&#39;t wait to see it in theaters,i could watch this trailer all day cant wait to see it in theaters,1,2017-03-14T03:35:18Z,2017-03-14T03:35:18Z,Ughoi5jsoNxM3XgCoAEC
wUn05hdkhjM,I seriously cannot wait for this to come out.,i seriously cannot wait for this to come out,5,2017-03-14T02:11:42Z,2017-03-14T02:11:42Z,Ugg84fzcpg-kMXgCoAEC
wUn05hdkhjM,&quot;Die spaceship!&quot;,die spaceship,1,2017-03-13T23:53:46Z,2017-03-13T23:53:46Z,Ugi3cRnQhdo9yngCoAEC
wUn05hdkhjM,<b>Meanwhile with DC</b> <br>DC: <b>I WANNA BE MARVEL!! I WANNA! I WANNA! I WANNA! I WANNA! I WANNA! I WANNA! I WANNA! I WANNA!</b>,"meanwhile with dc 
dc i wanna be marvel i wanna i wanna i wanna i wanna i wanna i wanna i wanna i wanna",1,2017-03-13T23:45:23Z,2017-03-13T23:45:23Z,UgjnNNB3eNfvzHgCoAEC
wUn05hdkhjM,Peter&#39;s dad: after all these years I&#39;ve found you. <br>Peter: who the hell are you?<br>Peter&#39;s dad: I&#39;m your DAD Peter.<br>Awkward moment!,"peters dad after all these years ive found you 
peter who the hell are you
peters dad im your dad peter
awkward moment",0,2017-03-13T19:03:13Z,2017-03-13T19:03:13Z,UghSsSQlYfw8JXgCoAEC
wUn05hdkhjM,heymarvel why dont you make a movie about all ghost riders come together and the bad guys that has been in every ghost rider movie come back to life and then all the ghost riders and all the bad guys have a big war,heymarvel why dont you make a movie about all ghost riders come together and the bad guys that has been in every ghost rider movie come back to life and then all the ghost riders and all the bad guys have a big war,0,2017-03-13T01:27:33Z,2017-03-13T01:27:33Z,Ugj8iwsbHS1T1ngCoAEC
wUn05hdkhjM,Show Time A-Holes!,show time aholes,1,2017-03-12T12:02:24Z,2017-03-12T12:02:24Z,Ugg16V1ex07kWXgCoAEC
wUn05hdkhjM,EGO : I&#39;m your dad peter.<br>peter : noooooo,"ego  im your dad peter
peter  noooooo",2,2017-03-12T08:33:14Z,2017-03-12T08:33:14Z,UghRdB6w7hGuingCoAEC
wUn05hdkhjM,Buen trailer<br>Me fascino,"buen trailer
me fascino",0,2017-03-12T00:50:00Z,2017-03-12T00:50:00Z,UghhQhNdBE4gengCoAEC
wUn05hdkhjM,oh hell yeah. this is going to be awesome.,oh hell yeah this is going to be awesome,1,2017-03-12T00:46:42Z,2017-03-12T00:46:42Z,UghUI3gFTKos13gCoAEC
wUn05hdkhjM,robert knepper have to play mefisto in avengers infinity war,robert knepper have to play mefisto in avengers infinity war,0,2017-03-11T21:16:05Z,2017-03-11T21:16:05Z,UgiembBPDasj03gCoAEC
wUn05hdkhjM,"<a href=""http://www.youtube.com/watch?v=wUn05hdkhjM&amp;t=0m22s"">0:22</a> Music PLEASE?",022 music please,0,2017-03-11T11:23:31Z,2017-03-11T11:23:31Z,Ugi1LvGS2EUfJngCoAEC
wUn05hdkhjM,cadê os BRs aqui????,cadê os brs aqui,0,2017-03-10T20:21:35Z,2017-03-10T20:21:35Z,UggQcH-XBrqeN3gCoAEC
wUn05hdkhjM,Yes! Thanks for using &quot;The Chain&quot;! &quot;This is Formula One.&quot;,yes thanks for using the chain this is formula one,0,2017-03-09T08:50:32Z,2017-03-09T08:50:32Z,UgjqiGEIzIWT8XgCoAEC
wUn05hdkhjM,Universal Church of Truth?,universal church of truth,1,2017-03-08T23:32:03Z,2017-03-08T23:32:03Z,UggeaWRutyMmQngCoAEC
wUn05hdkhjM,"I&#39;m really hoping Taserface is a member of the Stark like he is in the comics, just because it&#39;ll help tie this in to the rest of the MCU a bit more. Also, seeing Vance Astro or Wal Rus at some point would be great.",im really hoping taserface is a member of the stark like he is in the comics just because itll help tie this in to the rest of the mcu a bit more also seeing vance astro or wal rus at some point would be great,0,2017-03-08T19:53:00Z,2017-03-08T19:55:58Z,Ugjw9p2_zlNyQ3gCoAEC
wUn05hdkhjM,WHATs Song ?,whats song ,0,2017-03-08T15:53:16Z,2017-03-08T15:53:16Z,UghBkgOSBYBw6HgCoAEC
wUn05hdkhjM,Pretty Sure it&#39;s gonna be an AWESOME MOVIE!!!!,pretty sure its gonna be an awesome movie,0,2017-03-08T15:00:23Z,2017-03-08T15:00:23Z,UggSIMPdF61FRHgCoAEC
wUn05hdkhjM,KKMX-TCFD,kkmxtcfd,0,2017-03-08T13:11:13Z,2017-03-08T13:11:13Z,UggNyGEH9Yocn3gCoAEC
wUn05hdkhjM,Baby Groot. I want one!,baby groot i want one,0,2017-03-08T12:54:14Z,2017-03-08T12:54:14Z,Ughuq24T70RQ93gCoAEC
wUn05hdkhjM,Drax is right! Family does yell at each other all the time 🙂,drax is right family does yell at each other all the time ,0,2017-03-08T01:41:48Z,2017-03-08T01:41:48Z,UgiV6xOJ2EunyngCoAEC
wUn05hdkhjM,I can&#39;t wait for this movie,i cant wait for this movie,0,2017-03-08T01:23:56Z,2017-03-08T01:23:56Z,UghAWFdAZUmeQngCoAEC
wUn05hdkhjM,Starlord&#39;s dad looks like my bus driver...,starlords dad looks like my bus driver,0,2017-03-07T14:56:42Z,2017-03-07T14:56:42Z,UghW8fT8WyimbngCoAEC
wUn05hdkhjM,Take off short films about the escape of the Rocket.,take off short films about the escape of the rocket,0,2017-03-07T05:05:51Z,2017-03-07T05:05:51Z,Ugjf09LhBq7SD3gCoAEC
wUn05hdkhjM,Marvel can you make a new video game called spider man and iron man vs the evilness of doom,marvel can you make a new video game called spider man and iron man vs the evilness of doom,0,2017-03-07T00:34:21Z,2017-03-07T00:34:21Z,Ugiup_FVv8l6f3gCoAEC
wUn05hdkhjM,YES!  They didn&#39;t use stupid looking CGI for Ego!  Well done!,yes  they didnt use stupid looking cgi for ego  well done,0,2017-03-06T23:32:53Z,2017-03-06T23:32:53Z,UggM_1NmqspV1ngCoAEC
wUn05hdkhjM,"I guess they aren&#39;t &quot;hooked on the feeling&quot; anymore, am I right?... I&#39;m sorry",i guess they arent hooked on the feeling anymore am i right im sorry,3,2017-03-06T14:39:36Z,2017-03-06T14:39:36Z,UggV7D0_r_IEHHgCoAEC
wUn05hdkhjM,Rockets CGI looks really damn good.,rockets cgi looks really damn good,0,2017-03-05T16:14:14Z,2017-03-05T16:14:14Z,UggFNU6AkUszO3gCoAEC
wUn05hdkhjM,"Hey Everyone, <br>Star Lord&#39;s Dad looks like Zeus to me!","hey everyone 
star lords dad looks like zeus to me",0,2017-03-05T10:06:42Z,2017-03-05T10:06:42Z,Ugil9ZjjtUyIxHgCoAEC
wUn05hdkhjM,"so hyped for this movie just from the soundtrack, live GOTG mixtape Vol 1",so hyped for this movie just from the soundtrack live gotg mixtape vol 1,2,2017-03-05T01:54:05Z,2017-03-05T01:54:05Z,UghPOO8h2pduA3gCoAEC
wUn05hdkhjM,The one I&#39;m more excited to see it&#39;s Nebula. I hope they give us more of the crazy sister-like relationship between her and Gamorra.,the one im more excited to see its nebula i hope they give us more of the crazy sisterlike relationship between her and gamorra,7,2017-03-05T00:08:16Z,2017-03-05T00:08:16Z,UgiO4JIDMDItc3gCoAEC
wUn05hdkhjM,"The &quot;family; not friends&quot; thing really has a Fast and Furious vibe, in my opinion.",the family not friends thing really has a fast and furious vibe in my opinion,0,2017-03-05T00:01:52Z,2017-03-05T00:01:52Z,Ugivhy9Gx3mgdHgCoAEC
wUn05hdkhjM,Just when you thought Amy Pond couldn&#39;t get any more sci-fi...or anymore fit,just when you thought amy pond couldnt get any more scifior anymore fit,0,2017-03-04T18:17:53Z,2017-03-04T18:17:53Z,UgjVxg9yzMHPwHgCoAEC
wUn05hdkhjM,"<a href=""http://www.youtube.com/watch?v=wUn05hdkhjM&amp;t=0m33s"">0:33</a> when D.C. admits defeat",033 when dc admits defeat,2,2017-03-04T16:32:59Z,2017-03-04T16:32:59Z,Ugin-L-Y5zyv7XgCoAEC
wUn05hdkhjM,I like baby groot waving,i like baby groot waving,0,2017-03-04T14:08:47Z,2017-03-04T14:08:47Z,UggAwM9lFc-iungCoAEC
wUn05hdkhjM,Marvel ❤,marvel ,0,2017-03-04T14:04:15Z,2017-03-04T14:04:15Z,UgglgqbDkyboXXgCoAEC
wUn05hdkhjM,i really wanna know which variant of the Chain this is. The violins at high tempo paired with the song really works.,i really wanna know which variant of the chain this is the violins at high tempo paired with the song really works,0,2017-03-04T13:06:54Z,2017-03-04T13:06:54Z,Ugg6BSowN-unXHgCoAEC
wUn05hdkhjM,Jokes and more jokes. Absolutely nothing at stake. Why should I even see it?,jokes and more jokes absolutely nothing at stake why should i even see it,0,2017-03-04T11:51:18Z,2017-03-04T11:51:18Z,UgjHWmF8AWj963gCoAEC
wUn05hdkhjM,why is marvel calling this TRAILER 3 last time i check they had released a teaser trailer so where is TRAILER 1 &amp; 2,why is marvel calling this trailer 3 last time i check they had released a teaser trailer so where is trailer 1  2,0,2017-03-04T10:15:26Z,2017-03-04T10:15:26Z,Ugil2Mdy5oVRIngCoAEC
wUn05hdkhjM,I love even more now with Fleetwood Mac &lt;3,i love even more now with fleetwood mac 3,0,2017-03-04T09:22:18Z,2017-03-04T09:22:18Z,UgiGLBYt1UttD3gCoAEC
wUn05hdkhjM,"Hey Guys,<br><br>Did You see that clip from Avengers : Infinity War shooting. It showed Chris Pratt(Star-Lord) , Robert Downey Jr(Iron Man) and Tom Holland(Spider-Man). So I guess GUARDIANS OF THE GALAXY 2&#39;s Post Credit Scene Shows Iron Man and Spider-Man!(As a clip from Avengers:Infinity War!<br>","hey guys

did you see that clip from avengers  infinity war shooting it showed chris prattstarlord  robert downey jriron man and tom hollandspiderman so i guess guardians of the galaxy 2s post credit scene shows iron man and spidermanas a clip from avengersinfinity war
",0,2017-03-04T08:59:48Z,2017-03-05T01:46:00Z,UgjXyPhWJxIHW3gCoAEC
wUn05hdkhjM,Fleetwood Mac FTW,fleetwood mac ftw,0,2017-03-04T07:32:29Z,2017-03-04T07:32:29Z,Uggl-zKfB1QisHgCoAEC
wUn05hdkhjM,Groot looks so sad in this trailer,groot looks so sad in this trailer,0,2017-03-04T06:29:14Z,2017-03-04T06:29:14Z,UghJBmqscBiVuHgCoAEC
wUn05hdkhjM,I think kids have go to see this movie . 2 years old,i think kids have go to see this movie  2 years old,0,2017-03-04T06:24:18Z,2017-03-04T06:24:18Z,UgipQFpa7VedsXgCoAEC
wUn05hdkhjM,I think I saw his dad before !,i think i saw his dad before ,0,2017-03-04T05:53:16Z,2017-03-04T05:53:16Z,UgjwVoJQJhVRyHgCoAEC
wUn05hdkhjM,&quot;After all these years I&#39;ve found you&quot;<br>&quot;But who the heck are you?&quot;<br>&quot;I&#39;m your dad Peter!&quot;<br>- Ego and Peter Quill,"after all these years ive found you
but who the heck are you
im your dad peter
 ego and peter quill",0,2017-03-04T05:49:49Z,2017-03-04T05:49:49Z,UggY2t-NUUpd93gCoAEC
wUn05hdkhjM,I just want Guardians versus Avengers... just for one &quot;get to know you&quot; fight scene. They can be friends afterwards. That is all I want.,i just want guardians versus avengers just for one get to know you fight scene they can be friends afterwards that is all i want,0,2017-03-04T04:23:11Z,2017-03-04T04:23:11Z,UgizRxRueBICpngCoAEC
wUn05hdkhjM,Just release the movie now 😡I can&#39;t wait anymore ☺️😕,just release the movie now i cant wait anymore ,2,2017-03-04T04:19:40Z,2017-03-04T04:19:40Z,Uggj0FxrHo_F6HgCoAEC
wUn05hdkhjM,whats the song groot starts,whats the song groot starts,0,2017-03-04T02:45:59Z,2017-03-04T02:45:59Z,UghjthQuc6_6hXgCoAEC
wUn05hdkhjM,yee,yee,0,2017-03-04T02:30:31Z,2017-03-04T02:30:31Z,UggrAxBYHCubMXgCoAEC
wUn05hdkhjM,the song is perfect,the song is perfect,0,2017-03-03T23:43:39Z,2017-03-03T23:43:39Z,UggjNuGLRM3EfXgCoAEC
wUn05hdkhjM,I hate how people think Kurt Russell playing Peter&#39;s dad is a spoiler when they announced it over half a year ago lol,i hate how people think kurt russell playing peters dad is a spoiler when they announced it over half a year ago lol,0,2017-03-03T22:35:27Z,2017-03-03T22:35:27Z,Ughw7dsJiGi6qXgCoAEC
wUn05hdkhjM,"You know, they told me you were conceited douchebags, but that isn&#39;t true at <i>all</i>.",you know they told me you were conceited douchebags but that isnt true at _all_,0,2017-03-03T22:21:40Z,2017-03-03T22:21:40Z,UggBhpPb0e_5o3gCoAEC
wUn05hdkhjM,"<a href=""http://www.youtube.com/watch?v=wUn05hdkhjM&amp;t=2m07s"">2:07</a> Ego! He&#39;s returning!",207 ego hes returning,0,2017-03-03T20:53:14Z,2017-03-03T20:53:14Z,Ugh7CkaxfXoZe3gCoAEC
wUn05hdkhjM,whats the song?,whats the song,0,2017-03-03T19:50:33Z,2017-03-03T19:50:33Z,UggmBAKnXezYCXgCoAEC
wUn05hdkhjM,groot looks like sackboy from little big planet.,groot looks like sackboy from little big planet,0,2017-03-03T19:06:45Z,2017-03-03T19:06:45Z,UggJuP6_KPFzq3gCoAEC
wUn05hdkhjM,what is the song,what is the song,0,2017-03-03T17:27:48Z,2017-03-03T17:27:48Z,UggHKZ5CJk3nUngCoAEC
wUn05hdkhjM,"<a href=""http://www.youtube.com/watch?v=wUn05hdkhjM&amp;t=1m25s"">1:25</a> When you&#39;re in deep shit but your friend still wants to hang out.",125 when youre in deep shit but your friend still wants to hang out,1,2017-03-03T17:27:39Z,2017-03-03T17:27:39Z,UghX9zSkse1R03gCoAEC
wUn05hdkhjM,&quot; DIE ! Spaceship ! &quot; :D, die  spaceship   d,0,2017-03-03T17:25:38Z,2017-03-03T17:25:38Z,UggF0OekyLzfUXgCoAEC
wUn05hdkhjM,"Awesome! The only enjoyable movie series from Marvel Studios, IMO.",awesome the only enjoyable movie series from marvel studios imo,0,2017-03-03T09:13:04Z,2017-03-03T09:13:04Z,Ugh3Oi0q-S_2ZngCoAEC
wUn05hdkhjM,Best visual effects ever??,best visual effects ever,0,2017-03-03T09:05:53Z,2017-03-03T09:05:53Z,Ugjp6QxlQkPT83gCoAEC
wUn05hdkhjM,THE CHAIN THO,the chain tho,0,2017-03-03T08:19:07Z,2017-03-03T08:19:07Z,UgjVFX2pAcJ2XngCoAEC
wUn05hdkhjM,My gosh marvel! You pulled of a Batman v Superman at the end,my gosh marvel you pulled of a batman v superman at the end,1,2017-03-03T07:40:54Z,2017-03-03T07:40:54Z,Ugg0HlHj6SAolHgCoAEC
wUn05hdkhjM,"so technically, Peter&#39;s mother was f**ked by a planet....",so technically peters mother was fked by a planet,0,2017-03-03T06:45:10Z,2017-03-03T06:45:10Z,Ugi_XDfOc2wnlHgCoAEC
wUn05hdkhjM,THE HYPE IS REAL,the hype is real,0,2017-03-03T05:35:47Z,2017-03-03T05:35:47Z,Ugi2i22A7GKGY3gCoAEC
wUn05hdkhjM,"<a href=""http://www.youtube.com/watch?v=wUn05hdkhjM&amp;t=1m28s"">1:28</a> star-lord straight dumping on someone. sick AF",128 starlord straight dumping on someone sick af,0,2017-03-03T04:10:33Z,2017-03-03T04:10:33Z,UgjQ0bHLH1kuO3gCoAEC
wUn05hdkhjM,"So, are the golden guys supposed to be the Church of Universal Truth?",so are the golden guys supposed to be the church of universal truth,0,2017-03-03T03:35:30Z,2017-03-03T03:35:30Z,UggpbyamQoG1BHgCoAEC
wUn05hdkhjM,Why can&#39;t D.C. Make a green lantern corp movie this good.,why cant dc make a green lantern corp movie this good,0,2017-03-03T02:48:18Z,2017-03-03T02:48:18Z,Uggq3ecdyEh-T3gCoAEC
wUn05hdkhjM,I&#39;m kinda hoping we get some kind of Thing easter egg now,im kinda hoping we get some kind of thing easter egg now,0,2017-03-03T01:55:46Z,2017-03-03T01:55:46Z,UgiGpzYh1qer73gCoAEC
wUn05hdkhjM,What did nebula yell out when she was in the Milano? It sounded an awful lot like &quot;PHINEAS!&quot;,what did nebula yell out when she was in the milano it sounded an awful lot like phineas,0,2017-03-03T01:46:59Z,2017-03-03T01:46:59Z,Ugi-Azl9NOepQngCoAEC
wUn05hdkhjM,"im was expecting it to be a thanos -ish movie, turns out im wrong.",im was expecting it to be a thanos ish movie turns out im wrong,0,2017-03-03T01:24:17Z,2017-03-03T01:24:17Z,Ugjm7MhFqgNkAHgCoAEC
wUn05hdkhjM,"im was expecting it to be a thanos -ish movie, turns out im wrong.",im was expecting it to be a thanos ish movie turns out im wrong,0,2017-03-03T01:24:01Z,2017-03-03T01:24:01Z,UghSiC_Sq7jY6ngCoAEC
wUn05hdkhjM,KURT RUSSELL IS EGO!!! I will be very disappointed if we don&#39;t see him as a planet in the movie. VERY DISAPPOINTED.,kurt russell is ego i will be very disappointed if we dont see him as a planet in the movie very disappointed,0,2017-03-03T01:19:47Z,2017-03-03T01:19:47Z,UgiqCNVzsD09bngCoAEC
wUn05hdkhjM,FLEETWOOD MAC!,fleetwood mac,0,2017-03-03T01:18:56Z,2017-03-03T01:18:56Z,UgizM93tNPYkWXgCoAEC
wUn05hdkhjM,Song?????,song,0,2017-03-03T01:12:08Z,2017-03-03T01:12:08Z,UgjAMYFDfEZI03gCoAEC
wUn05hdkhjM,Suicide Squad SUCK!!!<br>Guardians of the Galaxy RULES!!!!!!!!!!!!!,"suicide squad suck
guardians of the galaxy rules",1,2017-03-03T01:09:12Z,2017-03-03T01:09:12Z,UghYsrlzM4WMfXgCoAEC
wUn05hdkhjM,What&#39;s the name of the song?,whats the name of the song,0,2017-03-03T00:56:58Z,2017-03-03T00:56:58Z,UghLduxG6xIJoXgCoAEC
wUn05hdkhjM,This advertisement is fracking awesome,this advertisement is fracking awesome,0,2017-03-03T00:40:41Z,2017-03-03T00:40:41Z,UgidTq7gSShIDngCoAEC
wUn05hdkhjM,ok first there was this song and this version is AWESOME!!!,ok first there was this song and this version is awesome,0,2017-03-03T00:33:28Z,2017-03-03T00:33:28Z,UghzOZ6y0SnnFXgCoAEC
wUn05hdkhjM,"NONONONONONONOOOOOOOOOOOOOOOOOOOOOOOOOOOOOOOOOOOOOOOOOOOOOOOOOOOOO<br>Why did marvel have to include &quot;I&#39;m your dad, peter&quot;!?!? They should have left off of &quot;Who the hell are you&quot; then show him so people ACTUALLY WATCH THE MOVIE!!! Marvel, don&#39;t get me wrong, I LOVE you guys, you are my life. But maybe take some classes on trailer making? And I swear, if one of those &quot;trailer analysis&quot; channels put that &quot;Star Lord&#39;s DAD was on the trailer&quot; sort of thing on their &quot;Top 8 things missed in the NEW Guardians of the Galaxy trailer&quot; I&#39;m going to lose it.","nononononononooooooooooooooooooooooooooooooooooooooooooooooooooooo
why did marvel have to include im your dad peter they should have left off of who the hell are you then show him so people actually watch the movie marvel dont get me wrong i love you guys you are my life but maybe take some classes on trailer making and i swear if one of those trailer analysis channels put that star lords dad was on the trailer sort of thing on their top 8 things missed in the new guardians of the galaxy trailer im going to lose it",1,2017-03-03T00:06:58Z,2017-03-03T00:07:46Z,UgjWfpvSmKTSwngCoAEC
wUn05hdkhjM,A group of misfits who have saved the Galaxy and have become the most popular in the Marvel Cinematic Universe. Thanks to James Gunn and this awsome Cast !!!!,a group of misfits who have saved the galaxy and have become the most popular in the marvel cinematic universe thanks to james gunn and this awsome cast ,1,2017-03-02T23:50:38Z,2017-03-02T23:50:38Z,UgiUmNjIADa5QHgCoAEC
wUn05hdkhjM,"Yondu has finally got his Mohawk back! Great trailer as well, Love Fleetwood Mac.",yondu has finally got his mohawk back great trailer as well love fleetwood mac,1,2017-03-02T22:52:02Z,2017-03-02T22:52:02Z,UgjVZya7vxmRBHgCoAEC
wUn05hdkhjM,Very.. very.. can&#39;t wait hhh,very very cant wait hhh,0,2017-03-02T22:51:25Z,2017-03-02T22:51:25Z,UghTtn39gBc1FHgCoAEC
wUn05hdkhjM,So damn excited for this!!,so damn excited for this,1,2017-03-02T22:31:32Z,2017-03-02T22:31:32Z,Ugik_Nze5c6RE3gCoAEC
wUn05hdkhjM,"I&#39;m your dad, dear...",im your dad dear,0,2017-03-02T22:31:02Z,2017-03-02T22:31:02Z,UgijCIL_UhKEongCoAEC
wUn05hdkhjM,Are You Sure About That,are you sure about that,0,2017-03-02T22:24:53Z,2017-03-02T22:24:53Z,UgjgyN6TINBM5XgCoAEC
wUn05hdkhjM,Who plays Starlord&#39;s dad?,who plays starlords dad,0,2017-03-02T22:24:26Z,2017-03-02T22:24:26Z,UgjF1hxiUDQC4XgCoAEC
wUn05hdkhjM,I only have this to say:  Shut up and take my money,i only have this to say  shut up and take my money,1,2017-03-02T22:22:43Z,2017-03-02T22:22:43Z,UgjlGwbvOfAWqHgCoAEC
wUn05hdkhjM,i love baby groot :&quot;D,i love baby groot d,0,2017-03-02T22:15:52Z,2017-03-02T22:15:52Z,UghTqrh10qHxRXgCoAEC
wUn05hdkhjM,I wish Gamora was my partner,i wish gamora was my partner,0,2017-03-02T22:02:48Z,2017-03-02T22:02:48Z,UghYD5o07KrYcngCoAEC
wUn05hdkhjM,Logan was awesome.,logan was awesome,0,2017-03-02T21:08:49Z,2017-03-02T21:08:49Z,UggwUBt3SgP19XgCoAEC
wUn05hdkhjM,What&#39;s the name of the soundtrack? I&#39;m loving it,whats the name of the soundtrack im loving it,0,2017-03-02T20:50:01Z,2017-03-02T20:50:01Z,UggTsMUawaRw03gCoAEC
wUn05hdkhjM,what is the name of this song?,what is the name of this song,0,2017-03-02T20:24:35Z,2017-03-02T20:24:35Z,Ugho6ZX_QlSoZngCoAEC
wUn05hdkhjM,...........Wow.,wow,0,2017-03-02T20:22:20Z,2017-03-02T20:22:20Z,Ugg_GIcLaI_EoXgCoAEC
wUn05hdkhjM,"love the song, and the whole soundtrack very soon! Super excited!",love the song and the whole soundtrack very soon super excited,1,2017-03-02T19:54:59Z,2017-03-02T19:54:59Z,UghtuPZSCi872XgCoAEC
wUn05hdkhjM,"THIS IS GAMORA. SHE&#39;S GOT MY BACK. I&#39;D ADVISE NOT GETTING KILLED BY HER, HER SWORD TRAPS THE SOULS OF ITS VICTIMS.",this is gamora shes got my back id advise not getting killed by her her sword traps the souls of its victims,11,2017-03-02T18:53:21Z,2017-03-02T18:53:21Z,Ugh6dd16VBF5MXgCoAEC
wUn05hdkhjM,:0,0,0,2017-03-02T18:38:41Z,2017-03-02T18:38:41Z,UgjgJBSkR_n_lHgCoAEC
wUn05hdkhjM,Looks awesome!,looks awesome,0,2017-03-02T18:28:52Z,2017-03-02T18:28:52Z,UghPNRnwuMKn3XgCoAEC
wUn05hdkhjM,Ego had better turn out to be a bearded planet!,ego had better turn out to be a bearded planet,0,2017-03-02T18:21:26Z,2017-03-02T18:21:26Z,Uggst-6a_eu9PHgCoAEC
wUn05hdkhjM,I loved playing that old school electronic football game as a kid.,i loved playing that old school electronic football game as a kid,0,2017-03-02T18:01:30Z,2017-03-02T18:01:30Z,Ugi1LgbkDGb7C3gCoAEC
wUn05hdkhjM,"at <a href=""http://www.youtube.com/watch?v=wUn05hdkhjM&amp;t=1m58s"">1:58</a> , you realise that Nebula is actually thrice as tall as Rocket.<br>skadoosh!","at 158  you realise that nebula is actually thrice as tall as rocket
skadoosh",0,2017-03-02T17:35:21Z,2017-03-02T17:35:21Z,Uggl4ZN72UhIzXgCoAEC
wUn05hdkhjM,"62 DC fans , dislike and cry somewhere",62 dc fans  dislike and cry somewhere,0,2017-03-02T17:13:55Z,2017-03-02T17:13:55Z,UgilBPAS1nM7MHgCoAEC
wUn05hdkhjM,baby grooooottttt!!!,baby grooooottttt,0,2017-03-02T17:13:12Z,2017-03-02T17:13:12Z,UgjdmB5r0-OueHgCoAEC
wUn05hdkhjM,So damn late...,so damn late,0,2017-03-02T17:10:15Z,2017-03-02T17:10:15Z,UgjZlI-DYxTy4HgCoAEC
wUn05hdkhjM,watch it for baby groot,watch it for baby groot,1,2017-03-02T17:04:30Z,2017-03-02T17:04:30Z,UgicWTv8e1SsQXgCoAEC
wUn05hdkhjM,We want wolverine in the avengers,we want wolverine in the avengers,1,2017-03-02T16:59:39Z,2017-03-02T16:59:39Z,UghaFBBdx1AahngCoAEC
wUn05hdkhjM,I can totally picture Yondu killing an entire army while doing the Kill Bill whistle.,i can totally picture yondu killing an entire army while doing the kill bill whistle,0,2017-03-02T16:55:56Z,2017-03-02T16:55:56Z,UgjYH8Ts9XrZwHgCoAEC
wUn05hdkhjM,When the music started you started dancing no don&#39;t lie you did,when the music started you started dancing no dont lie you did,0,2017-03-02T16:48:07Z,2017-03-02T16:48:07Z,UggxVHb0INZR1HgCoAEC
wUn05hdkhjM,"Soy el comentario , en español que buscabas :v<br><br>QUE TENGAS BUEN DIA ,TARDES NOCHES :D","soy el comentario  en español que buscabas v

que tengas buen dia tardes noches d",0,2017-03-02T16:46:04Z,2017-03-02T16:46:04Z,Uggnc_63v-snO3gCoAEC
wUn05hdkhjM,This movie will be promising and fun in every sense of the word! :D,this movie will be promising and fun in every sense of the word d,0,2017-03-02T16:31:47Z,2017-03-02T16:31:47Z,UggmEGAE50PxaXgCoAEC
wUn05hdkhjM,"he should have said &quot;PETER, I AM YOUR FATHER&quot;",he should have said peter i am your father,0,2017-03-02T16:24:06Z,2017-03-02T16:24:06Z,UgicRYrte2_8U3gCoAEC
wUn05hdkhjM,superb!,superb,0,2017-03-02T16:07:18Z,2017-03-02T16:07:18Z,UgjkT39gGjCdsXgCoAEC
wUn05hdkhjM,remember Flash Gordon,remember flash gordon,0,2017-03-02T16:05:48Z,2017-03-02T16:05:48Z,Uggp_-dDNvOsOngCoAEC
wUn05hdkhjM,3 guardians trailers but not one thor trailer,3 guardians trailers but not one thor trailer,0,2017-03-02T15:58:38Z,2017-03-02T15:58:38Z,UgjE6kOdHKOyengCoAEC
wUn05hdkhjM,What&#39;s the name of this music!?,whats the name of this music,0,2017-03-02T15:57:33Z,2017-03-02T15:57:33Z,UghJ3ZHYCJEcnngCoAEC
wUn05hdkhjM,"Peter, I am your father",peter i am your father,0,2017-03-02T15:51:43Z,2017-03-02T15:51:43Z,Ugh0SeZhmjc_1ngCoAEC
wUn05hdkhjM,looks amazing,looks amazing,0,2017-03-02T15:40:33Z,2017-03-02T15:40:33Z,UghjX1w_LdOiCXgCoAEC
wUn05hdkhjM,Dude.. Flynn&#39;s dad is Kurt Russell!,dude flynns dad is kurt russell,0,2017-03-02T15:38:28Z,2017-03-02T15:38:28Z,UghSb-ptwIbLcngCoAEC
wUn05hdkhjM,"<a href=""http://www.youtube.com/watch?v=wUn05hdkhjM&amp;t=1m29s"">1:29</a> same reaction of mine after watching this trailer..😎😎",129 same reaction of mine after watching this trailer,0,2017-03-02T15:37:40Z,2017-03-02T15:37:40Z,UgjXRUeM0MAN7HgCoAEC
wUn05hdkhjM,"Watch out!!!<br>Leaked &#39;spoiler&#39; at <a href=""http://www.youtube.com/watch?v=wUn05hdkhjM&amp;t=2m08s"">2:08</a>!<br><br>What.. I tried to warn you.","watch out
leaked spoiler at 208

what i tried to warn you",0,2017-03-02T15:30:31Z,2017-03-02T15:30:31Z,UgjlR_0Zj2Rl8XgCoAEC
wUn05hdkhjM,So the villains are basically the Nazis,so the villains are basically the nazis,0,2017-03-02T15:28:40Z,2017-03-02T15:28:40Z,UghEKUGe5u3jZ3gCoAEC
wUn05hdkhjM,",Show time&quot;<br>&quot;.A-holes","show time
aholes",0,2017-03-02T15:26:28Z,2017-03-02T15:26:28Z,UgjGxDo4wECSNngCoAEC
wUn05hdkhjM,Did anyone realize the machine Star lord is using to track the monster in the beginning is a retro portable football game remember from back then,did anyone realize the machine star lord is using to track the monster in the beginning is a retro portable football game remember from back then,0,2017-03-02T15:20:52Z,2017-03-02T15:20:52Z,Ugj8dtbbN9VPgngCoAEC
wUn05hdkhjM,EPIC AND GORGEUS XD,epic and gorgeus xd,0,2017-03-02T15:19:41Z,2017-03-02T15:19:41Z,Ugi-v4GFgyzewngCoAEC
wUn05hdkhjM,"Evil laugh at <a href=""http://www.youtube.com/watch?v=wUn05hdkhjM&amp;t=0m18s"">0:18</a>? MAGUS?",evil laugh at 018 magus,0,2017-03-02T15:18:38Z,2017-03-02T15:18:38Z,UggY8C5uQjR51HgCoAEC
wUn05hdkhjM,THIS IS GUNNA BE AMAZING,this is gunna be amazing,0,2017-03-02T15:17:29Z,2017-03-02T15:17:29Z,UggUuyEIIfqKk3gCoAEC
wUn05hdkhjM,"A:Oh!family family family,really?<br>B:okok, then family.","aohfamily family familyreally
bokok then family",0,2017-03-02T15:17:29Z,2017-03-02T15:17:29Z,UgiKxYYc59jUS3gCoAEC
wUn05hdkhjM,VAI SER MT LOKO,vai ser mt loko,0,2017-03-02T15:04:28Z,2017-03-02T15:04:28Z,UgjxZRz743wuzHgCoAEC
wUn05hdkhjM,:D,d,0,2017-03-02T15:02:41Z,2017-03-02T15:02:41Z,UgjH9WxFrJdd83gCoAEC
wUn05hdkhjM,"Awesome, now where do I spend all my money on merchandise?",awesome now where do i spend all my money on merchandise,0,2017-03-02T15:02:26Z,2017-03-02T15:02:26Z,UggCBem9ljdYF3gCoAEC
wUn05hdkhjM,"New hero girl!!! <a href=""https://www.instagram.com/p/BRGVN8mgksV/"">https://www.instagram.com/p/BRGVN8mgksV/</a>",new hero girl httpswwwinstagramcompbrgvn8mgksv,0,2017-03-02T15:02:19Z,2017-03-02T15:02:19Z,UggX5E5-IkwdeHgCoAEC
wUn05hdkhjM,Thumbnail: Guardians of the Galaxy Vo&#39;,thumbnail guardians of the galaxy vo,0,2017-03-02T14:55:49Z,2017-03-02T14:57:31Z,UgiGI8EbZWgUnngCoAEC
wUn05hdkhjM,Who is on the hype train right freakin now?,who is on the hype train right freakin now,0,2017-03-02T14:50:51Z,2017-03-02T14:51:03Z,UghtOdLiMq9vungCoAEC
wUn05hdkhjM,What is the song,what is the song,0,2017-03-02T14:44:53Z,2017-03-02T14:44:53Z,Uggv0j-WIE1f3HgCoAEC
wUn05hdkhjM,está genial la  peli,está genial la  peli,0,2017-03-02T14:43:25Z,2017-03-02T14:43:49Z,Ugh2WUqghbvVbngCoAEC
wUn05hdkhjM,better then the first ones but to much spoilers,better then the first ones but to much spoilers,0,2017-03-02T14:42:16Z,2017-03-02T14:42:16Z,UghrhHpr54ygvXgCoAEC
wUn05hdkhjM,What&#39;s this music?,whats this music,0,2017-03-02T14:42:16Z,2017-03-02T14:42:16Z,UghauzmZzFEvb3gCoAEC
wUn05hdkhjM,Where do i pre-order tickets?,where do i preorder tickets,0,2017-03-02T14:40:34Z,2017-03-02T14:40:34Z,UgiQDenzZfoLK3gCoAEC
wUn05hdkhjM,I love how groot is just like &quot;hi gamora!! Hi hi hi!&quot;<br>And she&#39;s like &quot;Hi&quot; but she&#39;s thinking &quot;I&#39;m a bit busy right now&quot;,"i love how groot is just like hi gamora hi hi hi
and shes like hi but shes thinking im a bit busy right now",11,2017-03-02T14:38:35Z,2017-03-02T14:38:35Z,UgjkCPIt_kbhN3gCoAEC
wUn05hdkhjM,"And then there&#39;s me, who&#39;s parents won&#39;t just up and let me watch the first one!!! (Sigh)",and then theres me whos parents wont just up and let me watch the first one sigh,0,2017-03-02T14:37:03Z,2017-03-02T14:37:03Z,UgivrKOAElG0-HgCoAEC
wUn05hdkhjM,I thought I see the meteor struck on mantis again,i thought i see the meteor struck on mantis again,0,2017-03-02T14:36:12Z,2017-03-02T14:36:12Z,UgjI1BXvofcMU3gCoAEC
wUn05hdkhjM,"Kurt put a bit of John Wayne in his voice again! &quot;I&#39;m your <b>dad</b>, pilgrim.&quot;",kurt put a bit of john wayne in his voice again im your dad pilgrim,0,2017-03-02T14:35:20Z,2017-03-02T14:35:20Z,UggziHc8LzAN53gCoAEC
wUn05hdkhjM,am i the only one who thought about the &#39;&#39;am your space dad&#39;&#39;from megamind XD,am i the only one who thought about the am your space dadfrom megamind xd,0,2017-03-02T14:32:41Z,2017-03-02T14:32:41Z,UgidGsg2gIrVy3gCoAEC
wUn05hdkhjM,Nathan Drake... That 2-Bit Sone of a Thief,nathan drake that 2bit sone of a thief,0,2017-03-02T14:31:24Z,2017-03-02T14:31:24Z,UgjZV07R7KkXwXgCoAEC
wUn05hdkhjM,..... what&#39;s the name of this song?, whats the name of this song,0,2017-03-02T14:31:17Z,2017-03-02T14:31:17Z,UghnmrMfVbvAcngCoAEC
wUn05hdkhjM,Soundtrack is going PLATINUM again for sure!! Classic Fleetwood Mac! 😭🙌🏽,soundtrack is going platinum again for sure classic fleetwood mac ,0,2017-03-02T14:28:49Z,2017-03-02T14:28:49Z,UgirpfIYARAq6ngCoAEC
wUn05hdkhjM,DIE SPACESHIP!!,die spaceship,0,2017-03-02T14:28:05Z,2017-03-02T14:28:05Z,UgjIPVpC8i8csXgCoAEC
wUn05hdkhjM,LOGAN IS THE BEST!,logan is the best,0,2017-03-02T14:27:53Z,2017-03-02T14:27:53Z,Ugh5gNSX3x2AgngCoAEC
wUn05hdkhjM,Yesssssssssss!!! Baby Groot is adorable!! 😍😍,yesssssssssss baby groot is adorable ,0,2017-03-02T14:26:04Z,2017-03-02T14:26:04Z,UggaAyu7GijezXgCoAEC
wUn05hdkhjM,"<a href=""http://www.youtube.com/watch?v=wUn05hdkhjM&amp;t=2m16s"">2:16</a> alternate scene<br>star lord:noooo,that&#39;s not truee,that&#39;s impossiblee<br>ego:search your feelings you know it to be true<br>star lord:nooooooooo","216 alternate scene
star lordnoooothats not trueethats impossiblee
egosearch your feelings you know it to be true
star lordnooooooooo",7,2017-03-02T14:24:04Z,2017-03-02T14:24:04Z,UgjbdUUd-ZNvMHgCoAEC
wUn05hdkhjM,which music did you use in this trailer,which music did you use in this trailer,0,2017-03-02T14:20:23Z,2017-03-02T14:20:23Z,UghzF_L6lIEmJngCoAEC
wUn05hdkhjM,Kick ass trailer guardians   back better than ever,kick ass trailer guardians   back better than ever,0,2017-03-02T14:14:35Z,2017-03-02T14:14:35Z,UgjGA7LhSa_l63gCoAEC
wUn05hdkhjM,what was it that Drax says right after saying &quot;family.&quot;,what was it that drax says right after saying family,0,2017-03-02T14:11:26Z,2017-03-02T14:11:26Z,Ugjl41l5982VangCoAEC
wUn05hdkhjM,"Yes, we&#39;re saving the galaxy again.",yes were saving the galaxy again,1,2017-03-02T14:08:24Z,2017-03-02T14:08:24Z,UghFkC25oDXmW3gCoAEC
wUn05hdkhjM,MOVIE OF THE YEAR &lt;3,movie of the year 3,1,2017-03-02T14:07:42Z,2017-03-02T14:07:42Z,Ught9Cy0xic2QXgCoAEC
wUn05hdkhjM,That moment when your late,that moment when your late,0,2017-03-02T14:07:17Z,2017-03-02T14:07:17Z,UgjDwMnnlt87hHgCoAEC
wUn05hdkhjM,Thank you and God bless,thank you and god bless,0,2017-03-02T14:03:27Z,2017-03-02T14:03:27Z,UggjceWlm_29GXgCoAEC
wUn05hdkhjM,"&quot;You are not friends&quot;<br><br>&quot;No, we are family&quot;<br><br>That makes me cry.","you are not friends

no we are family

that makes me cry",22,2017-03-02T13:56:03Z,2017-03-02T13:56:03Z,Ugj8ks-T53pp8ngCoAEC
wUn05hdkhjM,"which song it is from <a href=""http://www.youtube.com/watch?v=wUn05hdkhjM&amp;t=0m48s"">0:48</a>",which song it is from 048,0,2017-03-02T13:55:14Z,2017-03-02T13:55:14Z,UgipSqDCcZUaHHgCoAEC
wUn05hdkhjM,Okay Marvel that last bit didn&#39;t need to be there. It would have been so much better to find out Starlord has a dad while watching the movie. You just gave a big spoiler to viewers with less knowledge of the comics. It would pay off more to see it on the bigscreen but no you went ahead and pulled a Terminator Genesis and look at that ended.,okay marvel that last bit didnt need to be there it would have been so much better to find out starlord has a dad while watching the movie you just gave a big spoiler to viewers with less knowledge of the comics it would pay off more to see it on the bigscreen but no you went ahead and pulled a terminator genesis and look at that ended,0,2017-03-02T13:50:57Z,2017-03-02T13:50:57Z,UgjVA-jUWj3bOngCoAEC
wUn05hdkhjM,"<a href=""http://www.youtube.com/watch?v=wUn05hdkhjM&amp;t=0m50s"">0:50</a> is Groot eating M&amp;Ms?",050 is groot eating mms,1,2017-03-02T13:50:15Z,2017-03-02T13:50:15Z,UgjehYnkjMHCQXgCoAEC
wUn05hdkhjM,"Supposedly an official video, but no closed captions? Just the auto-generated rubbish? Come on, why do you hate deaf people so much?",supposedly an official video but no closed captions just the autogenerated rubbish come on why do you hate deaf people so much,0,2017-03-02T13:48:47Z,2017-03-02T13:48:47Z,Ugi1shE9OT5T73gCoAEC
wUn05hdkhjM,is this gonna be good,is this gonna be good,0,2017-03-02T13:48:06Z,2017-03-02T13:48:06Z,UgjQwj-flNypyXgCoAEC
wUn05hdkhjM,WELCOME TO FREAKING GUARDIAN OF THE GALAXY,welcome to freaking guardian of the galaxy,0,2017-03-02T13:39:19Z,2017-03-02T13:39:19Z,UgjvkMKExkKmwngCoAEC
wUn05hdkhjM,WOOW!!!,woow,0,2017-03-02T13:33:34Z,2017-03-02T13:33:34Z,UgjknhyFmXQiaXgCoAEC
wUn05hdkhjM,I love Marval Hero&#39;s,i love marval heros,0,2017-03-02T13:31:19Z,2017-03-02T13:31:19Z,UgijOG5bK4_FnHgCoAEC
wUn05hdkhjM,"Basically, a Farscape movie",basically a farscape movie,0,2017-03-02T13:29:52Z,2017-03-02T13:29:52Z,UgiSv1G5qRVa2ngCoAEC
wUn05hdkhjM,DIE SPACESHIP!!! lol,die spaceship lol,0,2017-03-02T13:28:05Z,2017-03-02T13:28:05Z,Ugj0-Bs8VPdRangCoAEC
wUn05hdkhjM,DC Suicide Squad should be really jealous... Wait they won an Oscar never mine,dc suicide squad should be really jealous wait they won an oscar never mine,0,2017-03-02T13:27:43Z,2017-03-02T13:27:43Z,Ugjv95nyZcQq1XgCoAEC
wUn05hdkhjM,<b>&quot;And Who The Hell Are You&quot;</b><br><b>&quot;I&#39;m Your Father Luke... I Mean I&#39;m Your Dad Peter&quot;</b>,"and who the hell are you
im your father luke i mean im your dad peter",7,2017-03-02T13:25:45Z,2017-03-02T13:25:45Z,UgiRWyyyqJ7vGXgCoAEC
wUn05hdkhjM,AWESOME,awesome,0,2017-03-02T13:24:49Z,2017-03-02T13:24:49Z,Ugh7ZU5PHRiPmngCoAEC
wUn05hdkhjM,Name song please,name song please,0,2017-03-02T13:23:06Z,2017-03-02T13:23:06Z,Ughc9cpmzm8xdHgCoAEC
wUn05hdkhjM,can&#39;t wait for the movie.......,cant wait for the movie,0,2017-03-02T13:15:59Z,2017-03-02T13:15:59Z,UgiAn-5yC_ttJHgCoAEC
wUn05hdkhjM,I think it would have been better if the trailer cut off after Peter says &quot;Who the hell are you?&quot;,i think it would have been better if the trailer cut off after peter says who the hell are you,0,2017-03-02T13:12:27Z,2017-03-02T13:12:27Z,Ughkw7OZjeOcaHgCoAEC
wUn05hdkhjM,"Guys, guys. SPOILERS.",guys guys spoilers,0,2017-03-02T13:04:53Z,2017-03-02T13:04:53Z,Uggidnlop61elXgCoAEC
wUn05hdkhjM,Marvel is life.,marvel is life,1,2017-03-02T13:04:07Z,2017-03-02T13:04:07Z,UgjlrB97Z3a-JHgCoAEC
wUn05hdkhjM,"groot, put your seatbelt on.",groot put your seatbelt on,0,2017-03-02T13:03:25Z,2017-03-02T13:03:25Z,UgiKD96qnNuMungCoAEC
wUn05hdkhjM,It also looks like their babysitting Groot so...<br>Guardians of the (baby) Groot?,"it also looks like their babysitting groot so
guardians of the baby groot",0,2017-03-02T12:58:00Z,2017-03-02T12:58:00Z,UgikIDQovYs5cXgCoAEC
wUn05hdkhjM,Still no Nova? Oh well.,still no nova oh well,0,2017-03-02T12:54:36Z,2017-03-02T12:54:36Z,Ugh7jNd0tYVXqXgCoAEC
wUn05hdkhjM,Idk why but image of groot eating candy in a massive seat is just so adorable,idk why but image of groot eating candy in a massive seat is just so adorable,0,2017-03-02T12:50:00Z,2017-03-02T12:50:09Z,Ugh231QsiIwt33gCoAEC
wUn05hdkhjM,I hope Mr Spoiler gets Kylo Ren&#39;d!,i hope mr spoiler gets kylo rend,0,2017-03-02T12:47:51Z,2017-03-02T12:47:51Z,UghIpNl57fBeY3gCoAEC
wUn05hdkhjM,The People who dislike this are idiots.,the people who dislike this are idiots,0,2017-03-02T12:45:40Z,2017-03-02T12:45:40Z,UggsDK92a74ecngCoAEC
wUn05hdkhjM,Stuff just got real.,stuff just got real,0,2017-03-02T12:43:41Z,2017-03-02T12:43:41Z,UgjwCixH0YOkiXgCoAEC
wUn05hdkhjM,"<a href=""http://www.youtube.com/watch?v=wUn05hdkhjM&amp;t=0m30s"">0:30</a> Baby Groot scared",030 baby groot scared,0,2017-03-02T12:36:34Z,2017-03-02T12:36:34Z,UggKprhoKb9x9XgCoAEC
wUn05hdkhjM,I cant wait for see that!,i cant wait for see that,0,2017-03-02T12:32:45Z,2017-03-02T12:32:45Z,UghLrLtwBDU9rHgCoAEC
wUn05hdkhjM,I thought he was gonna say<br>&quot;I&#39;m your dad bitch&quot;,"i thought he was gonna say
im your dad bitch",0,2017-03-02T12:32:31Z,2017-03-02T12:32:31Z,UggaVtOMPq45HngCoAEC
wUn05hdkhjM,is that a rifle?,is that a rifle,0,2017-03-02T12:31:44Z,2017-03-02T12:31:44Z,UghIm35_ldKl3ngCoAEC
wUn05hdkhjM,i love how we know that kurt russel is peters dad before marvel released the trailer,i love how we know that kurt russel is peters dad before marvel released the trailer,7,2017-03-02T12:31:03Z,2017-03-02T12:31:03Z,Ugj9euEBoSiDVXgCoAEC
wUn05hdkhjM,"Damn, this trailer shows too much better of the plot",damn this trailer shows too much better of the plot,0,2017-03-02T12:27:21Z,2017-03-02T12:27:21Z,Uggbc5E_DezAuHgCoAEC
wUn05hdkhjM,"EGOR THE LIVING PLANET, YAY! I guess he&#39;s not really a planet in the movies xD",egor the living planet yay i guess hes not really a planet in the movies xd,0,2017-03-02T12:26:11Z,2017-03-02T12:26:11Z,UgivUOytw3GFqXgCoAEC
wUn05hdkhjM,Ohh he should&#39;ve said &quot;I am your father&quot; and not dad!,ohh he shouldve said i am your father and not dad,0,2017-03-02T12:22:04Z,2017-03-02T12:22:04Z,UggGI3rgMHcCPngCoAEC
wUn05hdkhjM,you&#39;re late for this trailer mavel. But I still love it THANKS ^^,youre late for this trailer mavel but i still love it thanks ,1,2017-03-02T12:19:42Z,2017-03-02T12:19:42Z,Ugjna1zUmdYC4HgCoAEC
wUn05hdkhjM,when you made the movie and the story line but you&#39;re the last one to upload the trailer,when you made the movie and the story line but youre the last one to upload the trailer,0,2017-03-02T12:13:14Z,2017-03-02T12:13:14Z,UghfpwU0tB_DNngCoAEC
wUn05hdkhjM,"Peter: &quot;Sometimes, what you are looking for is on your right.&quot;<br>Drax: &quot;Your right.&quot;<br><b>Dies of laughter</b>","peter sometimes what you are looking for is on your right
drax your right
dies of laughter",1,2017-03-02T12:12:06Z,2017-03-02T12:12:06Z,UgjJ8oSsHl-pGHgCoAEC
wUn05hdkhjM,SO pumped UP for this movie. I REALLY want to see more of Baby Groot. Also um Marvel you&#39;re kinda late to show this trailer,so pumped up for this movie i really want to see more of baby groot also um marvel youre kinda late to show this trailer,1,2017-03-02T12:08:54Z,2017-03-02T12:08:54Z,UghygVcIf-BSj3gCoAEC
wUn05hdkhjM,the trailer music is <br><br>Fleetwood Mac - The Chain (UNKLE Sounds Edit) <br><br>Welcome ^^,"the trailer music is 

fleetwood mac  the chain unkle sounds edit 

welcome ",0,2017-03-02T12:06:19Z,2017-03-02T12:06:19Z,Uggl091koSU76HgCoAEC
wUn05hdkhjM,Yes,yes,0,2017-03-02T12:05:11Z,2017-03-02T12:05:11Z,UghUrso0nDSBDXgCoAEC
wUn05hdkhjM,How to watch marvel movies for free?<br><br>Sleep or hibernate in the theater for a long time and wake up when a marvel movie finally arrives!,"how to watch marvel movies for free

sleep or hibernate in the theater for a long time and wake up when a marvel movie finally arrives",11,2017-03-02T12:04:13Z,2017-03-02T13:43:23Z,UghFb1HhmcrjVngCoAEC
wUn05hdkhjM,"<a href=""http://www.youtube.com/watch?v=wUn05hdkhjM&amp;t=1m25s"">1:25</a> best part of the trailer",125 best part of the trailer,0,2017-03-02T12:02:40Z,2017-03-02T12:02:40Z,UgjEyQWQewKIPXgCoAEC
wUn05hdkhjM,looks amazing!!!!,looks amazing,1,2017-03-02T12:02:31Z,2017-03-02T12:02:31Z,UgjyVAFHG_E4engCoAEC
wUn05hdkhjM,uh oh Peter&#39;s dad?  Shit just got real son.,uh oh peters dad  shit just got real son,0,2017-03-02T11:55:15Z,2017-03-02T11:55:15Z,UggtmdzDViLuPHgCoAEC
wUn05hdkhjM,CGI on everything but Rocket looks pretty shitty,cgi on everything but rocket looks pretty shitty,0,2017-03-02T11:42:59Z,2017-03-02T11:42:59Z,UggduFWrbTmwbngCoAEC
wUn05hdkhjM,"I&#39;m your father, Peter",im your father peter,0,2017-03-02T11:38:19Z,2017-03-02T11:38:19Z,UggDf4AZOd3d8HgCoAEC
wUn05hdkhjM,look out Spoiler,look out spoiler,0,2017-03-02T11:37:02Z,2017-03-02T11:37:02Z,UgiDXm9t8cZoUngCoAEC
wUn05hdkhjM,This is gonna be lit,this is gonna be lit,0,2017-03-02T11:35:04Z,2017-03-02T11:35:04Z,Ugjc_1nAMpov1HgCoAEC
wUn05hdkhjM,how come you guys took so long to post this on your own channel? great looking trailer btw 💯,how come you guys took so long to post this on your own channel great looking trailer btw ,0,2017-03-02T11:34:10Z,2017-03-02T11:34:10Z,UgiCBoVWbXIS_3gCoAEC
wUn05hdkhjM,I Am your father!,i am your father,0,2017-03-02T11:31:25Z,2017-03-02T11:31:25Z,UghckAZ_ZimvUHgCoAEC
wUn05hdkhjM,"Huh. Just realizing this. The last movie didn&#39;t exactly show Gamora using a sword. Kinda hard believing now that using swords is Gamora&#39;s thing. But yeah, guns are Peter&#39;s things too.",huh just realizing this the last movie didnt exactly show gamora using a sword kinda hard believing now that using swords is gamoras thing but yeah guns are peters things too,0,2017-03-02T11:20:30Z,2017-03-02T11:20:30Z,UgiSbG3ErEicUHgCoAEC
wUn05hdkhjM,does anybody know what score is this? it&#39;s  crazyyy!!!,does anybody know what score is this its  crazyyy,0,2017-03-02T11:12:36Z,2017-03-02T11:12:36Z,Ugh6l7__HQ_xengCoAEC
wUn05hdkhjM,im am dad Peter!,im am dad peter,0,2017-03-02T11:11:40Z,2017-03-02T11:11:40Z,UghhziyIa3rbEHgCoAEC
wUn05hdkhjM,"<a href=""http://www.youtube.com/watch?v=wUn05hdkhjM&amp;t=1m24s"">1:24</a> Baby Groot and Gamora",124 baby groot and gamora,0,2017-03-02T11:04:31Z,2017-03-02T11:04:31Z,Ugj3_EjJ7vFv6ngCoAEC
wUn05hdkhjM,But can it win best makeup?,but can it win best makeup,0,2017-03-02T11:00:40Z,2017-03-02T11:00:40Z,UgiGwWo9UqQ97ngCoAEC
wUn05hdkhjM,the ONLY marvel movie that gets me excited,the only marvel movie that gets me excited,0,2017-03-02T11:00:19Z,2017-03-02T11:00:19Z,UggAv0Zk07hBy3gCoAEC
wUn05hdkhjM,DC is shit<br>Marvel is best<br>I love this universe<br>Heart is beating in my chest :D,"dc is shit
marvel is best
i love this universe
heart is beating in my chest d",4,2017-03-02T11:00:06Z,2017-03-02T11:00:06Z,UgjaHF4cE4Ji6XgCoAEC
wUn05hdkhjM,"I used to own that very video game at the 2 second mark, I laughed my head off when I seen it and what he seemed to be using it for lol. good ole mattel football!",i used to own that very video game at the 2 second mark i laughed my head off when i seen it and what he seemed to be using it for lol good ole mattel football,0,2017-03-02T10:55:52Z,2017-03-02T10:55:52Z,UggYNi6Hc9Ysw3gCoAEC
wUn05hdkhjM,&quot;I&#39;m your dad Peter!&quot; <b>dropped my phone</b>,im your dad peter dropped my phone,0,2017-03-02T10:54:40Z,2017-04-16T00:19:40Z,Ugio8e3NPqTrWXgCoAEC
wUn05hdkhjM,song pls?,song pls,0,2017-03-02T10:49:16Z,2017-03-02T10:49:16Z,UgjJI0Ez6cstd3gCoAEC
wUn05hdkhjM,awsome,awsome,0,2017-03-02T10:44:23Z,2017-03-02T10:44:23Z,UghebggY1zBwPXgCoAEC
wUn05hdkhjM,just upload the whole movie...,just upload the whole movie,0,2017-03-02T10:41:40Z,2017-03-02T10:41:40Z,Ugi4fNkIUzBQiXgCoAEC
wUn05hdkhjM,The deep dark pits of my black heart warm at the sight of Baby Groot.,the deep dark pits of my black heart warm at the sight of baby groot,0,2017-03-02T10:40:53Z,2017-03-02T10:40:53Z,UggS-tZjUxqL7HgCoAEC
wUn05hdkhjM,"for the cinematic universe fans only maybe the don&#39;t know who the heck peter dad is, but for the real fans they know who he is.",for the cinematic universe fans only maybe the dont know who the heck peter dad is but for the real fans they know who he is,1,2017-03-02T10:40:01Z,2017-03-02T10:40:01Z,Ugh11sORGrntQHgCoAEC
wUn05hdkhjM,Am i the only one who really didn&#39;t want to see the &quot;I&#39;m ur dad&quot; reveal in a trailer?,am i the only one who really didnt want to see the im ur dad reveal in a trailer,15,2017-03-02T10:36:59Z,2017-03-02T10:36:59Z,UgggTTqsiKMxDHgCoAEC
wUn05hdkhjM,star lord rocks everybody shocks.,star lord rocks everybody shocks,0,2017-03-02T10:35:58Z,2017-03-02T10:35:58Z,UgjqcwWgoXPlYHgCoAEC
wUn05hdkhjM,that laugh of drax when he jumps inside the beast &gt;_&lt;,that laugh of drax when he jumps inside the beast _,0,2017-03-02T10:26:28Z,2017-03-02T10:26:28Z,UggpEElIHwn5v3gCoAEC
wUn05hdkhjM,after this.. avengers infinity wars part 1 ..can&#39;t wait 😄,after this avengers infinity wars part 1 cant wait ,0,2017-03-02T10:26:07Z,2017-03-02T10:26:07Z,Ugh_qoSXWBm_43gCoAEC
wUn05hdkhjM,"Dormammu, I&#39;ve come to bargain",dormammu ive come to bargain,0,2017-03-02T10:12:18Z,2017-03-02T10:12:18Z,UgjNYqu3RivSBXgCoAEC
wUn05hdkhjM,waiting Too Tamil Dubbing,waiting too tamil dubbing,0,2017-03-02T10:11:17Z,2017-03-02T10:11:17Z,Uginuhxi24VxjHgCoAEC
wUn05hdkhjM,"Peter: Who the hell are you?<br>Ego(Kurt Russel): I&#39;m your dad,Peter.<br> Rip Ego, We hardly knew ye.","peter who the hell are you
egokurt russel im your dadpeter
 rip ego we hardly knew ye",0,2017-03-02T10:09:55Z,2017-03-02T10:09:55Z,Ugi353tFoZgEyngCoAEC
wUn05hdkhjM,Peter is brother of Superman,peter is brother of superman,0,2017-03-02T10:09:27Z,2017-03-02T10:09:37Z,Ugg647aoOjmN3HgCoAEC
wUn05hdkhjM,The text on this trailer is purple in color and bleeding. Same as the color of Thanos. Does he bleed in purple?? What does this mean??,the text on this trailer is purple in color and bleeding same as the color of thanos does he bleed in purple what does this mean,0,2017-03-02T10:08:13Z,2017-03-02T10:08:13Z,Ugg6ydUVYPX6y3gCoAEC
wUn05hdkhjM,music anyone?,music anyone,0,2017-03-02T10:06:13Z,2017-03-02T10:06:13Z,UghJvv42yK8KhngCoAEC
wUn05hdkhjM,"<a href=""http://www.youtube.com/watch?v=wUn05hdkhjM&amp;t=1m52s"">1:52</a> plasma rifle?",152 plasma rifle,0,2017-03-02T10:05:41Z,2017-03-02T10:05:41Z,UggrgqkcAsE4WXgCoAEC
wUn05hdkhjM,GROOT PUT YOUR SEATBELT ON,groot put your seatbelt on,11,2017-03-02T10:04:02Z,2017-03-02T10:04:02Z,Uggv4KRHS-Urj3gCoAEC
wUn05hdkhjM,hey look its a wild baby groot!<br><br>throw your pokeball to catch it.,"hey look its a wild baby groot

throw your pokeball to catch it",9,2017-03-02T10:03:42Z,2017-03-02T10:03:42Z,UgjgEP3qjvfgIHgCoAEC
wUn05hdkhjM,i&#39;ve never clicked on a video so fast.<br><br>oh wait a second i have as i am sure many other people did aswell on trailers for other movies,"ive never clicked on a video so fast

oh wait a second i have as i am sure many other people did aswell on trailers for other movies",4,2017-03-02T10:03:30Z,2017-03-02T10:03:30Z,UgiFIoLtxClsM3gCoAEC
wUn05hdkhjM,slurp<br><br>slurp<br>slurp<br><br>dude...<br>what?<br>slurp<br>slurp<br>dude...<br>what?,"slurp

slurp
slurp

dude
what
slurp
slurp
dude
what",8,2017-03-02T10:03:08Z,2017-03-02T10:03:08Z,UghlEojicPbhUHgCoAEC
wUn05hdkhjM,anyone need salt for their popcorn. I&#39;ve got a bunch due too last sunday&#39;s oscar ceremony,anyone need salt for their popcorn ive got a bunch due too last sundays oscar ceremony,6,2017-03-02T10:02:49Z,2017-03-02T10:02:49Z,UghO9uMqw6WLc3gCoAEC
wUn05hdkhjM,Who are we? We are the suicide s....Guardian of the Galaxy,who are we we are the suicide sguardian of the galaxy,0,2017-03-02T09:58:50Z,2017-03-02T09:58:50Z,UghcmzErWujAq3gCoAEC
wUn05hdkhjM,awesome!!!,awesome,0,2017-03-02T09:55:53Z,2017-03-02T09:55:53Z,UggrB4tRl6oUWHgCoAEC
wUn05hdkhjM,Star lord and rocket flying together 👍🏻 NICE!!!!!!,star lord and rocket flying together  nice,0,2017-03-02T09:51:20Z,2017-03-02T09:51:20Z,UgiFaPMz30x6DngCoAEC
wUn05hdkhjM,I was thinking about sharing this but wow...spoilers,i was thinking about sharing this but wowspoilers,0,2017-03-02T09:49:29Z,2017-03-02T09:49:29Z,UgjHpKtLQ611_XgCoAEC
wUn05hdkhjM,whats the name of the song used?,whats the name of the song used,0,2017-03-02T09:49:09Z,2017-03-02T09:49:09Z,UgjQiEEELWZxeHgCoAEC
wUn05hdkhjM,JUST TAKE MY MONEY!,just take my money,0,2017-03-02T09:38:56Z,2017-03-02T09:38:56Z,UgjLcfOjcc2H8XgCoAEC
wUn05hdkhjM,I don&#39;t care who you are. Everyone needs a baby Groot eating candy in their life.,i dont care who you are everyone needs a baby groot eating candy in their life,0,2017-03-02T09:38:46Z,2017-03-02T09:38:46Z,UggA43-SsskXvngCoAEC
wUn05hdkhjM,awesome!!!!,awesome,0,2017-03-02T09:37:30Z,2017-03-02T09:37:30Z,UgjeXA03zAFm5ngCoAEC
wUn05hdkhjM,When you see the avenger&#39;s moment in here.,when you see the avengers moment in here,0,2017-03-02T09:35:15Z,2017-03-02T09:35:15Z,Ughnbu3t9q4deHgCoAEC
wUn05hdkhjM,do i even need to watch the movie now ??,do i even need to watch the movie now ,0,2017-03-02T09:30:09Z,2017-03-02T09:30:09Z,UggRsmOCe7AXP3gCoAEC
wUn05hdkhjM,oh my god!,oh my god,0,2017-03-02T09:30:03Z,2017-03-02T09:30:03Z,Ugjy-tcGcjiJ6HgCoAEC
wUn05hdkhjM,Pretty Awesome!!!,pretty awesome,0,2017-03-02T09:28:32Z,2017-03-02T09:28:32Z,Ugi7MBZSzgMhZHgCoAEC
wUn05hdkhjM,which song is in background,which song is in background,0,2017-03-02T09:23:21Z,2017-03-02T09:23:21Z,Uggh2krHms9ju3gCoAEC
wUn05hdkhjM,Peter......<br><br>I am your father<br><br><br><br><br><br><br><br><br>NOOOOOOOOOO!!!!!!!!!!!!,"peter

i am your father








noooooooooo",0,2017-03-02T09:22:30Z,2017-03-02T09:22:30Z,Ugh9GkSWZJ_ONngCoAEC
wUn05hdkhjM,cant wait to see yondu join!,cant wait to see yondu join,0,2017-03-02T09:20:06Z,2017-03-02T09:20:06Z,UgiaLUqHv8rIzngCoAEC
wUn05hdkhjM,I love how amped up Yondu&#39;s mohawk is.,i love how amped up yondus mohawk is,0,2017-03-02T09:18:59Z,2017-03-02T09:18:59Z,Ugjg1yGHi8X-J3gCoAEC
wUn05hdkhjM,im your dad peter.. new version of im your father?,im your dad peter new version of im your father,0,2017-03-02T09:15:53Z,2017-03-02T09:15:53Z,UgjMJb5wmMxsg3gCoAEC
wUn05hdkhjM,This won&#39;t be as good as the Oscar winner Suicide Squad. The only thing DC has to say that they are &#39;good&#39;.,this wont be as good as the oscar winner suicide squad the only thing dc has to say that they are good,0,2017-03-02T09:15:34Z,2017-03-02T09:15:34Z,UghQLBi2bep5DHgCoAEC
wUn05hdkhjM,What is the song playing,what is the song playing,0,2017-03-02T09:15:21Z,2017-03-02T09:15:21Z,UgiByVixJFMXvHgCoAEC
wUn05hdkhjM,I actually got excited and thought it was another Guardians trailer..,i actually got excited and thought it was another guardians trailer,0,2017-03-02T09:15:05Z,2017-03-02T09:15:05Z,UghWicNxGU2CpXgCoAEC
wUn05hdkhjM,Groot cuddly,groot cuddly,0,2017-03-02T09:14:24Z,2017-03-02T09:14:24Z,UggpdwzeANnql3gCoAEC
wUn05hdkhjM,Alguém Br ???,alguém br ,0,2017-03-02T09:13:43Z,2017-03-02T09:13:43Z,UggUlEbP43CS23gCoAEC
wUn05hdkhjM,OMG!!!!!!!!,omg,0,2017-03-02T09:12:19Z,2017-03-02T09:12:19Z,UgjXVh_gEsfTd3gCoAEC
wUn05hdkhjM,can marvel make a movie!or can marvel make a movie!!!!,can marvel make a movieor can marvel make a movie,0,2017-03-02T09:11:47Z,2017-03-02T09:11:47Z,UgjukdD9oS-MTngCoAEC
wUn05hdkhjM,What the song call,what the song call,0,2017-03-02T09:07:22Z,2017-03-02T09:07:22Z,Ugi2dMWjVoK-c3gCoAEC
wUn05hdkhjM,"Guardians of the Galaxy, better than whole of DC <a href=""http://www.youtube.com/results?search_query=%23thetruth"">#thetruth</a>",guardians of the galaxy better than whole of dc thetruth,0,2017-03-02T09:06:17Z,2017-03-02T09:06:17Z,Ugh0vWOMP2cjPngCoAEC
wUn05hdkhjM,Keeeeeeeeeeeeeeeeeeeeeeen!,keeeeeeeeeeeeeeeeeeeeeeen,0,2017-03-02T09:03:04Z,2017-03-02T09:03:04Z,UghHn8uKSYs5UngCoAEC
wUn05hdkhjM,ego:i&#39;m your dad Peter<br>Star-Lord:Nooooo!!!!,"egoim your dad peter
starlordnooooo",4,2017-03-02T09:01:25Z,2017-03-02T09:01:25Z,Ugh83B5AnrcrfHgCoAEC
wUn05hdkhjM,I love how marvel uploaded this after everyone else lol,i love how marvel uploaded this after everyone else lol,6,2017-03-02T08:59:45Z,2017-03-02T08:59:45Z,UghqNPYO1tImFHgCoAEC
wUn05hdkhjM,"last time I was this early, la la land was still best picture",last time i was this early la la land was still best picture,0,2017-03-02T08:57:02Z,2017-03-02T08:57:02Z,Ugj8Piy4PCGl4XgCoAEC
wUn05hdkhjM,wow is amazing,wow is amazing,0,2017-03-02T08:44:50Z,2017-03-02T08:44:50Z,UghI1YewjjqylngCoAEC
wUn05hdkhjM,Vita realising on my birthday,vita realising on my birthday,0,2017-03-02T08:42:52Z,2017-03-02T08:42:52Z,UghipK-AG9SjgHgCoAEC
wUn05hdkhjM,Am I the only one who really likes nebula now?,am i the only one who really likes nebula now,0,2017-03-02T08:36:20Z,2017-03-02T08:36:20Z,Ugh8BRUZ7daUEXgCoAEC
wUn05hdkhjM,I searched for this and clicked it but it was an advertisement instead of the actual video like wtf,i searched for this and clicked it but it was an advertisement instead of the actual video like wtf,0,2017-03-02T08:34:05Z,2017-03-02T08:34:05Z,UggTgMPCG-WI_HgCoAEC
wUn05hdkhjM,Anyone know what the song playing in the background is? And why did marvel release this late?,anyone know what the song playing in the background is and why did marvel release this late,0,2017-03-02T08:30:12Z,2017-03-02T08:30:12Z,Ugis9Zx1EJRl2HgCoAEC
wUn05hdkhjM,Should the father not be planet sized?,should the father not be planet sized,0,2017-03-02T08:29:01Z,2017-03-02T08:29:01Z,UgjBzV42mS3bqngCoAEC
wUn05hdkhjM,"<a href=""http://www.youtube.com/watch?v=wUn05hdkhjM&amp;t=0m44s"">0:44</a> Well, it&#39;s 50% true. Don&#39;t laugh a fake laugh, because it&#39;s better than 49%.",044 well its 50 true dont laugh a fake laugh because its better than 49,0,2017-03-02T08:26:47Z,2017-03-02T08:26:47Z,UgjGI0fiFf60MHgCoAEC
wUn05hdkhjM,really late,really late,0,2017-03-02T08:26:40Z,2017-03-02T08:26:40Z,Ugi4Sg3lOkIa3HgCoAEC
wUn05hdkhjM,i just can&#39;t &quot;unhear&quot; Emmet,i just cant unhear emmet,0,2017-03-02T08:26:33Z,2017-03-02T08:26:33Z,UgjJsQ7GfBkWsXgCoAEC
wUn05hdkhjM,&quot;DIE SPACESHIP!&quot; 🤣🤣 never thought those two words can be put together😅,die spaceship  never thought those two words can be put together,0,2017-03-02T08:25:56Z,2017-03-02T08:25:56Z,Ugg_zdp5SnuvQHgCoAEC
wUn05hdkhjM,"You did it again, Marvel! You and your unnecessary jokes!",you did it again marvel you and your unnecessary jokes,0,2017-03-02T08:25:48Z,2017-03-02T08:25:48Z,Ugic0dqAcMnACHgCoAEC
wUn05hdkhjM,"Whoever cut the trailer deserves an award. <br><br>There&#39;s no over telling of the entire plot. <br>Just snippets of scenes, action and a badass song that goes with the visuals. <br><br>Hype trailer at its best","whoever cut the trailer deserves an award 

theres no over telling of the entire plot 
just snippets of scenes action and a badass song that goes with the visuals 

hype trailer at its best",19,2017-03-02T08:22:24Z,2017-03-02T08:22:24Z,UgiWJujsIBtvpXgCoAEC
wUn05hdkhjM,This trailer is sooo freaking awesome!!! But can someone tell me the song which is used here??,this trailer is sooo freaking awesome but can someone tell me the song which is used here,0,2017-03-02T08:21:27Z,2017-03-02T08:21:27Z,UghiCwaij6_3cHgCoAEC
wUn05hdkhjM,Kurt Russell and Chris Pratt actually do kinda look alike. I wouldn&#39;t be surprised if Kurt was Chris&#39; estranged father.,kurt russell and chris pratt actually do kinda look alike i wouldnt be surprised if kurt was chris estranged father,0,2017-03-02T08:19:23Z,2017-03-02T08:19:23Z,UgjMp82sMWZUOXgCoAEC
wUn05hdkhjM,pretty dope tbh,pretty dope tbh,0,2017-03-02T08:17:30Z,2017-03-02T08:17:30Z,UggDfEWiFSXh_XgCoAEC
wUn05hdkhjM,"Jimmy Kimmel was the first one to release this! Marvel, why didn&#39;t you release this in your own channel? The trailer needs many views to be spread around the world and I hope that this trailer will not be the final one before it hits theaters May 05!",jimmy kimmel was the first one to release this marvel why didnt you release this in your own channel the trailer needs many views to be spread around the world and i hope that this trailer will not be the final one before it hits theaters may 05,1,2017-03-02T08:10:29Z,2017-03-02T08:10:29Z,Ugj7byzZQYiOEHgCoAEC
wUn05hdkhjM,"Who&#39;s Your Daddy, Pete? :D",whos your daddy pete d,0,2017-03-02T08:07:05Z,2017-03-02T08:07:05Z,UgjgR9JWxD1ES3gCoAEC
wUn05hdkhjM,"Here we need a Drax solo movie,Marvel!",here we need a drax solo moviemarvel,1,2017-03-02T08:03:04Z,2017-03-02T08:03:04Z,Ughwc8bi_e5zHXgCoAEC
wUn05hdkhjM,มาช้ากว่าช่องอื่นจัง,มาชากวาชองอนจง,0,2017-03-02T08:02:18Z,2017-03-02T08:02:18Z,Ugh00o6I35GMYHgCoAEC
wUn05hdkhjM,I am your father!!!,i am your father,1,2017-03-02T08:01:00Z,2017-03-02T08:01:00Z,UgjuzNwwLdCwMHgCoAEC
wUn05hdkhjM,"<a href=""http://youtu.be/wUn05hdkhjM?t=1m27s"">1:27</a> When gamora shoots the gun she kind of glitches backward then forward slightly. Surely someone else noticed that too",127 when gamora shoots the gun she kind of glitches backward then forward slightly surely someone else noticed that too,3,2017-03-02T07:56:36Z,2017-03-02T07:56:36Z,UghQOSZ25l32jngCoAEC
wUn05hdkhjM,"<a href=""http://www.youtube.com/watch?v=wUn05hdkhjM&amp;t=1m56s"">1:56</a> we all know what happens next",156 we all know what happens next,1,2017-03-02T07:55:20Z,2017-03-02T07:55:20Z,UgjDz9vRXm9-1ngCoAEC
wUn05hdkhjM,"<a href=""http://www.youtube.com/watch?v=wUn05hdkhjM&amp;t=1m30s"">1:30</a> one word -BADASS",130 one word badass,4,2017-03-02T07:54:45Z,2017-03-02T07:54:45Z,Ugj5RhgFLNcE8HgCoAEC
wUn05hdkhjM,which is the music..??,which is the music,0,2017-03-02T07:54:04Z,2017-03-02T07:54:04Z,UgjQwFtt47ldyXgCoAEC
wUn05hdkhjM,"More Guardians added, this is going to be an amazing.",more guardians added this is going to be an amazing,0,2017-03-02T07:53:36Z,2017-03-02T07:53:36Z,UgiDxp-6cP7CMngCoAEC
wUn05hdkhjM,Yellow diamond is that you ?,yellow diamond is that you ,0,2017-03-02T07:52:35Z,2017-03-02T07:52:35Z,UgjBl_ubCgP13XgCoAEC
wUn05hdkhjM,Hands up if you cannot wait for this 🤚🏻🤚🏻🤚🏻,hands up if you cannot wait for this ,0,2017-03-02T07:52:35Z,2017-03-02T07:52:35Z,UgjqjzlQUxMHtHgCoAEC
wUn05hdkhjM,"I&#39;m your tribute to legendary space movies, Peter... ;D",im your tribute to legendary space movies peter d,0,2017-03-02T07:51:20Z,2017-03-02T07:51:20Z,UghgmOW5pDocEXgCoAEC
wUn05hdkhjM,"Since Mantis isn&#39;t green, is this considered whitewashing?",since mantis isnt green is this considered whitewashing,0,2017-03-02T07:50:21Z,2017-03-02T07:50:21Z,UgibBUhAPowdN3gCoAEC
wUn05hdkhjM,Ha ha ha like if you agree,ha ha ha like if you agree,0,2017-03-02T07:50:13Z,2017-03-02T07:50:13Z,UgjKiqEDJz3qPngCoAEC
wUn05hdkhjM,&quot;Die spaceship!!&quot;,die spaceship,0,2017-03-02T07:50:00Z,2017-03-02T07:50:00Z,UghtrKg0ID9V83gCoAEC
wUn05hdkhjM,WHAT!!!,what,0,2017-03-02T07:49:02Z,2017-03-02T07:49:02Z,UghUmAuzECriw3gCoAEC
wUn05hdkhjM,Marvel uploading with internet explorer haha,marvel uploading with internet explorer haha,0,2017-03-02T07:45:04Z,2017-03-02T07:45:04Z,UgjTTybvRxFsBngCoAEC
wUn05hdkhjM,Why do I get the feeling drax and nebula are gonna have a love/hate relationship (which is cool cause I would totally ship them XD),why do i get the feeling drax and nebula are gonna have a lovehate relationship which is cool cause i would totally ship them xd,0,2017-03-02T07:43:47Z,2017-03-02T07:43:47Z,UgjMS_olNHSGkXgCoAEC
wUn05hdkhjM,Annnnnnnnnd another SuperHero type Moive...Yay?,annnnnnnnnd another superhero type moiveyay,0,2017-03-02T07:43:08Z,2017-03-02T07:43:08Z,UghZAgYK7cZMQHgCoAEC
wUn05hdkhjM,And I&#39;m Hooked on a feeling that this movie will be awesome,and im hooked on a feeling that this movie will be awesome,77,2017-03-02T07:42:48Z,2017-03-02T07:42:48Z,UghkILNY-HYgsHgCoAEC
wUn05hdkhjM,star lord<br>who&#39;s your daddy??,"star lord
whos your daddy",0,2017-03-02T07:39:56Z,2017-03-02T07:39:56Z,Ugj8exrA_EZHdngCoAEC
wUn05hdkhjM,marvel uploaded this really late,marvel uploaded this really late,0,2017-03-02T07:39:23Z,2017-03-02T07:39:23Z,UghJ-EXWf_uJKngCoAEC
wUn05hdkhjM,The guys who made this posted this last. Wow.,the guys who made this posted this last wow,1,2017-03-02T07:36:48Z,2017-03-02T07:36:48Z,UgjHRVi77ZezkHgCoAEC
wUn05hdkhjM,Great song choice!! I love Fleetwood Mac,great song choice i love fleetwood mac,6,2017-03-02T07:36:47Z,2017-03-02T07:36:47Z,Ugg02c8JGDKAKHgCoAEC
wUn05hdkhjM,OMG epic i want to see it now,omg epic i want to see it now,0,2017-03-02T07:36:28Z,2017-03-02T07:36:28Z,Ugg7DfI8GmkEUXgCoAEC
wUn05hdkhjM,We making ALLL KINDS OF GAINS,we making alll kinds of gains,0,2017-03-02T07:36:28Z,2017-03-02T07:36:28Z,Ughn04w5VQkn2ngCoAEC
wUn05hdkhjM,What song do they use in this trailer?,what song do they use in this trailer,0,2017-03-02T07:34:02Z,2017-03-02T07:34:02Z,UgjZcCUjFcTKB3gCoAEC
wUn05hdkhjM,"Yes, this is gonna be awesome!",yes this is gonna be awesome,0,2017-03-02T07:34:02Z,2017-03-02T07:34:02Z,UgglfE1yCp7Yr3gCoAEC
wUn05hdkhjM,what a surprise?,what a surprise,0,2017-03-02T07:33:17Z,2017-03-02T07:33:17Z,Ugg9QRclceS32XgCoAEC
wUn05hdkhjM,Thanks for not putting that stupid teaser before the trailer,thanks for not putting that stupid teaser before the trailer,0,2017-03-02T07:32:54Z,2017-03-02T07:32:54Z,UghhvJGCA0bqiHgCoAEC
wUn05hdkhjM,"I am extremely happy they&#39;re bringing back Nebula, excellent character.  She just oozes attitude I love it.",i am extremely happy theyre bringing back nebula excellent character  she just oozes attitude i love it,23,2017-03-02T07:32:41Z,2017-03-02T07:33:07Z,UggLt51-H2xfT3gCoAEC
wUn05hdkhjM,THAT ENDING THO!,that ending tho,0,2017-03-02T07:32:37Z,2017-03-02T07:32:37Z,UggkeZw3hgH3_ngCoAEC
wUn05hdkhjM,Y&#39;all sure waited till the last minute,yall sure waited till the last minute,0,2017-03-02T07:28:39Z,2017-03-02T07:28:39Z,UgjfmcdIEFST1XgCoAEC
wUn05hdkhjM,Eh,eh,0,2017-03-02T07:28:21Z,2017-03-02T07:28:21Z,UggKt_awpHyiLXgCoAEC
wUn05hdkhjM,"<a href=""http://www.youtube.com/watch?v=wUn05hdkhjM&amp;t=0m20s"">0:20</a> Feel Good Inc!!!!",020 feel good inc,2,2017-03-02T07:28:17Z,2017-03-02T07:28:17Z,UgjMnHGWrI1H2ngCoAEC
wUn05hdkhjM,"Marvel eu te amo, me da uma beijo sua linda.",marvel eu te amo me da uma beijo sua linda,0,2017-03-02T07:27:34Z,2017-03-02T07:27:34Z,Ugi-PMssrg_fbngCoAEC
wUn05hdkhjM,Best visuals i ever seen,best visuals i ever seen,0,2017-03-02T07:27:10Z,2017-03-02T07:27:10Z,UghK40pEKpm_3HgCoAEC
wUn05hdkhjM,&quot;Intense&quot;,intense,1,2017-03-02T07:27:06Z,2017-03-02T07:27:06Z,UgiVZ_NFCkbgongCoAEC
wUn05hdkhjM,I think i like little groot more then big groot...,i think i like little groot more then big groot,1,2017-03-02T07:27:03Z,2017-03-02T07:27:03Z,UgjGgzpnef2iDXgCoAEC
wUn05hdkhjM,which song is played in the background,which song is played in the background,0,2017-03-02T07:25:52Z,2017-03-02T07:25:52Z,UgiMmPpYp1Z3QngCoAEC
wUn05hdkhjM,HYPE,hype,1,2017-03-02T07:24:27Z,2017-03-02T07:24:27Z,UgidnAgUUV__-HgCoAEC
wUn05hdkhjM,me: you are late <br>marvel: i was busy,"me you are late 
marvel i was busy",0,2017-03-02T07:23:24Z,2017-03-02T07:23:24Z,Ughs2_2HiepNrngCoAEC
wUn05hdkhjM,I love how Marvel is the last to upload. Haha,i love how marvel is the last to upload haha,1,2017-03-02T07:21:56Z,2017-03-02T07:21:56Z,Ugi10LEOCdrTe3gCoAEC
wUn05hdkhjM,2 months to go,2 months to go,0,2017-03-02T07:20:44Z,2017-03-02T07:20:44Z,UghfaLDaxMJo8ngCoAEC
wUn05hdkhjM,When Disney XD&#39;s been there done that,when disney xds been there done that,0,2017-03-02T07:20:31Z,2017-03-02T07:20:31Z,UgictoBHHdfyDngCoAEC
wUn05hdkhjM,Take my money already!,take my money already,1,2017-03-02T07:18:18Z,2017-03-02T07:18:18Z,UghXb-UcEAsWVngCoAEC
wUn05hdkhjM,What&#39;s the song in the trailer??,whats the song in the trailer,0,2017-03-02T07:16:48Z,2017-03-02T07:16:48Z,Ugj-uJY1SPq0IngCoAEC
wUn05hdkhjM,Dad: im ur dad peter... <br>peter: NOOOOOO!!!!! <br>😂😂😂,"dad im ur dad peter 
peter noooooo 
",4,2017-03-02T07:16:43Z,2017-03-02T07:16:43Z,UggwR3sMCeyGz3gCoAEC
wUn05hdkhjM,How tall is Nebula?,how tall is nebula,0,2017-03-02T07:16:39Z,2017-03-02T07:16:39Z,Ugh6FvMJZGQbpXgCoAEC
wUn05hdkhjM,&quot;I&#39;m your dad peter&quot; OMG THAT ENDING OF THE TRAILER THIS IS GONNA BE SO INTRESTING,im your dad peter omg that ending of the trailer this is gonna be so intresting,0,2017-03-02T07:16:17Z,2017-03-02T07:16:17Z,Ughp3A-2xuDAC3gCoAEC
wUn05hdkhjM,Oh god when Drax said the whole thing about family I was really expecting Guardians and Fast and Furious to start crossing over.  I mean with FF8 coming Toretto is basically a Marvel superhero so why not?,oh god when drax said the whole thing about family i was really expecting guardians and fast and furious to start crossing over  i mean with ff8 coming toretto is basically a marvel superhero so why not,1,2017-03-02T07:13:41Z,2017-03-02T07:13:41Z,Ugg1rm-1xwH8GXgCoAEC
wUn05hdkhjM,AHHHHH!,ahhhhh,0,2017-03-02T07:13:04Z,2017-03-02T07:13:04Z,Ugg3aQsOQ5cVxXgCoAEC
wUn05hdkhjM,13648,13648,0,2017-03-02T07:11:47Z,2017-03-02T07:11:47Z,UghDTC6cICDaNngCoAEC
wUn05hdkhjM,I am definitely excited for this.,i am definitely excited for this,1,2017-03-02T07:11:35Z,2017-03-02T07:11:35Z,Ugi57vc44U1Wq3gCoAEC
wUn05hdkhjM,Thumbnail<br>Guardians of the Galaxy Vo&#39;,"thumbnail
guardians of the galaxy vo",0,2017-03-02T07:11:01Z,2017-03-02T07:11:17Z,UggXp6fQdGy_D3gCoAEC
wUn05hdkhjM,Are you planning to release the whole movie in trailers?,are you planning to release the whole movie in trailers,0,2017-03-02T07:10:23Z,2017-03-02T07:10:23Z,UggCUHbCyBRNPngCoAEC
wUn05hdkhjM,Damn.. Grow up already GROOT !,damn grow up already groot ,0,2017-03-02T07:09:45Z,2017-03-02T07:09:59Z,UggHvIUNFUUQc3gCoAEC
wUn05hdkhjM,"so that&#39;s it huh Marvel, you&#39;re some kind of Late Squad...",so thats it huh marvel youre some kind of late squad,0,2017-03-02T07:09:12Z,2017-03-02T07:09:12Z,UggwFU_mFNAk7XgCoAEC
wUn05hdkhjM,so late,so late,0,2017-03-02T07:06:24Z,2017-03-02T07:06:24Z,UghDExZ_9pbw5XgCoAEC
wUn05hdkhjM,spoiler alert,spoiler alert,0,2017-03-02T07:06:19Z,2017-03-02T07:06:19Z,Ugib1LEeY3rthngCoAEC
wUn05hdkhjM,Marvel........Wow Just Wow,marvelwow just wow,0,2017-03-02T07:05:31Z,2017-03-02T07:05:31Z,Ugg0TndXtwRBZ3gCoAEC
wUn05hdkhjM,I still can&#39;t get over how cute Baby Groot is!! 😭,i still cant get over how cute baby groot is ,2,2017-03-02T07:04:58Z,2017-03-02T07:04:58Z,Ugg3W1Wy5nX3iXgCoAEC
wUn05hdkhjM,I&#39;m in! Great trailer. Really capturing the comic vibe here people!,im in great trailer really capturing the comic vibe here people,3,2017-03-02T07:04:08Z,2017-03-02T07:04:08Z,UgjC1OKuMFJpdngCoAEC
wUn05hdkhjM,&quot;Who the hell are you?&quot;<br>&quot;THE HANGMAN&quot;,"who the hell are you
the hangman",4,2017-03-02T07:03:39Z,2017-03-02T07:03:39Z,Ugg5O34UMZXjFXgCoAEC
wUn05hdkhjM,like por el padre de star lord,like por el padre de star lord,1,2017-03-02T07:02:48Z,2017-03-02T07:02:48Z,Ugj6R6CnW2rw3ngCoAEC
wUn05hdkhjM,"<b>DIE, SPACESHIP!</b><br><br>And see that at <a href=""https://www.youtube.com/watch?v=wUn05hdkhjM&amp;t=0m36s"">0:36</a>? Those aliens took their cue from the Nova Corps.","die spaceship

and see that at 036 those aliens took their cue from the nova corps",4,2017-03-02T07:02:26Z,2017-03-02T07:03:09Z,UgitsQIV3T_2QXgCoAEC
wUn05hdkhjM,already saw this on Jimmy Kimmel,already saw this on jimmy kimmel,0,2017-03-02T07:01:58Z,2017-03-02T07:01:58Z,UgihQTiPOKOVXHgCoAEC
wUn05hdkhjM,Fleetwood mac - the chain <br>the song,"fleetwood mac  the chain 
the song",13,2017-03-02T07:01:32Z,2017-03-02T07:01:32Z,UgiK2ooKtMSjmHgCoAEC
wUn05hdkhjM,Ego looks pretty death proof for a man his age.,ego looks pretty death proof for a man his age,26,2017-03-02T07:01:03Z,2017-03-02T07:03:09Z,UgifsHM20LJXKXgCoAEC
wUn05hdkhjM,"Song <a href=""http://www.youtube.com/watch?v=wUn05hdkhjM&amp;t=1m15s"">1:15</a> :) plz",song 115  plz,0,2017-03-02T07:00:51Z,2017-03-02T07:00:51Z,UgjtCeX2cEhbV3gCoAEC
wUn05hdkhjM,Gamora to groot Hi,gamora to groot hi,1,2017-03-02T07:00:13Z,2017-03-02T07:00:13Z,UgjfJ1Ygx8NWqngCoAEC
wUn05hdkhjM,this is great,this is great,0,2017-03-02T06:58:59Z,2017-03-02T06:58:59Z,Ugg4OdD0tkM7EngCoAEC
wUn05hdkhjM,This looks delicious!,this looks delicious,16,2017-03-02T06:58:57Z,2017-03-02T06:58:57Z,Ugh3o5DnxuGCVHgCoAEC
wUn05hdkhjM,I&#39;m so excited to see baby Groot kick some ass,im so excited to see baby groot kick some ass,0,2017-03-02T06:58:37Z,2017-03-02T06:58:37Z,UghuC2aYO63bxngCoAEC
wUn05hdkhjM,"I&#39;m really excited for this movie and all, but this comment will probably get 0 likes.",im really excited for this movie and all but this comment will probably get 0 likes,3,2017-03-02T06:58:15Z,2017-03-02T06:58:15Z,UgjkAh0_C9oDIXgCoAEC
wUn05hdkhjM,pero que buen tráiler papuh,pero que buen tráiler papuh,0,2017-03-02T06:57:57Z,2017-03-02T06:57:57Z,UgjXnVFCn7M0cngCoAEC
wUn05hdkhjM,We&#39;re family line has to be banned now.,were family line has to be banned now,0,2017-03-02T06:57:52Z,2017-03-02T06:57:52Z,UgiRA0gR7HrHsHgCoAEC
wUn05hdkhjM,"Love the part <a href=""https://www.youtube.com/watch?v=wUn05hdkhjM&amp;t=1m52s"">1:52</a> the blaster and the music blending together",love the part 152 the blaster and the music blending together,22,2017-03-02T06:57:40Z,2017-03-02T06:58:14Z,UgghLIoJC9HH5HgCoAEC
wUn05hdkhjM,What did Drax say at the end?,what did drax say at the end,0,2017-03-02T06:57:24Z,2017-03-02T06:57:34Z,UgiVwvLTl1F-GXgCoAEC
wUn05hdkhjM,Drax is hilarious and you will quote everything he says.,drax is hilarious and you will quote everything he says,0,2017-03-02T06:56:09Z,2017-03-02T06:56:09Z,Ugg_PBZIZfjy0ngCoAEC
wUn05hdkhjM,Starwars!!!!!sorry,starwarssorry,0,2017-03-02T06:56:13Z,2017-03-02T06:56:13Z,Ugh6vFJCLrO1A3gCoAEC
wUn05hdkhjM,Omg,omg,0,2017-03-02T06:55:51Z,2017-03-02T06:55:51Z,Ugghvbf9IFgHkngCoAEC
wUn05hdkhjM,DAD??????????????,dad,0,2017-03-02T06:55:00Z,2017-03-02T06:55:00Z,Ugj6yhUNgzG_tngCoAEC
wUn05hdkhjM,views going up by the hundreds every second,views going up by the hundreds every second,0,2017-03-02T06:54:58Z,2017-03-02T06:54:58Z,UggTcdMvRQEFsngCoAEC
wUn05hdkhjM,O pimba domina aqui pourra,o pimba domina aqui pourra,0,2017-03-02T06:54:44Z,2017-03-02T06:54:44Z,UgjjVry2AaT0DHgCoAEC
wUn05hdkhjM,The Chain remix totally makes this trailer.,the chain remix totally makes this trailer,0,2017-03-02T06:54:11Z,2017-03-02T06:54:11Z,UgjsgnZhInzS73gCoAEC
wUn05hdkhjM,Been here before 10K views,been here before 10k views,0,2017-03-02T06:53:34Z,2017-03-02T06:53:34Z,UghjWAWrKgN0wngCoAEC
wUn05hdkhjM,Kimmel premiered this yesterday,kimmel premiered this yesterday,0,2017-03-02T06:52:28Z,2017-03-02T06:52:28Z,UgiRFhYTuzIJ0XgCoAEC
wUn05hdkhjM,Wow Cool,wow cool,0,2017-03-02T06:52:01Z,2017-03-02T06:52:01Z,UgjMEELgPSYn13gCoAEC
wUn05hdkhjM,I don&#39;t know where i&#39;ve heard this line before... &quot;I am your father...&#39;&#39; Meh probably some z rated movie,i dont know where ive heard this line before i am your father meh probably some z rated movie,0,2017-03-02T06:51:45Z,2017-03-02T06:51:45Z,UghhPjfF1lxoPHgCoAEC
wUn05hdkhjM,Last,last,0,2017-03-02T06:49:40Z,2017-03-02T06:49:40Z,Ugho0_5pb60aQHgCoAEC
wUn05hdkhjM,PIDR,pidr,0,2017-03-02T06:48:53Z,2017-03-02T06:48:53Z,UggZTQcoo9ZJVXgCoAEC
wUn05hdkhjM,"Ah! The jizz, it won&#39;t stop spewing! I&#39;m too excited!&quot;",ah the jizz it wont stop spewing im too excited,0,2017-03-02T06:48:46Z,2017-03-02T06:48:46Z,UghYAFozx0GWNXgCoAEC
wUn05hdkhjM,"&quot;The Chain&quot; by Fleetwood Mac, love love love.",the chain by fleetwood mac love love love,0,2017-03-02T06:48:29Z,2017-03-02T06:48:29Z,Ugif4aZVBjlo0XgCoAEC
wUn05hdkhjM,This movie looks like so much fun.,this movie looks like so much fun,0,2017-03-02T06:48:16Z,2017-03-02T06:48:16Z,Uggnz3kSmrOerHgCoAEC
wUn05hdkhjM,I already watched on movie trailer clips,i already watched on movie trailer clips,0,2017-03-02T06:48:15Z,2017-03-02T06:48:15Z,UghBTEysfGNjengCoAEC
wUn05hdkhjM,when otros canales suben el trailer antes q tu,when otros canales suben el trailer antes q tu,0,2017-03-02T06:48:04Z,2017-03-02T06:48:04Z,UgjbgVebEFM42HgCoAEC
wUn05hdkhjM,Drax is hilarious and we should quote everything he says...,drax is hilarious and we should quote everything he says,8,2017-03-02T06:47:57Z,2017-03-02T06:47:57Z,UgizWWim-lHtxXgCoAEC
wUn05hdkhjM,Trailer gera furdunducio,trailer gera furdunducio,0,2017-03-02T06:47:29Z,2017-03-02T06:47:29Z,UgjSF48vf_yEZngCoAEC
wUn05hdkhjM,"So that&#39;s it, huh? <br><br><br><br><br>We&#39;re some kind of Guardians of the Galaxy?","so thats it huh 




were some kind of guardians of the galaxy",4,2017-03-02T06:47:27Z,2017-03-02T06:47:27Z,UgiUSqhauKgEgngCoAEC
wUn05hdkhjM,"WOAH! No way he&#39;s his dad, didn&#39;t see that coming dang!!",woah no way hes his dad didnt see that coming dang,0,2017-03-02T06:46:37Z,2017-03-02T06:46:37Z,UghnDhRTKEvYgXgCoAEC
wUn05hdkhjM,really early,really early,0,2017-03-02T06:46:30Z,2017-03-02T06:46:30Z,UgjR_ZwUdnUi6HgCoAEC
wUn05hdkhjM,Already watched this as many times as possible since it was posted,already watched this as many times as possible since it was posted,0,2017-03-02T06:45:16Z,2017-03-02T06:45:16Z,Ugg3vlSYCX5FUXgCoAEC
wUn05hdkhjM,The hype is so real.,the hype is so real,44,2017-03-02T06:44:46Z,2017-03-02T06:44:46Z,UghWPcWMyFuP1ngCoAEC
wUn05hdkhjM,but why it can&#39;t be liked twice and how i go around it?,but why it cant be liked twice and how i go around it,0,2017-03-02T06:44:32Z,2017-03-02T06:44:32Z,UgjLbk2wTGGgT3gCoAEC
wUn05hdkhjM,"Notification Sqaaaaaaaaaad, where you at???????",notification sqaaaaaaaaaad where you at,0,2017-03-02T06:44:26Z,2017-03-02T06:44:26Z,UgilgxdKHC5ElngCoAEC
wUn05hdkhjM,"Unbelievably excited for this film, the heart, humour and stunning visuals are still there!<br><br>Excelsior to you Marvel!","unbelievably excited for this film the heart humour and stunning visuals are still there

excelsior to you marvel",9,2017-03-02T06:43:58Z,2017-03-02T06:43:58Z,UghG1Wk69Y_U6HgCoAEC
wUn05hdkhjM,Who has seen the aquaman footage uploaded by Snyder?,who has seen the aquaman footage uploaded by snyder,0,2017-03-02T06:42:56Z,2017-03-02T06:42:56Z,UghzctqSAlZJRXgCoAEC
wUn05hdkhjM,"&quot;Peter, I am your father.&quot;<br>&quot;Noooooooo!!!!!!!&quot;","peter i am your father
noooooooo",1,2017-03-02T06:41:57Z,2017-03-02T06:41:57Z,UgjXZPItdQERsXgCoAEC
wUn05hdkhjM,never been this early 😁<br>I&#39;m sooooo excited 😍,"never been this early 
im sooooo excited ",1,2017-03-02T06:41:44Z,2017-03-02T06:41:44Z,UghNpp5-1MiOkHgCoAEC
wUn05hdkhjM,So that&#39;s it huh?...We some kinda <b>Guardians of the Galaxy</b>,so thats it huhwe some kinda guardians of the galaxy,1,2017-03-02T06:41:43Z,2017-03-02T06:41:43Z,UghSMueTSD8SCngCoAEC
wUn05hdkhjM,Last time I was this early...,last time i was this early,0,2017-03-02T06:41:32Z,2017-03-02T06:41:32Z,UghInwY1PXszD3gCoAEC
wUn05hdkhjM,Marvel uploads their trailers a day after everyone else 😂,marvel uploads their trailers a day after everyone else ,0,2017-03-02T06:40:39Z,2017-03-02T06:40:39Z,UghzfFBkuuaTS3gCoAEC
wUn05hdkhjM,Am I the only one who saw this yesterday?,am i the only one who saw this yesterday,1,2017-03-02T06:40:14Z,2017-03-02T06:40:14Z,Uggrs4pKLFNxEHgCoAEC
wUn05hdkhjM,why baby groot seems so depressed or sad?,why baby groot seems so depressed or sad,0,2017-03-02T06:39:07Z,2017-03-02T06:39:07Z,UgjAJwBAgJpZdHgCoAEC
wUn05hdkhjM,NOT FIRST<br><br><br><br><br><br>still pretty early though,"not first





still pretty early though",0,2017-03-02T06:38:26Z,2017-03-02T06:38:26Z,Ugg_I14elkUaBngCoAEC
wUn05hdkhjM,Last time I was this early Baby Groot was just Groot.,last time i was this early baby groot was just groot,0,2017-03-02T06:38:17Z,2017-03-02T06:38:17Z,Ugj5DEqgwA1Rn3gCoAEC
wUn05hdkhjM,Wooow,wooow,0,2017-03-02T06:38:13Z,2017-03-02T06:38:13Z,Ugif346gBZwCE3gCoAEC
wUn05hdkhjM,"Like The Final, Like Like",like the final like like,1,2017-03-02T06:38:05Z,2017-03-02T06:38:05Z,Ugg6bR-uxgPym3gCoAEC
wUn05hdkhjM,"Finally we get to see Star-Lord&#39;s dad! And I can&#39;t wait to see Rocket and baby Groot! &lt;3 &lt;3 &lt;3<br><br>Also, I&#39;m the only one here who actually wants Gamora to be with Drax instead?! They&#39;d be an awesome couple!","finally we get to see starlords dad and i cant wait to see rocket and baby groot 3 3 3

also im the only one here who actually wants gamora to be with drax instead theyd be an awesome couple",0,2017-03-02T06:36:59Z,2017-03-02T06:36:59Z,UggQJ0MkrqxCdngCoAEC
wUn05hdkhjM,"&quot;But I guess we&#39;re both doing guns now, I just didn&#39;t know that&quot; Best line from the trailer",but i guess were both doing guns now i just didnt know that best line from the trailer,1,2017-03-02T06:36:46Z,2017-03-02T06:36:46Z,UghNCmRnwyALUXgCoAEC
wUn05hdkhjM,150 views.,150 views,0,2017-03-02T06:35:07Z,2017-03-02T06:35:07Z,UghF05Pozs-poXgCoAEC
wUn05hdkhjM,Ye boiii,ye boiii,0,2017-03-02T06:34:47Z,2017-03-02T06:34:47Z,UgjxZO8DIdt27XgCoAEC
wUn05hdkhjM,german????,german,1,2017-03-02T06:34:39Z,2017-03-02T06:34:39Z,UgieLcjn7LMlQngCoAEC
wUn05hdkhjM,This comment gonna be gone soon.,this comment gonna be gone soon,1,2017-03-02T06:34:08Z,2017-03-02T06:34:08Z,UghPzCj4ZYi_jXgCoAEC
wUn05hdkhjM,y los subtitulos ctm,y los subtitulos ctm,0,2017-03-02T06:34:06Z,2017-03-02T06:34:06Z,UgiGtShbZCMsOHgCoAEC
wUn05hdkhjM,"man drax&#39;s laugh at <a href=""http://www.youtube.com/watch?v=wUn05hdkhjM&amp;t=0m20s"">0:20</a> made my day",man draxs laugh at 020 made my day,0,2017-03-02T06:33:59Z,2017-03-02T06:33:59Z,Ugh3VDDoXlTKSHgCoAEC
wUn05hdkhjM,Kind of late marvel,kind of late marvel,0,2017-03-02T06:33:45Z,2017-03-02T06:33:45Z,UggFjJBNG2cm_ngCoAEC
wUn05hdkhjM,Thank you for introducing me to Fleetwood Mac. The Chain is an amazing song.,thank you for introducing me to fleetwood mac the chain is an amazing song,0,2017-03-02T06:33:23Z,2017-03-02T06:33:23Z,UghQJ6ogwilID3gCoAEC
wUn05hdkhjM,First 42 viewer,first 42 viewer,0,2017-03-02T06:33:22Z,2017-03-02T06:33:22Z,UghkeQbwAUX6OHgCoAEC
wUn05hdkhjM,Tfw you c a trailer 2 minutes after its upload and know it will get millions if views o.9,tfw you c a trailer 2 minutes after its upload and know it will get millions if views o9,0,2017-03-02T06:32:57Z,2017-03-02T06:32:57Z,UghpFjy2m4LSZXgCoAEC
wUn05hdkhjM,26 views 219 likes is there a hacker or is it a glitch.,26 views 219 likes is there a hacker or is it a glitch,0,2017-03-02T06:32:47Z,2017-03-02T06:32:47Z,UghXeHYtk-_VzHgCoAEC
wUn05hdkhjM,YAASSSS THIS IS GONNA BE GOOD!!!!!,yaassss this is gonna be good,3,2017-03-02T06:32:34Z,2017-03-02T06:32:34Z,UggZI5gajAlo-ngCoAEC
wUn05hdkhjM,This comes out 4 days after my birthday... Best birthday present ever!!!,this comes out 4 days after my birthday best birthday present ever,0,2017-03-02T06:32:34Z,2017-03-02T06:32:34Z,UggEGY0pbULaHngCoAEC
wUn05hdkhjM,WOOOOOWWWWWWWW,wooooowwwwwwww,1,2017-03-02T06:32:04Z,2017-03-02T06:32:04Z,UgjyFS2qJDxGP3gCoAEC
wUn05hdkhjM,wow great movie i love this,wow great movie i love this,3,2017-03-02T06:32:03Z,2017-03-02T06:32:03Z,UgjZeMJtYXW0qXgCoAEC
wUn05hdkhjM,WE GET TO SEE STAR LORD&#39;S DAD!!!!!,we get to see star lords dad,1,2017-03-02T06:31:52Z,2017-03-02T06:31:52Z,UgjEjMng14_4a3gCoAEC
wUn05hdkhjM,Ohh my god,ohh my god,0,2017-03-02T06:31:37Z,2017-03-02T06:31:37Z,UgjLFr9a-0hmVXgCoAEC
wUn05hdkhjM,early,early,0,2017-03-02T06:31:34Z,2017-03-02T06:31:34Z,UgjVoFn-PuvHcngCoAEC
wUn05hdkhjM,love chris 😻,love chris ,0,2017-03-02T06:31:17Z,2017-03-02T06:31:17Z,UgjjP7ribEsdjXgCoAEC
wUn05hdkhjM,Absolutely gorgeous visuals.,absolutely gorgeous visuals,2,2017-03-02T06:31:15Z,2017-03-02T06:31:15Z,UgjH4sLUdl94EngCoAEC
wUn05hdkhjM,I like the coloring of the trailer. Marvel made a good choice in picking the Red Weapons 8K as their camera. :),i like the coloring of the trailer marvel made a good choice in picking the red weapons 8k as their camera ,1,2017-03-02T06:31:14Z,2017-03-02T06:31:33Z,Ugjglu5fiVIGAHgCoAEC
wUn05hdkhjM,"No puedo esperar a ver que traerá de nuevo esta pelicula, será increíble :D",no puedo esperar a ver que traerá de nuevo esta pelicula será increíble d,4,2017-03-02T06:31:08Z,2017-03-02T06:31:08Z,Ugim6sX8y9P8NHgCoAEC
wUn05hdkhjM,hope you&#39;re ready,hope youre ready,1,2017-03-02T06:30:35Z,2017-03-02T06:30:35Z,UgicagC5M4qgK3gCoAEC
wUn05hdkhjM,"So that&#39;s it huh, we&#39;re some kind of Guardians of the Galaxy?",so thats it huh were some kind of guardians of the galaxy,2,2017-03-02T06:30:20Z,2017-03-02T06:30:20Z,UghWsGJ2T37fYHgCoAEC
wUn05hdkhjM,Fleetwood Mac - The Chain.,fleetwood mac  the chain,0,2017-03-02T06:30:17Z,2017-03-02T06:30:17Z,UggTVrAfEmpwPXgCoAEC
wUn05hdkhjM,pimbaaa,pimbaaa,0,2017-03-02T06:30:11Z,2017-03-02T06:30:11Z,UgielbWhRXhvzXgCoAEC
wUn05hdkhjM,esperó que se a una buena película,esperó que se a una buena película,0,2017-03-02T06:30:08Z,2017-03-02T06:30:08Z,UghqPUFhuRU-_HgCoAEC
wUn05hdkhjM,This is going to be LIT!!!,this is going to be lit,17,2017-03-02T06:30:06Z,2017-03-02T06:30:06Z,UgjeyhSseFoZiXgCoAEC
wUn05hdkhjM,Primeiro BR,primeiro br,0,2017-03-02T06:30:03Z,2017-03-02T06:30:03Z,UgjkCi4_bIazd3gCoAEC
wUn05hdkhjM,can&#39;t wait,cant wait,0,2017-03-02T06:30:02Z,2017-03-02T06:30:02Z,Ugjie-ELqkKSAHgCoAEC
wUn05hdkhjM,"I&#39;m 9th here. Still neva mind Marvel cos you&#39;re late, dude.",im 9th here still neva mind marvel cos youre late dude,0,2017-03-02T06:30:02Z,2017-03-02T06:31:57Z,UgjEij1ZpGb0VXgCoAEC
wUn05hdkhjM,Yes!!!,yes,1,2017-03-02T06:30:00Z,2017-03-02T06:30:00Z,UgjUp9V9uYOdPXgCoAEC
wUn05hdkhjM,woow,woow,0,2017-03-02T06:29:55Z,2017-03-02T06:29:55Z,UggbkXbrr29C6ngCoAEC
wUn05hdkhjM,algum brasileiro aqui,algum brasileiro aqui,0,2017-03-02T06:29:53Z,2017-03-02T06:29:53Z,UgiF4bL7eUitM3gCoAEC
wUn05hdkhjM,is that not real pase?,is that not real pase,0,2017-03-02T06:29:44Z,2017-03-02T06:29:44Z,Ugi-S8V8jOdlqHgCoAEC
wUn05hdkhjM,Rip was first a couple seconds ago😂😂😂,rip was first a couple seconds ago,2,2017-03-02T06:29:42Z,2017-03-02T06:29:42Z,UggvbLSw2VbLh3gCoAEC
wUn05hdkhjM,Can someone tell me what silvestre stallone doin here?,can someone tell me what silvestre stallone doin here,0,2017-03-02T06:29:42Z,2017-03-02T06:29:42Z,UgiIMoMwEOLFrXgCoAEC
wUn05hdkhjM,I have been waiting for this😁😁😁😁😁😝😝😝😝😝 Baby Groot Is so cuteee,i have been waiting for this baby groot is so cuteee,1,2017-03-02T06:29:42Z,2017-03-02T06:30:00Z,UgipuayMH4_cWXgCoAEC
wUn05hdkhjM,so close to first,so close to first,0,2017-03-02T06:29:42Z,2017-03-02T06:29:42Z,UgivKdNQiyTkV3gCoAEC
wUn05hdkhjM,Só agora que vocês postam? kkjkkkkkkkk,só agora que vocês postam kkjkkkkkkkk,0,2017-03-02T06:29:42Z,2017-03-02T06:29:42Z,UggWFoyXRudLcHgCoAEC
wUn05hdkhjM,THIS IS THE EARLIEST IVE EVER BEEN ON ANYTHING!!!!! I AM GROOT!!!!,this is the earliest ive ever been on anything i am groot,8,2017-03-02T06:29:39Z,2017-03-02T06:29:39Z,UgjB4BheR2PyhXgCoAEC
wUn05hdkhjM,Is very much cool.,is very much cool,8,2017-03-02T06:29:39Z,2017-03-02T06:29:39Z,UghAIZPWNV8JnngCoAEC
wUn05hdkhjM,17th,17th,0,2017-03-02T06:29:37Z,2017-03-02T06:29:37Z,Ugg1HgAdi4Tvv3gCoAEC
wUn05hdkhjM,Here before its viral,here before its viral,0,2017-03-02T06:29:36Z,2017-03-02T06:29:36Z,Ugg-72bjgWGYLXgCoAEC
wUn05hdkhjM,9 views 66 likes 0 dislikes.....,9 views 66 likes 0 dislikes,0,2017-03-02T06:29:30Z,2017-03-02T06:29:30Z,Ugh6gm4RvWcla3gCoAEC
wUn05hdkhjM,lit,lit,0,2017-03-02T06:29:29Z,2017-03-02T06:29:29Z,UgiFp0v0D8h-IHgCoAEC
wUn05hdkhjM,3コメ,3コメ,0,2017-03-02T06:29:27Z,2017-03-02T06:29:27Z,UgjTaMPSet4czHgCoAEC
wUn05hdkhjM,So that it? What we some kind of Guardians of the Galaxy?,so that it what we some kind of guardians of the galaxy,1,2017-03-02T06:29:25Z,2017-03-02T06:29:25Z,UgjtrdlnjSQ2BHgCoAEC
wUn05hdkhjM,Primeiro Br porra,primeiro br porra,0,2017-03-02T06:29:23Z,2017-03-02T06:29:23Z,Ugi22q9xXWN9f3gCoAEC
wUn05hdkhjM,nut*,nut,0,2017-03-02T06:29:19Z,2017-03-02T06:29:19Z,Ugj2Y13KFYZoEngCoAEC
wUn05hdkhjM,awesome 👌,awesome ,0,2017-03-02T06:29:19Z,2017-03-02T06:29:19Z,Ugj2sWbjVjwC_3gCoAEC
wUn05hdkhjM,First... wait,first wait,0,2017-03-02T06:29:19Z,2017-03-02T06:29:19Z,UghmT5TlPI4WZXgCoAEC
wUn05hdkhjM,8 views 55 likes !!,8 views 55 likes ,0,2017-03-02T06:29:17Z,2017-03-02T06:29:17Z,UggH55NbEG2yq3gCoAEC
wUn05hdkhjM,y u guys late... ur marvel...,y u guys late ur marvel,2,2017-03-02T06:29:16Z,2017-03-02T06:29:16Z,UghUVtx1CZmXWngCoAEC
wUn05hdkhjM,9th,9th,0,2017-03-02T06:29:14Z,2017-03-02T06:29:14Z,UgjsoEzEMUKHWHgCoAEC
wUn05hdkhjM,under 10 club nice:),under 10 club nice,0,2017-03-02T06:29:13Z,2017-03-02T06:29:13Z,Ugjx7L78hXPSN3gCoAEC
wUn05hdkhjM,third,third,0,2017-03-02T06:29:06Z,2017-03-02T06:29:06Z,Uggm3Pc49g1UzHgCoAEC
wUn05hdkhjM,"you&#39;re kind of late, Marvel",youre kind of late marvel,1,2017-03-02T06:29:06Z,2017-03-02T06:29:06Z,UgjfdEB9VCvB7HgCoAEC
wUn05hdkhjM,BABAYEGA,babayega,0,2017-03-02T06:29:03Z,2017-03-02T06:29:03Z,UgiD9CFa872p2ngCoAEC
wUn05hdkhjM,Omg,omg,0,2017-03-02T06:29:02Z,2017-03-02T06:29:02Z,UggW7xFmuFcjcHgCoAEC
wUn05hdkhjM,Notification Squad,notification squad,0,2017-03-02T06:29:01Z,2017-03-02T06:29:01Z,UggHeME_3y4eAHgCoAEC
wUn05hdkhjM,Woowww!!!,woowww,0,2017-03-02T06:28:59Z,2017-03-02T06:28:59Z,UghRoEKCatMQpngCoAEC
wUn05hdkhjM,Second,second,0,2017-03-02T06:28:54Z,2017-03-02T06:28:54Z,UgjY7vSvO42YMngCoAEC
wUn05hdkhjM,2nd,2nd,0,2017-03-02T06:28:53Z,2017-03-02T06:28:53Z,Ugi8JJs9jKKGbHgCoAEC
wUn05hdkhjM,awesome,awesome,0,2017-03-02T06:28:53Z,2017-03-02T06:28:53Z,Ugi0QydPDhFLwXgCoAEC
wUn05hdkhjM,Y&#39;all jokers must be crazy.,yall jokers must be crazy,3,2017-03-02T06:28:53Z,2017-03-02T06:29:04Z,UggP3q3mr1GSyHgCoAEC
wUn05hdkhjM,ooooo,ooooo,1,2017-03-02T06:28:47Z,2017-03-02T06:28:47Z,UgifGDs5xSJu8HgCoAEC
,,,,,,
,,,,,,
,,,,,,
,,,,,,
,,,,,,
,,,,,,
,,,,,,
,,,,,,
,,,,,,
,,,,,,
,,,,,,
,,,,,,
,,,,,,
,,,,,,
,,,,,,
,,,,,,
,,,,,,
,,,,,,
,,,,,,
,,,,,,
,,,,,,
,,,,,,
,,,,,,
