videoId,textDisplay,textOriginal,likeCount,publishedAt,updatedAt,parentId,commentId
wUn05hdkhjM,Best trailer ever,Best trailer ever,1,2023-06-09T22:08:46Z,2023-06-09T22:08:46Z,,Ugyf8TM4KhTmpCC6abd4AaABAg
wUn05hdkhjM,Trailer yang menarik,Trailer yang menarik,1,2023-06-07T00:54:45Z,2023-06-07T00:54:45Z,,Ugxk0pqV5NXWxCwaSRp4AaABAg
wUn05hdkhjM,Hated?,Hated?,0,2023-06-05T20:25:18Z,2023-06-05T20:25:18Z,Ugw5reZzI2mdpnCjILZ4AaABAg,Ugw5reZzI2mdpnCjILZ4AaABAg.9qQjtoz96Re9qaJdZ4u5fi
wUn05hdkhjM,The Chain - Fleetwood Mac,The Chain - Fleetwood Mac,1,2023-05-29T11:25:43Z,2023-05-29T11:25:43Z,Ugyo5DaA6UNiapr4wNx4AaABAg,Ugyo5DaA6UNiapr4wNx4AaABAg.9qGxlgzd92X9qIKKS5vY83
wUn05hdkhjM,I just watching this again 😅,I just watching this again 😅,0,2023-05-27T03:19:47Z,2023-05-27T03:19:47Z,,UgzyVTMnVDGE-gkvkTt4AaABAg
wUn05hdkhjM,"The only true Family in the whole MCU, God bless James Gunn","The only true Family in the whole MCU, God bless James Gunn",0,2023-05-24T19:09:22Z,2023-05-24T19:09:22Z,,Ugz0j8L9Gnfe0uKc93d4AaABAg
wUn05hdkhjM,GOTG 3 Might have been the best film of this trliogy this was the best trailer,GOTG 3 Might have been the best film of this trliogy this was the best trailer,0,2023-05-23T10:33:12Z,2023-05-23T10:33:12Z,,UgxPnJwJOCHXevy2aA54AaABAg
wUn05hdkhjM,This hits different after GOTG 3,This hits different after GOTG 3,1,2023-05-23T09:41:17Z,2023-05-23T09:41:17Z,,UgzdTAKbKHm8Sbc10sd4AaABAg
wUn05hdkhjM,Why an I still watching this after 6 years?,Why an I still watching this after 6 years?,2,2023-05-22T16:41:31Z,2023-05-22T16:41:31Z,,Ugz5jrkSzshA-0a7GNF4AaABAg
wUn05hdkhjM,"I&#39;m nostalgic for this trailer and this movie. I saw it in theatres back when I was still in elementary school (7th grade) and now I&#39;m out of highschool. Things were simpler then, there was all the hype after Civil War, then this, and then Infinity War, Endgame and now the third Guardians movie, which I saw in theatres twice and cried both times. I will never forget these characters, these movies, and will forever be grateful to James Gunn.","I'm nostalgic for this trailer and this movie. I saw it in theatres back when I was still in elementary school (7th grade) and now I'm out of highschool. Things were simpler then, there was all the hype after Civil War, then this, and then Infinity War, Endgame and now the third Guardians movie, which I saw in theatres twice and cried both times. I will never forget these characters, these movies, and will forever be grateful to James Gunn.",5,2023-05-21T02:40:04Z,2023-05-21T02:40:04Z,,Ugyvwtcbq39J-M1x7m54AaABAg
wUn05hdkhjM,Anyone still rewatching this trailer in 2023 anyone?,Anyone still rewatching this trailer in 2023 anyone?,3,2023-05-20T15:36:40Z,2023-05-20T15:36:40Z,,Ugywb_FSvviNeYnkwed4AaABAg
wUn05hdkhjM,I’m so hyped for this movie can’t wait to see it!,I’m so hyped for this movie can’t wait to see it!,1,2023-05-19T20:17:32Z,2023-05-19T20:17:32Z,,UgwFxsO_rRbL160hBUd4AaABAg
wUn05hdkhjM,Mt sdds agora 🥺,Mt sdds agora 🥺,1,2023-05-18T16:53:15Z,2023-05-18T16:53:15Z,,UgxJR-Ujw0q6gBjEQXV4AaABAg
wUn05hdkhjM,Que bendición,Que bendición,2,2023-05-17T21:57:41Z,2023-05-17T21:57:41Z,,Ugz5WV29HxI3FMl7Vpl4AaABAg
wUn05hdkhjM,Me,Me,0,2023-05-17T02:18:14Z,2023-05-17T02:18:14Z,UgxoJ2njI-UneaQxEg14AaABAg,UgxoJ2njI-UneaQxEg14AaABAg.9pmfcMWJYnZ9pnS81XP16d
wUn05hdkhjM,"<a href=""https://www.youtube.com/watch?v=wUn05hdkhjM&amp;t=1m11s"">1:11</a> love this title card name bit, edited well.","1:11 love this title card name bit, edited well.",2,2023-05-15T05:07:45Z,2023-05-15T05:08:04Z,,UgwMiJm2atL8DvSE8XN4AaABAg
wUn05hdkhjM,Same,Same,0,2023-05-15T05:08:03Z,2023-05-15T05:08:03Z,Ugx_wHKduj7Iftn97PR4AaABAg,Ugx_wHKduj7Iftn97PR4AaABAg.9piUhkxkyPj9piaz3Mp8Yk
wUn05hdkhjM,"It&#39;s over again in this May 2023, I felt be like a nostalgic remember when I watched that movie.","It's over again in this May 2023, I felt be like a nostalgic remember when I watched that movie.",0,2023-05-14T23:51:48Z,2023-05-14T23:51:48Z,,UgwsTPJ0pIcFzsshmL94AaABAg
wUn05hdkhjM,So true.,So true.,1,2023-05-17T08:39:08Z,2023-05-17T08:39:08Z,Ugxj_9A6CFj4fE9A9Wx4AaABAg,Ugxj_9A6CFj4fE9A9Wx4AaABAg.9phq9B-9GIK9po7ircYJc3
wUn05hdkhjM,An amazing trailer (although it probably didn&#39;t need the final bit),An amazing trailer (although it probably didn't need the final bit),0,2023-05-14T21:25:45Z,2023-05-14T21:25:45Z,,UgyfryGpFu2j0h7PoKZ4AaABAg
wUn05hdkhjM,I remember this 6 years ago I was about to graduate high school good memories,I remember this 6 years ago I was about to graduate high school good memories,0,2023-05-14T20:39:57Z,2023-05-14T20:39:57Z,,Ugyl60lFO8zenGZkDOx4AaABAg
wUn05hdkhjM,Marvel&#39;s first family - fantastic four <br>MCUs first family - freaking Guardians of the Galaxy,"Marvel's first family - fantastic four 
MCUs first family - freaking Guardians of the Galaxy",1,2023-05-14T13:33:53Z,2023-05-14T13:33:53Z,,UgwQ5LSQGVg-KgKb93d4AaABAg
wUn05hdkhjM,Why is groot wearing the ravenger outfit at the start of the movie?,Why is groot wearing the ravenger outfit at the start of the movie?,2,2023-05-14T11:53:39Z,2023-05-14T11:53:39Z,,UgzXGmpZ2sKPYvEGh994AaABAg
wUn05hdkhjM,❤❤,❤❤,0,2023-05-14T05:25:53Z,2023-05-14T05:25:53Z,,Ugy7y3O24ECcjzw90zN4AaABAg
wUn05hdkhjM,"How did Gunn pull this off ❤ this trailer took me back and just seeing how many characters are in this movie that we care about , it’s crazy","How did Gunn pull this off ❤ this trailer took me back and just seeing how many characters are in this movie that we care about , it’s crazy",4,2023-05-13T21:47:13Z,2023-05-13T21:47:13Z,,Ugzk7uWUBcABwfUtNzV4AaABAg
wUn05hdkhjM,I think a sequel would be profitable,I think a sequel would be profitable,2,2023-05-13T18:06:08Z,2023-05-13T18:06:08Z,,Ugx7v2fRKSaeOyW_3Xx4AaABAg
wUn05hdkhjM,Best guardians movie hands down,Best guardians movie hands down,1,2023-05-13T18:04:29Z,2023-05-13T18:04:29Z,,Ugz4Kb9Vhw56LQ3o0u94AaABAg
wUn05hdkhjM,"- You are not friends<br>- No, we&#39;re family.<br><br>Hits harder now","- You are not friends
- No, we're family.

Hits harder now",1,2023-05-13T15:27:30Z,2023-05-13T15:27:30Z,,UgwtpE4EoGbmQzpXShh4AaABAg
wUn05hdkhjM,Guardians of the Galaxy Vol.2 was amazing! Baby Groot my favorite 👏👏👏👏,Guardians of the Galaxy Vol.2 was amazing! Baby Groot my favorite 👏👏👏👏,4,2023-05-13T07:57:06Z,2023-05-13T07:57:06Z,,UgygvJLUTw6ze40r8h54AaABAg
wUn05hdkhjM,Same for me,Same for me,0,2023-05-13T07:57:20Z,2023-05-13T07:57:20Z,UgyJ_kWAwyoj6XGmkxF4AaABAg,UgyJ_kWAwyoj6XGmkxF4AaABAg.9pcWFFEu0DF9pdkl6ivRkL
wUn05hdkhjM,i got my tickets ready!! i cant wait!!,i got my tickets ready!! i cant wait!!,1,2023-05-12T18:02:21Z,2023-05-12T18:02:21Z,,Ugzr58nnjC2DHsPZc_l4AaABAg
wUn05hdkhjM,yup.,yup.,0,2023-05-12T19:17:40Z,2023-05-12T19:17:40Z,UgzLYY1zjs7tz3_tuwB4AaABAg,UgzLYY1zjs7tz3_tuwB4AaABAg.9pbzagOCUYT9pcOp9q_Gi6
wUn05hdkhjM,Fleetwood Mac- Chain,Fleetwood Mac- Chain,0,2023-05-12T14:26:28Z,2023-05-12T14:26:28Z,UgzeRZ0mll9BjwbvLYp4AaABAg,UgzeRZ0mll9BjwbvLYp4AaABAg.9pb5b_Dr6vE9pbsVQfsvlX
wUn05hdkhjM,I came to terms that GOTG is the best team ever. Respectfully i love stark tho,I came to terms that GOTG is the best team ever. Respectfully i love stark tho,0,2023-05-12T01:10:41Z,2023-05-12T01:10:41Z,,Ugx9Ig1rekIhtUcP6Jd4AaABAg
wUn05hdkhjM,It&#39;s been 6 yrs,It's been 6 yrs,0,2023-05-11T23:18:41Z,2023-05-11T23:18:41Z,,UgxgpVGjTSH6UOtNml94AaABAg
wUn05hdkhjM,"I haven’t seen this trailer in so long, My God this takes me back","I haven’t seen this trailer in so long, My God this takes me back",2,2023-05-11T17:07:31Z,2023-05-11T17:07:31Z,,UgwhMgKd2Q58cdt2IPl4AaABAg
wUn05hdkhjM,Was the thumbnail for this actually a title card mid transition,Was the thumbnail for this actually a title card mid transition,3,2023-05-11T10:12:33Z,2023-05-11T10:12:33Z,,UgyKX6R-b9XENTOnCt54AaABAg
wUn05hdkhjM,"Why me, maybe i am the chosen one 💀","Why me, maybe i am the chosen one 💀",8,2023-05-10T10:50:54Z,2023-05-10T10:50:54Z,,UgzCSM84yq_M-GFj5p94AaABAg
wUn05hdkhjM,I’m so excited!,I’m so excited!,1,2023-05-10T08:43:39Z,2023-05-10T08:43:39Z,,UgwTPTCop6sbQx2nedd4AaABAg
wUn05hdkhjM,"Man, prepping for GOTG this weekend, crazy","Man, prepping for GOTG this weekend, crazy",5,2023-05-10T04:10:03Z,2023-05-10T04:10:03Z,,UgzS7dHbB7-sGuZ7GnN4AaABAg
wUn05hdkhjM,watcging this after watching the 3rd movie,watcging this after watching the 3rd movie,9,2023-05-09T09:24:24Z,2023-05-09T09:24:24Z,,UgwuDaPAugIFKal-SkB4AaABAg
wUn05hdkhjM,I’m bouta see vol 3 and I see this in my recommended page.,I’m bouta see vol 3 and I see this in my recommended page.,14,2023-05-06T13:32:46Z,2023-05-06T13:32:46Z,,UgxsaMd5xh0QtYD1aql4AaABAg
wUn05hdkhjM,"Happy 6th Anniversary Marvel Studios &quot;GUARDIANS OF THE GALAXY 2 (aka Vol. 2)&quot; (MAY 5, 2017)!!!!!!!!!!!!!!!!!!!!!!!!!!!!!!!!!!!!!!!!!!!!!!!!!!!!!!!!!!!!!!!!!!!!!!!!!!!!!!!!!!!!!!!!!!!!!!!!!!!!!!!! (R.I.P. STAN LEE)","Happy 6th Anniversary Marvel Studios ""GUARDIANS OF THE GALAXY 2 (aka Vol. 2)"" (MAY 5, 2017)!!!!!!!!!!!!!!!!!!!!!!!!!!!!!!!!!!!!!!!!!!!!!!!!!!!!!!!!!!!!!!!!!!!!!!!!!!!!!!!!!!!!!!!!!!!!!!!!!!!!!!!! (R.I.P. STAN LEE)",4,2023-05-05T18:47:37Z,2023-05-05T18:47:37Z,,UgyutHYtLaXOQoC57Qh4AaABAg
wUn05hdkhjM,Not only marvel but alot of studios need to step up with their trailers lately  this still rocks,Not only marvel but alot of studios need to step up with their trailers lately  this still rocks,2,2023-05-04T15:12:30Z,2023-05-04T15:12:30Z,,UgwPs1kEhRYU0iBDhnJ4AaABAg
wUn05hdkhjM,Easily top 3 marvel trailers ever,Easily top 3 marvel trailers ever,7,2023-05-03T05:48:50Z,2023-05-03T05:48:50Z,,Ugw4X3nZubsDB98kUh14AaABAg
wUn05hdkhjM,"Wow, Vol 3 also comes out on May 5th","Wow, Vol 3 also comes out on May 5th",4,2023-04-26T03:30:25Z,2023-04-26T03:30:25Z,,Ugw9dpHA2QGWBGR4s414AaABAg
wUn05hdkhjM,One of the best trailer ever made,One of the best trailer ever made,0,2023-05-23T13:12:38Z,2023-05-23T13:12:38Z,UgwFW4n8IH6ICDQl2uZ4AaABAg,UgwFW4n8IH6ICDQl2uZ4AaABAg.9olvzGwsVrB9q33nD1Yl08
wUn05hdkhjM,@Sullivan Ralston Fleetwood Mac &quot;The Chain&quot;,"@Sullivan Ralston Fleetwood Mac ""The Chain""",1,2023-05-21T01:31:26Z,2023-05-21T01:31:26Z,UgwFW4n8IH6ICDQl2uZ4AaABAg,UgwFW4n8IH6ICDQl2uZ4AaABAg.9olvzGwsVrB9pxexhzWNKu
wUn05hdkhjM,Who sings it?,Who sings it?,1,2023-05-20T21:45:52Z,2023-05-20T21:45:52Z,UgwFW4n8IH6ICDQl2uZ4AaABAg,UgwFW4n8IH6ICDQl2uZ4AaABAg.9olvzGwsVrB9pxG8dJ9yFM
wUn05hdkhjM,same,same,3,2023-05-10T03:06:28Z,2023-05-10T03:06:28Z,UgwFW4n8IH6ICDQl2uZ4AaABAg,UgwFW4n8IH6ICDQl2uZ4AaABAg.9olvzGwsVrB9pWW5CojNcJ
wUn05hdkhjM,I absolutely agree,I absolutely agree,3,2023-05-08T05:39:53Z,2023-05-08T05:39:53Z,UgwFW4n8IH6ICDQl2uZ4AaABAg,UgwFW4n8IH6ICDQl2uZ4AaABAg.9olvzGwsVrB9pRd37FyzCE
wUn05hdkhjM,ฉันรักคุณ❤,ฉันรักคุณ❤,1,2023-04-20T07:31:17Z,2023-04-20T07:31:17Z,,Ugxw1FMk9bqVWRYWX-V4AaABAg
wUn05hdkhjM,That was joyous times of this anticipation.,That was joyous times of this anticipation.,0,2023-04-16T23:10:35Z,2023-04-16T23:10:35Z,,UgyBZfe0ub1HsSXGQ2l4AaABAg
wUn05hdkhjM,This was a pretty good movie in the theaters,This was a pretty good movie in the theaters,5,2023-03-12T02:12:22Z,2023-03-12T02:12:22Z,,Ugwg0UO7MUNGiYYdS4Z4AaABAg
wUn05hdkhjM,Rocket thanks from ryan,Rocket thanks from ryan,2,2023-03-04T07:01:50Z,2023-03-04T07:01:50Z,,Ugw4i70w1wJI0LW3cgV4AaABAg
wUn05hdkhjM,wow this one has a VERY different vibe from the GotG 3 trailer.,wow this one has a VERY different vibe from the GotG 3 trailer.,7,2023-02-17T16:01:55Z,2023-02-17T16:01:55Z,,Ugxn-zWWnUFxibMmT5J4AaABAg
wUn05hdkhjM,I just saw movie,I just saw movie,3,2023-05-07T12:38:42Z,2023-05-07T12:38:42Z,Ugxboash2gmJJJ6VKI54AaABAg,Ugxboash2gmJJJ6VKI54AaABAg.9m7cwKtjlPf9pPoBeIH-KL
wUn05hdkhjM,@Nigward What spoilers?,@Nigward What spoilers?,0,2023-03-28T04:18:37Z,2023-03-28T04:18:37Z,Ugxboash2gmJJJ6VKI54AaABAg,Ugxboash2gmJJJ6VKI54AaABAg.9m7cwKtjlPf9nmvA1q8Pti
wUn05hdkhjM,You&#39;ve heard spoilers too huh.😔,You've heard spoilers too huh.😔,0,2023-02-17T04:32:13Z,2023-02-17T04:32:13Z,Ugxboash2gmJJJ6VKI54AaABAg,Ugxboash2gmJJJ6VKI54AaABAg.9m7cwKtjlPf9mDWiQqhScs
wUn05hdkhjM,Heeeee,Heeeee,0,2023-02-17T04:32:22Z,2023-02-17T04:32:22Z,Ugxuq7rEdcao21pA80d4AaABAg,Ugxuq7rEdcao21pA80d4AaABAg.9lphe__xfwP9mDWjZg_kwS
wUn05hdkhjM,Gusrdians of the galaxy 2 2017,Gusrdians of the galaxy 2 2017,1,2023-01-29T04:13:13Z,2023-01-29T04:13:13Z,,Ugxd86tKuVGdbiqxqYF4AaABAg
wUn05hdkhjM,You did this.,You did this.,1,2023-01-14T07:50:29Z,2023-01-14T07:50:29Z,,UgzPZNqOlYNkuIxnNft4AaABAg
wUn05hdkhjM,God I love the text don’t they chose for the trailers for this film,God I love the text don’t they chose for the trailers for this film,1,2023-01-08T00:29:02Z,2023-01-08T00:29:02Z,,UgxPDRcnyWLcOMklmgt4AaABAg
wUn05hdkhjM,"<a href=""https://www.youtube.com/watch?v=wUn05hdkhjM&amp;t=2m16s"">2:16</a>  creepy eyes still",2:16  creepy eyes still,3,2023-01-02T01:29:54Z,2023-01-02T01:29:54Z,,UgyYzRdYoyfjQtozIxN4AaABAg
wUn05hdkhjM,"Oml at <a href=""https://www.youtube.com/watch?v=wUn05hdkhjM&amp;t=1m55s"">1:55</a> starmora are holding hands. WHY WASNT THIS IS THE MOVIE?!?!?!?",Oml at 1:55 starmora are holding hands. WHY WASNT THIS IS THE MOVIE?!?!?!?,0,2022-12-29T23:51:30Z,2022-12-29T23:51:30Z,,UgwJsjDKytoaASGVyyp4AaABAg
wUn05hdkhjM,This trailer is the reason I like this song🎵,This trailer is the reason I like this song🎵,0,2023-02-17T04:33:32Z,2023-02-17T04:33:32Z,UgyIE93oj1Lj89wb5Ft4AaABAg,UgyIE93oj1Lj89wb5Ft4AaABAg.9k3oId8WPbg9mDWs48-Qab
wUn05hdkhjM,top ten mcu movie trailer,top ten mcu movie trailer,3,2022-12-12T05:22:51Z,2022-12-12T05:22:51Z,,UgyLdtv53x53QRh8fJx4AaABAg
wUn05hdkhjM,the funniest scene was when Drax put on quill’s suit while carrying mantis and was like “My nIpPleS!”,the funniest scene was when Drax put on quill’s suit while carrying mantis and was like “My nIpPleS!”,15,2022-12-09T01:28:00Z,2022-12-09T01:28:00Z,,UgyobzQcdF2OovV9Md94AaABAg
wUn05hdkhjM,The amount of justice they did to Fleetwood Mac’s The Chain is honestly insane. It made the trailer for me.,The amount of justice they did to Fleetwood Mac’s The Chain is honestly insane. It made the trailer for me.,125,2022-12-02T23:45:36Z,2022-12-02T23:45:36Z,,UgzECMZ-nWvwxyWF_9h4AaABAg
wUn05hdkhjM,RIP Christine McVie,RIP Christine McVie,1,2022-11-30T20:46:58Z,2022-11-30T20:46:58Z,,UgyAZL1LFJIYXOya41J4AaABAg
wUn05hdkhjM,When Marvel no was woke,When Marvel no was woke,3,2022-11-19T22:48:37Z,2022-11-19T22:48:37Z,,UgzUiNRMNaWebZ9dvtp4AaABAg
wUn05hdkhjM,"<a href=""https://www.youtube.com/watch?v=wUn05hdkhjM&amp;t=1m03s"">1:03</a> <a href=""https://www.youtube.com/watch?v=wUn05hdkhjM&amp;t=1m02s"">1:02</a>",1:03 1:02,2,2022-11-01T15:17:19Z,2022-11-02T01:15:51Z,,Ugw4Ep8XfZtZGogjiXR4AaABAg
wUn05hdkhjM,The chain,The chain,1,2022-11-13T21:56:23Z,2022-11-13T21:56:23Z,UgxmMnDZFA262mHgVW54AaABAg,UgxmMnDZFA262mHgVW54AaABAg.9hpujta2Y5i9iOBuBkNwF5
wUn05hdkhjM,5 year anniversary. Sly Stallone and Kurt Russell were the best in this movie. I&#39;m looking forward to the third Guardians of the Galaxy on the same date in the next year.,5 year anniversary. Sly Stallone and Kurt Russell were the best in this movie. I'm looking forward to the third Guardians of the Galaxy on the same date in the next year.,25,2022-10-28T18:47:48Z,2022-12-02T23:36:31Z,,Ugy0w9eRTe5pRmZvRKZ4AaABAg
wUn05hdkhjM,"The chain, by fleetwood Mac","The chain, by fleetwood Mac",0,2022-11-13T21:56:36Z,2022-11-13T21:56:36Z,UgycIK8RzQDxFANMLLR4AaABAg,UgycIK8RzQDxFANMLLR4AaABAg.9hY19-wIG_j9iOBvmbz6DT
wUn05hdkhjM,"<a href=""https://www.youtube.com/watch?v=wUn05hdkhjM&amp;t=0m22s"">0:22</a>",0:22,1,2022-09-26T23:01:38Z,2022-09-26T23:01:38Z,,UgznPreVCTafT6EYYgh4AaABAg
wUn05hdkhjM,"<a href=""https://www.youtube.com/watch?v=wUn05hdkhjM&amp;t=1m13s"">1:13</a>",1:13,2,2022-09-22T03:34:47Z,2022-09-22T03:34:47Z,,Ugwzx4GRCqNXRuVpepF4AaABAg
wUn05hdkhjM,It’s sad this trailer got so little views,It’s sad this trailer got so little views,1,2022-09-18T18:22:17Z,2022-09-18T18:22:17Z,,UgwHOLLSrUkpTJ02CdJ4AaABAg
wUn05hdkhjM,This video is so nice. I will download the movie,This video is so nice. I will download the movie,0,2022-08-27T19:44:38Z,2022-08-27T19:44:38Z,,Ugz6laX7O-ftBIWP_T94AaABAg
wUn05hdkhjM,I can&#39;t wait for The third volume! Come on feige hype us up some company are just douchebags!!! And you can do much better!!!,I can't wait for The third volume! Come on feige hype us up some company are just douchebags!!! And you can do much better!!!,3,2022-08-11T01:18:06Z,2022-08-11T01:18:06Z,,UgyyiZvRIPq7YuNrwBt4AaABAg
wUn05hdkhjM,"2022 And the one and only thing that can give Marvel some quality, are still the Guardians of the Galaxy","2022 And the one and only thing that can give Marvel some quality, are still the Guardians of the Galaxy",0,2022-08-03T15:13:47Z,2022-08-03T15:13:47Z,,Ugzhe9vtV-4lP4-8h3h4AaABAg
wUn05hdkhjM,"honestly, this movie is kinda underrated given how low ppl rank it in the MCU. I think its aged pretty well","honestly, this movie is kinda underrated given how low ppl rank it in the MCU. I think its aged pretty well",4,2022-07-25T18:46:13Z,2022-07-25T18:46:13Z,,Ugzuz95Wlrlr4X4sIsN4AaABAg
wUn05hdkhjM,Song name plss?,Song name plss?,2,2022-07-22T12:03:05Z,2022-07-22T12:03:05Z,,Ugy7Aqd33tDKMAy9gvJ4AaABAg
wUn05hdkhjM,Jesus is the lord,Jesus is the lord,4,2022-07-20T00:18:46Z,2022-07-20T00:18:46Z,,UgxwATqQW76VxHmWfSx4AaABAg
wUn05hdkhjM,"To this day, the Guardians of the Galaxy films are still my favorite MCU Films","To this day, the Guardians of the Galaxy films are still my favorite MCU Films",12,2022-06-29T06:33:27Z,2022-06-29T06:33:27Z,,Ugxp4B1aQVdF6k50UFB4AaABAg
wUn05hdkhjM,Kinda crazy how much this trailer throws viewers off the scent of what the movie is actually about,Kinda crazy how much this trailer throws viewers off the scent of what the movie is actually about,4,2022-06-13T21:20:35Z,2022-06-13T21:20:35Z,,Ugxe4w2EHPM5p-p05vx4AaABAg
wUn05hdkhjM,Classic 🔥😊,Classic 🔥😊,1,2022-05-24T04:19:27Z,2022-05-24T04:19:27Z,,UgydDylxCE9oMWddWpJ4AaABAg
wUn05hdkhjM,"The trailer man, it is so good thats why, including the movie","The trailer man, it is so good thats why, including the movie",0,2023-05-20T02:28:13Z,2023-05-20T02:28:13Z,UgxbVuZ0Ao5yex5z9rN4AaABAg,UgxbVuZ0Ao5yex5z9rN4AaABAg.9b08_uV_BZ89pvBem8s_J6
wUn05hdkhjM,Watching it rn too lol,Watching it rn too lol,0,2023-05-19T22:12:33Z,2023-05-19T22:12:33Z,UgxbVuZ0Ao5yex5z9rN4AaABAg,UgxbVuZ0Ao5yex5z9rN4AaABAg.9b08_uV_BZ89pujPFhONXB
wUn05hdkhjM,Same,Same,0,2023-05-17T12:30:00Z,2023-05-17T12:30:00Z,UgxbVuZ0Ao5yex5z9rN4AaABAg,UgxbVuZ0Ao5yex5z9rN4AaABAg.9b08_uV_BZ89poY8fI8taO
wUn05hdkhjM,6 years here,6 years here,0,2023-05-17T12:01:47Z,2023-05-17T12:01:47Z,UgxbVuZ0Ao5yex5z9rN4AaABAg,UgxbVuZ0Ao5yex5z9rN4AaABAg.9b08_uV_BZ89poUv2Hl-t3
wUn05hdkhjM,"Because the MCU became trash, except for No Way Home and Guardians of the Galaxy Vol.3","Because the MCU became trash, except for No Way Home and Guardians of the Galaxy Vol.3",0,2023-05-15T14:50:12Z,2023-05-15T14:50:25Z,UgxbVuZ0Ao5yex5z9rN4AaABAg,UgxbVuZ0Ao5yex5z9rN4AaABAg.9b08_uV_BZ89pjdap2KBuQ
wUn05hdkhjM,"5 years later, I can still hear them saying you must never break the Chain. Happy Anniversary to one of my favorite movies.","5 years later, I can still hear them saying you must never break the Chain. Happy Anniversary to one of my favorite movies.",17,2022-05-06T03:11:50Z,2022-05-06T03:12:02Z,,Ugz-yJ5BvCgFGWr62VB4AaABAg
wUn05hdkhjM,I can’t believe this movie is officially 5 years old,I can’t believe this movie is officially 5 years old,4,2022-05-05T13:25:58Z,2022-05-05T13:25:58Z,,Ugz8naLhz_OJu2Jciht4AaABAg
wUn05hdkhjM,"All you do is yell at each other your not friends.<br><br>Drax: No, we&#39;re family<br><br>Dom: 👀👀","All you do is yell at each other your not friends.

Drax: No, we're family

Dom: 👀👀",4,2022-04-25T22:39:09Z,2022-04-25T22:39:09Z,,Ugx2r2ieRccSKxT9T3B4AaABAg
wUn05hdkhjM,"The MCU is vast, expansive, and colourful. And that fact is thanks to the Guardians movies.<br>So GG, you loveable pack of space-faring misfits. I Am Groot!","The MCU is vast, expansive, and colourful. And that fact is thanks to the Guardians movies.
So GG, you loveable pack of space-faring misfits. I Am Groot!",3,2022-04-15T14:44:11Z,2022-04-15T14:44:11Z,,UgyknIvE2dp_KTKFcF14AaABAg
wUn05hdkhjM,The Chain by Fleetwood Mac,The Chain by Fleetwood Mac,0,2022-04-22T13:09:19Z,2022-04-22T13:09:19Z,UgwKyl4m1pWiND4S12x4AaABAg,UgwKyl4m1pWiND4S12x4AaABAg.9_mM8x_xnar9a7OcW6B7cJ
wUn05hdkhjM,I love this movie so much 2022,I love this movie so much 2022,1,2022-04-09T19:03:13Z,2022-04-09T19:03:13Z,,UgxB8KjxgiU_3AXC-fV4AaABAg
wUn05hdkhjM,Me : 🙀🤯😘,Me : 🙀🤯😘,0,2022-03-16T10:16:08Z,2022-03-16T10:16:08Z,,UgyVJdWbNKSjrL_E5mV4AaABAg
wUn05hdkhjM,Probably the funniest MCU film I’ve ever watched,Probably the funniest MCU film I’ve ever watched,2,2022-03-12T01:27:48Z,2022-03-12T01:27:48Z,,Ugzjm0Cs9Tz_ht-wauV4AaABAg
wUn05hdkhjM,😀😀😀😀,😀😀😀😀,0,2022-03-01T12:28:13Z,2022-03-01T12:28:13Z,,UgwS5uVq-bBLXFI82-p4AaABAg
wUn05hdkhjM,I really love this Movie back in 2017.,I really love this Movie back in 2017.,2,2022-02-20T23:37:33Z,2022-02-20T23:37:33Z,,UgyA8JK_NAyjVavuGIZ4AaABAg
wUn05hdkhjM,Y does this trailer have no views,Y does this trailer have no views,1,2022-02-19T00:35:52Z,2022-02-19T00:35:52Z,,Ugybp9DZsKCyxFum_QF4AaABAg
wUn05hdkhjM,Roses are red violets are blue he climbed us and we haven in aview,Roses are red violets are blue he climbed us and we haven in aview,0,2022-02-18T22:17:32Z,2022-02-18T22:17:32Z,,UgyOh4GxwUN9-OY3lVl4AaABAg
wUn05hdkhjM,This is cool,This is cool,0,2022-02-15T13:46:50Z,2022-02-15T13:46:50Z,,UgxBLhDsndd5FNr0jvh4AaABAg
wUn05hdkhjM,"Having watched the movie, they did a great job not spoiling Ego and going with a misdirect, that the Sovereign are the villains","Having watched the movie, they did a great job not spoiling Ego and going with a misdirect, that the Sovereign are the villains",0,2022-02-14T19:47:03Z,2022-02-14T19:47:03Z,,UgzF2civtmDLsbU1k3l4AaABAg
wUn05hdkhjM,Song name,Song name,1,2022-02-03T11:46:27Z,2022-02-03T11:46:27Z,,Ugyao2pTtqmrb5NCZst4AaABAg
wUn05hdkhjM,Rocket is so funny,Rocket is so funny,2,2022-01-29T15:01:50Z,2022-01-29T15:01:50Z,,UgwQ54OvZyVo_clIv9l4AaABAg
wUn05hdkhjM,I Watched this trailer when it first came out. Been watching it since. It never gets old.,I Watched this trailer when it first came out. Been watching it since. It never gets old.,2,2022-01-25T01:01:08Z,2022-01-25T01:01:08Z,,Ugz3TmLoxXYI7DVQhm54AaABAg
wUn05hdkhjM,Just think this movie exists because Rocket stole some harbulary batteries!,Just think this movie exists because Rocket stole some harbulary batteries!,2,2022-01-24T03:48:43Z,2022-02-02T15:25:03Z,,UgyX5703XXktqSXCYoJ4AaABAg
wUn05hdkhjM,Groot is back,Groot is back,0,2022-01-09T11:30:58Z,2022-01-09T11:30:58Z,,UgzqUpTU1e6K7Nb4tEJ4AaABAg
wUn05hdkhjM,Hello Peter...,Hello Peter...,0,2022-01-01T23:32:13Z,2022-01-01T23:32:13Z,,UgxckgITIACGvtgXH5t4AaABAg
wUn05hdkhjM,"Any buddy knows the story tell to me, just watch for VFX effects 👍👍👍","Any buddy knows the story tell to me, just watch for VFX effects 👍👍👍",0,2022-01-01T15:18:11Z,2022-01-01T15:18:11Z,,UgwdCiie6N1cuqoYLgJ4AaABAg
wUn05hdkhjM,ジュラシック・ワールド見たあとだとこんなふざけたクリス・プラットなんか新鮮笑,ジュラシック・ワールド見たあとだとこんなふざけたクリス・プラットなんか新鮮笑,0,2021-12-25T05:31:17Z,2021-12-25T05:31:17Z,,Ugx-BMkBpTz7aqHoKZF4AaABAg
wUn05hdkhjM,huh...that was a fun trailer to rewatch,huh...that was a fun trailer to rewatch,0,2021-12-24T06:46:13Z,2021-12-24T06:46:13Z,,UgzMkJlrdWFKA-S-jP54AaABAg
wUn05hdkhjM,"Kudos to James Gun, cant wait for gotg vol 3!","Kudos to James Gun, cant wait for gotg vol 3!",0,2021-12-06T18:48:20Z,2021-12-06T18:48:20Z,,UgxK8P-g4dfpHJE6Rmt4AaABAg
wUn05hdkhjM,one of the best trailers ever  with one of the best songs ever the chain -Fleetwood Mac,one of the best trailers ever  with one of the best songs ever the chain -Fleetwood Mac,0,2021-11-28T01:53:55Z,2021-11-28T01:53:55Z,,UgzH48h7vsMr8FuxgOR4AaABAg
wUn05hdkhjM,"They really did gotg member dirty in end game, i hope they do something about that in future,,","They really did gotg member dirty in end game, i hope they do something about that in future,,",0,2021-11-23T09:19:18Z,2021-11-23T09:19:18Z,,UgyqpU66ejCxphSwDmR4AaABAg
wUn05hdkhjM,Family!,Family!,1,2021-11-19T12:23:49Z,2021-11-19T12:23:49Z,,UgzJim38Ed5pV_H9QLV4AaABAg
wUn05hdkhjM,"<a href=""https://www.youtube.com/watch?v=wUn05hdkhjM&amp;t=0m22s"">0:22</a><br><br>Just Something for edit","0:22

Just Something for edit",1,2021-11-15T04:11:51Z,2021-11-15T04:11:51Z,,Ugx74TfDPcYWR6ir4Yp4AaABAg
wUn05hdkhjM,Guardians of the galaxy game honestly matches the vibe of this version of the guardians,Guardians of the galaxy game honestly matches the vibe of this version of the guardians,1,2021-11-02T02:11:12Z,2021-11-02T02:11:12Z,,UgzTaHW3Hq_XB2a9AHR4AaABAg
wUn05hdkhjM,AoSHDa,AoSHDa,0,2021-10-31T18:03:08Z,2021-10-31T18:03:08Z,,Ugyhn31nr2xXWfEnXgl4AaABAg
wUn05hdkhjM,"Notice how in the trailer for the first film, the listed off the actors’ names. For the sequel, since they became so popular, they’re listing off the characters’ names.","Notice how in the trailer for the first film, the listed off the actors’ names. For the sequel, since they became so popular, they’re listing off the characters’ names.",0,2021-10-29T10:51:24Z,2021-10-29T10:51:24Z,,Ugx6Gsi6f0LwtjoL17d4AaABAg
wUn05hdkhjM,Darth Vader I am your father,Darth Vader I am your father,2,2021-10-12T05:13:24Z,2021-10-12T05:13:24Z,,UgxJzX8Dd3It26ztcIJ4AaABAg
wUn05hdkhjM,"I like this scene <a href=""https://www.youtube.com/watch?v=wUn05hdkhjM&amp;t=2m52s"">2:52</a>",I like this scene 2:52,1,2021-09-21T13:25:41Z,2021-09-21T13:25:41Z,,UgyTQ3CZXq7eheCK1HN4AaABAg
wUn05hdkhjM,wtf i thought this was the trailer for gotg 3 for a second,wtf i thought this was the trailer for gotg 3 for a second,2,2021-09-15T13:35:07Z,2021-09-15T13:35:07Z,,UgwobAdThOfnyXKJPqx4AaABAg
wUn05hdkhjM,Ahhh I need gaurdians 3 right now! Also it breaks my heart remembering that our gamora from this movie was murdered…,Ahhh I need gaurdians 3 right now! Also it breaks my heart remembering that our gamora from this movie was murdered…,1,2021-09-01T21:33:41Z,2021-09-01T21:33:41Z,,UgzLSGOrNH7hWIy7fxl4AaABAg
wUn05hdkhjM,Super film 👍,Super film 👍,1,2021-08-29T19:20:35Z,2021-08-29T19:20:35Z,,Ugxbc3QlLNdiqNE-HDh4AaABAg
wUn05hdkhjM,dudee this trailer is amazing!!,dudee this trailer is amazing!!,1,2021-08-28T16:24:55Z,2021-08-28T16:24:55Z,,UgwhEszjxQvkHP0dGmZ4AaABAg
wUn05hdkhjM,Familia toda la vida .,Familia toda la vida .,0,2021-08-24T21:23:03Z,2021-08-24T21:23:03Z,,Ugx-2Zj4AnXMvpeSyOh4AaABAg
wUn05hdkhjM,💜,💜,0,2021-08-24T21:21:07Z,2021-08-24T21:21:07Z,,Ugye-l101uzDWa0NzuN4AaABAg
wUn05hdkhjM,"Yondu, Rocket and Groot... Oh what a savage team this would have been in the Endgames","Yondu, Rocket and Groot... Oh what a savage team this would have been in the Endgames",0,2021-08-21T07:44:59Z,2021-08-21T07:44:59Z,,UgyYLxtQHinVhCyLa9V4AaABAg
wUn05hdkhjM,why is youtube recommending this... i thought it&#39;s the vol 3 😭😭😭😭,why is youtube recommending this... i thought it's the vol 3 😭😭😭😭,0,2021-08-17T01:55:39Z,2021-08-17T01:55:39Z,,UgwV_1m_AeckX-5EHAR4AaABAg
wUn05hdkhjM,One of the best Sci-Fi movies ever made !! GOTG has got to be one of the best examples of using CGI to create mind-blowing cinematic visuals.,One of the best Sci-Fi movies ever made !! GOTG has got to be one of the best examples of using CGI to create mind-blowing cinematic visuals.,15,2021-08-15T18:49:20Z,2021-08-15T18:49:20Z,,UgzI2v1KkZJ85RXlOHZ4AaABAg
wUn05hdkhjM,"<a href=""https://www.youtube.com/watch?v=wUn05hdkhjM&amp;t=1m54s"">1:54</a> dom : yes we&#39;re strong cz we are family",1:54 dom : yes we're strong cz we are family,1,2021-08-11T01:51:56Z,2021-08-11T01:51:56Z,,UgxDM2u_qdygxvdPbq14AaABAg
wUn05hdkhjM,"Of course, the film is about family. Dom&#39;s in it.","Of course, the film is about family. Dom's in it.",2,2021-08-01T07:43:02Z,2021-08-01T07:43:02Z,,UgwsNrqX4ZJww1WIBsV4AaABAg
wUn05hdkhjM,@Prabakaran MMV they use different language,@Prabakaran MMV they use different language,0,2022-04-03T06:01:05Z,2022-04-03T06:01:05Z,UgxDnYwLtUWvDOT7LKd4AaABAg,UgxDnYwLtUWvDOT7LKd4AaABAg.9QTWJsGf3Wz9_LhWIFQgL1
wUn05hdkhjM,👀💯💯💥,👀💯💯💥,0,2022-04-03T06:00:51Z,2022-04-03T06:00:51Z,UgxDnYwLtUWvDOT7LKd4AaABAg,UgxDnYwLtUWvDOT7LKd4AaABAg.9QTWJsGf3Wz9_LhUdG-Z7W
wUn05hdkhjM,DCEU about tell,DCEU about tell,1,2021-08-08T14:17:15Z,2021-08-08T14:17:47Z,UgxDnYwLtUWvDOT7LKd4AaABAg,UgxDnYwLtUWvDOT7LKd4AaABAg.9QTWJsGf3Wz9Qml6577US8
wUn05hdkhjM,Marvel Phase correct word,Marvel Phase correct word,1,2021-08-08T14:16:55Z,2021-08-08T14:16:55Z,UgxDnYwLtUWvDOT7LKd4AaABAg,UgxDnYwLtUWvDOT7LKd4AaABAg.9QTWJsGf3Wz9Qml3dnl3R4
wUn05hdkhjM,Dom: you said family <br><br><br>Welcome to the family drax,"Dom: you said family 


Welcome to the family drax",0,2021-07-28T17:26:10Z,2021-07-28T17:26:10Z,,UgztOfoQzyaRXPXODfR4AaABAg
wUn05hdkhjM,Me too lol,Me too lol,0,2022-08-15T01:17:34Z,2022-08-15T01:17:34Z,UgypShY4S__hc5CmYqp4AaABAg,UgypShY4S__hc5CmYqp4AaABAg.9Q36K2bm34p9ejEa6TUIV8
wUn05hdkhjM,@blue comic I AM FAMILY.,@blue comic I AM FAMILY.,0,2022-08-15T01:17:49Z,2022-08-15T01:17:49Z,UgzwRLL3ejxEPtsO9zp4AaABAg,UgzwRLL3ejxEPtsO9zp4AaABAg.9PyaJ2av_Nx9ejEbqZHQ0w
wUn05hdkhjM,Dom toretto: did someone said family,Dom toretto: did someone said family,0,2021-07-31T21:25:33Z,2021-07-31T21:25:33Z,UgzwRLL3ejxEPtsO9zp4AaABAg,UgzwRLL3ejxEPtsO9zp4AaABAg.9PyaJ2av_Nx9QTvl75rGUH
wUn05hdkhjM,baby groot😄😄😄,baby groot😄😄😄,2,2021-07-18T12:36:37Z,2021-07-18T12:36:37Z,,UgyDpSmVWAmQOKfH4A94AaABAg
wUn05hdkhjM,This trailer lives rent free in my mind,This trailer lives rent free in my mind,0,2021-07-17T09:39:54Z,2021-07-17T09:39:54Z,,UgxRH4f8u_T9qOVwEqJ4AaABAg
wUn05hdkhjM,esta thor por que endgame se unio a los guardianes,esta thor por que endgame se unio a los guardianes,0,2021-07-12T12:39:18Z,2021-07-12T12:39:18Z,,UgxCSkECDvQjHN3WvIl4AaABAg
wUn05hdkhjM,Baby Groot is the freaking cutest!!,Baby Groot is the freaking cutest!!,0,2021-07-12T04:29:30Z,2021-07-12T04:29:45Z,,UgzXP1xK7_zqV6ggXP54AaABAg
wUn05hdkhjM,"I sell bread, Peter<br>I look rad, Peter<br>Aren&#39;t you glad, Peter<br>Because I&#39;m bad, Peter<br>Don&#39;t be sad, Peter<br>Why you mad, Peter","I sell bread, Peter
I look rad, Peter
Aren't you glad, Peter
Because I'm bad, Peter
Don't be sad, Peter
Why you mad, Peter",0,2021-07-10T10:57:10Z,2021-07-10T10:57:10Z,,UgwlgzANFu2xhzClLBl4AaABAg
wUn05hdkhjM,"<a href=""https://www.youtube.com/watch?v=wUn05hdkhjM&amp;t=1m55s"">1:55</a>  F A M I L Y",1:55  F A M I L Y,0,2021-07-07T13:39:53Z,2021-07-07T13:39:53Z,,Ugzk4duRYkwSmh1hPDV4AaABAg
wUn05hdkhjM,"I love how you could watch this trailer and be excited, but have no idea what the plot of the movie is going to be.<br>(I have recently been disappointed by a different movie trailer that basically told me the plot of the whole movie)","I love how you could watch this trailer and be excited, but have no idea what the plot of the movie is going to be.
(I have recently been disappointed by a different movie trailer that basically told me the plot of the whole movie)",0,2021-06-27T13:19:31Z,2021-06-27T13:19:31Z,,UgyC3xsolHZqdjkLo6R4AaABAg
wUn05hdkhjM,Best. Trailer. Ever,Best. Trailer. Ever,1,2021-06-26T05:24:10Z,2021-06-26T05:24:10Z,,Ugx_83H6yZXFs_u_X2d4AaABAg
wUn05hdkhjM,Not me accidentally reading it &quot;Guardians of the Galaxy vol. 3 trailer 2&quot; 😅,"Not me accidentally reading it ""Guardians of the Galaxy vol. 3 trailer 2"" 😅",4,2021-06-18T12:27:06Z,2021-06-18T12:27:06Z,,UgyRvfAoDy4fgQ1nw094AaABAg
wUn05hdkhjM,"After watching Vol. 1 ,  3 years back , Today i decided to watch vol 2 ,but when i watched that movie , I came to know it was vol 1 , And the movie which i&#39;ve watched 3 years back ,was actually Vol. 2 😂 , Now i am watching this trailer and i think i have watched this movie which is Vol. 2 which i have already watched . 😂","After watching Vol. 1 ,  3 years back , Today i decided to watch vol 2 ,but when i watched that movie , I came to know it was vol 1 , And the movie which i've watched 3 years back ,was actually Vol. 2 😂 , Now i am watching this trailer and i think i have watched this movie which is Vol. 2 which i have already watched . 😂",0,2021-06-17T19:32:44Z,2021-06-17T19:34:36Z,,UgxTgTW2rIt4RLEO0yN4AaABAg
wUn05hdkhjM,The Guardians trailers have a recurring theme of being bad when the movies are actually good,The Guardians trailers have a recurring theme of being bad when the movies are actually good,0,2021-06-14T03:37:11Z,2021-06-14T03:37:11Z,,UgwFPN8wH-7zCP8h9iJ4AaABAg
wUn05hdkhjM,"This just makes me miss the days of 3rd grade when we were so hype to see this movie in my class, oh man..","This just makes me miss the days of 3rd grade when we were so hype to see this movie in my class, oh man..",1,2021-06-07T16:19:00Z,2021-06-07T16:19:00Z,,UgzOm4gT5NITfSCi6MF4AaABAg
wUn05hdkhjM,jehfwhefkhwehf wefhowef iwuhefioweh,jehfwhefkhwehf wefhowef iwuhefioweh,1,2021-06-02T06:11:37Z,2021-06-02T06:11:37Z,,Ugz9p6ZFs0IhUCgmrbd4AaABAg
wUn05hdkhjM,You guys never told me the Starlords dad  was an agent in fast and furious as nobody,You guys never told me the Starlords dad  was an agent in fast and furious as nobody,1,2021-05-29T15:16:07Z,2021-05-29T15:16:07Z,,UgztwcvrxB55ivdlQxt4AaABAg
wUn05hdkhjM,Whoever edited this trailer is a freaking genius,Whoever edited this trailer is a freaking genius,1,2021-05-26T00:18:49Z,2021-05-26T00:18:49Z,,UgwoeDFN_IrUI8Vi2sN4AaABAg
wUn05hdkhjM,Before I was into wrestling in 2020<br>I didnt know who the guy Drax was played by then i found out that the guy who plays drax is none other then wrestler Batista<br>Wow!,"Before I was into wrestling in 2020
I didnt know who the guy Drax was played by then i found out that the guy who plays drax is none other then wrestler Batista
Wow!",0,2021-05-24T15:58:35Z,2021-05-24T15:58:35Z,,UgxWjgS5TC3J-8oYXdV4AaABAg
wUn05hdkhjM,Who Watching this trailer in 2021,Who Watching this trailer in 2021,2,2021-05-15T14:42:46Z,2021-05-15T14:42:46Z,,UgyRH7q5VpvQ48T5xBl4AaABAg
wUn05hdkhjM,Thanks to youtube . I got recommend this video after 4 yrs,Thanks to youtube . I got recommend this video after 4 yrs,2,2021-05-13T11:28:38Z,2021-05-13T11:28:38Z,,UgwoHW3n_Rp-6miLLbx4AaABAg
wUn05hdkhjM,"<a href=""https://www.youtube.com/watch?v=wUn05hdkhjM&amp;t=0m27s"">0:27</a> this trailer really made them seem like the main antagonists",0:27 this trailer really made them seem like the main antagonists,6,2021-05-10T22:05:50Z,2021-05-10T22:06:30Z,,UgwTJhOvrExFG1Wa5iN4AaABAg
wUn05hdkhjM,C <br>A<br><br>N&#39; <br><br>T<br><br>W<br><br>A<br><br>I<br><br>T,"C 
A

N' 

T

W

A

I

T",1,2021-05-04T15:07:04Z,2021-05-04T15:07:04Z,Ugz-oBM7Nqa8NyNICzh4AaABAg,Ugz-oBM7Nqa8NyNICzh4AaABAg.9MtS6vXz09C9MveV3CTOZN
wUn05hdkhjM,DIE SPACESHIP! Best line.,DIE SPACESHIP! Best line.,1,2021-05-03T01:38:48Z,2021-05-03T01:38:48Z,,UgxB2uS73VkkhNPLPR54AaABAg
wUn05hdkhjM,Please update pannunga anna,Please update pannunga anna,1,2021-04-23T01:19:07Z,2021-04-23T01:19:07Z,,UgyOPlri-B2n6zMecGd4AaABAg
wUn05hdkhjM,God this movie was amazing. I even cried 😭❤️,God this movie was amazing. I even cried 😭❤️,7,2021-04-14T13:03:29Z,2021-04-14T13:03:29Z,,UgwbrPo8W8ADbMaSMkF4AaABAg
wUn05hdkhjM,I love this movie never gets old what an movie,I love this movie never gets old what an movie,0,2021-04-08T15:59:30Z,2021-04-08T15:59:30Z,,UgwJSe6mIHz8RTYAlL94AaABAg
wUn05hdkhjM,Get down chain song,Get down chain song,0,2021-04-05T18:30:01Z,2021-04-05T18:30:01Z,,UgzNv-8iaDJl5_cqvjx4AaABAg
wUn05hdkhjM,Mantis: Shows Mantis for 1 second looking back<br><br>NEBULA,"Mantis: Shows Mantis for 1 second looking back

NEBULA",1,2021-04-02T01:49:35Z,2021-04-02T01:49:35Z,,Ugy5VTxaMKeFf-u-PFt4AaABAg
wUn05hdkhjM,The series brings loads of nostalgia 🌌 . . .,The series brings loads of nostalgia 🌌 . . .,0,2022-05-09T15:10:16Z,2022-05-09T15:10:16Z,UgxCM6ww5TDt1xcLEjB4AaABAg,UgxCM6ww5TDt1xcLEjB4AaABAg.9LU5fBvaKsg9aoNz6wwIfI
wUn05hdkhjM,2022,2022,1,2022-04-03T05:58:51Z,2022-04-03T05:58:51Z,UgxCM6ww5TDt1xcLEjB4AaABAg,UgxCM6ww5TDt1xcLEjB4AaABAg.9LU5fBvaKsg9_LhFyaxzMz
wUn05hdkhjM,Me thou,Me thou,0,2022-02-10T01:53:49Z,2022-02-10T01:53:49Z,UgxCM6ww5TDt1xcLEjB4AaABAg,UgxCM6ww5TDt1xcLEjB4AaABAg.9LU5fBvaKsg9YFMslAx9PW
wUn05hdkhjM,Rocket is my favourite!!!,Rocket is my favourite!!!,0,2021-03-26T14:55:40Z,2021-03-26T14:55:40Z,,UgyDdI5_v4p36uz-d7Z4AaABAg
wUn05hdkhjM,Leah and Zac: A Royal Problem 3-2-2013,Leah and Zac: A Royal Problem 3-2-2013,0,2021-03-21T03:18:48Z,2021-03-21T03:18:48Z,,UgzPl0dlE41ye0yiV4R4AaABAg
wUn05hdkhjM,I’d never knew that Wyatt Russell (John walker) was Kurt Russell’s son til I looked him up,I’d never knew that Wyatt Russell (John walker) was Kurt Russell’s son til I looked him up,1,2023-04-05T04:59:19Z,2023-04-05T04:59:19Z,UgyWe0Jx0azDniax1at4AaABAg,UgyWe0Jx0azDniax1at4AaABAg.9L4i7rcyH1D9o6aB5y1r2u
wUn05hdkhjM,💞,💞,0,2021-03-17T11:09:41Z,2021-03-17T11:09:41Z,,Ugxg9RzyAGoDfRwolcJ4AaABAg
wUn05hdkhjM,Fuckin love Fleetwood Mac,Fuckin love Fleetwood Mac,0,2021-03-17T03:05:51Z,2021-03-17T03:05:51Z,,UgwJtzoSInp25eofSYl4AaABAg
wUn05hdkhjM,"Guardians of the Galaxy (2014) f&#39;u&quot;l&#39;l M&#39;o&#39;V&#39;l&quot;e<br>➤ cinemaplaynow.blogspot.com///tt2015381/.html<br>-All Subtitle Available<br><br><br><br><br>√™ Lorsqu&#39;une pilule qui donne aux utilisateurs cinq minutes de super pouvoirs inattendus arrive dans les rues de<br> la Nouvelle-Orléans, un adolescent marchand et un policier local doivent faire équipe avec un ancien soldat pour<br> —faire tomber le groupe responsable de sa fabrication. √™ Когда таблетка, дающая пользователям пять минут<br> неожиданных сверхспособностей, попадает на улицы Нового Орлеана, торговец-подросток и местный —полицейский<br>` 在整個人類歷史上，強者，富人和具有狡猾特質的人捕食部落，氏族，城鎮，城市和鄉村中的弱者，無`&#39;守和貧窮成員。然而，人類的<br>生存意願迫使那些被拒絕，被剝奪或摧毀的基本需求的人們找到了一種生活方式，並繼續將其A融入不斷發展的人類社會。<br>說到食物，不要以為那些被拒絕的人只吃垃圾。相反，他們學會了在被忽視的肉類和蔬菜中尋找營養。他們學會了清潔，切塊，調味和<br>慢燉慢燉的野菜和肉類，在食品市場上被忽略的部分家用蔬菜和肉類，並且學會了使用芳香的木煙（如山核桃，山核桃和豆科灌木）來調味食物煮的時候:```<br> I loro stati di salute<br>de s&#39;approcher trop<br>rispettivi prevenirli","Guardians of the Galaxy (2014) f'u""l'l M'o'V'l""e
➤ cinemaplaynow.blogspot.com///tt2015381/.html
-All Subtitle Available




√™ Lorsqu'une pilule qui donne aux utilisateurs cinq minutes de super pouvoirs inattendus arrive dans les rues de
 la Nouvelle-Orléans, un adolescent marchand et un policier local doivent faire équipe avec un ancien soldat pour
 —faire tomber le groupe responsable de sa fabrication. √™ Когда таблетка, дающая пользователям пять минут
 неожиданных сверхспособностей, попадает на улицы Нового Орлеана, торговец-подросток и местный —полицейский
` 在整個人類歷史上，強者，富人和具有狡猾特質的人捕食部落，氏族，城鎮，城市和鄉村中的弱者，無`'守和貧窮成員。然而，人類的
生存意願迫使那些被拒絕，被剝奪或摧毀的基本需求的人們找到了一種生活方式，並繼續將其A融入不斷發展的人類社會。
說到食物，不要以為那些被拒絕的人只吃垃圾。相反，他們學會了在被忽視的肉類和蔬菜中尋找營養。他們學會了清潔，切塊，調味和
慢燉慢燉的野菜和肉類，在食品市場上被忽略的部分家用蔬菜和肉類，並且學會了使用芳香的木煙（如山核桃，山核桃和豆科灌木）來調味食物煮的時候:```
 I loro stati di salute
de s'approcher trop
rispettivi prevenirli",1,2021-03-14T07:13:39Z,2021-03-14T07:13:39Z,,Ugygp17y6hxomCjFI9p4AaABAg
wUn05hdkhjM,Most underrated film in the MCU,Most underrated film in the MCU,5,2021-03-13T06:34:34Z,2021-03-13T06:34:34Z,,UgwRE3b1FvtG5pH0rvt4AaABAg
wUn05hdkhjM,I just can&#39;t wait for Val 3 with thor,I just can't wait for Val 3 with thor,0,2021-03-10T21:11:12Z,2021-03-10T21:11:12Z,,Ugx8YhLax8NqbS_xtih4AaABAg
wUn05hdkhjM,"One of the best trailers ever, not the best movie tho","One of the best trailers ever, not the best movie tho",0,2021-03-08T22:07:31Z,2021-03-08T22:07:31Z,,Ugz-3Z8ti2HhuSdWmzJ4AaABAg
wUn05hdkhjM,I prefer this movie much more than the first one!,I prefer this movie much more than the first one!,0,2021-03-06T11:01:11Z,2021-03-06T11:01:11Z,,Ugwnadq0vIup1ynXpN14AaABAg
wUn05hdkhjM,Baby Groot is my favorite thing ever,Baby Groot is my favorite thing ever,1,2021-03-06T00:56:22Z,2021-03-06T00:56:22Z,,UgwlTjMJZFiHzYuDlWB4AaABAg
wUn05hdkhjM,2021????,2021????,1,2021-03-05T17:21:43Z,2021-03-05T17:21:43Z,,Ugxjg8u0DMrvcmZ3sCx4AaABAg
wUn05hdkhjM,CMOOOON THIS SHOWED UP AND I THOUGHT IT WAS VOL 3,CMOOOON THIS SHOWED UP AND I THOUGHT IT WAS VOL 3,0,2021-03-01T20:46:04Z,2021-03-01T20:46:04Z,,UgzirvlmLu_x1gAvKb54AaABAg
wUn05hdkhjM,Peter: Who are you<br>Ego: I am your father <br>Peter: Noooooooo,"Peter: Who are you
Ego: I am your father 
Peter: Noooooooo",1,2021-02-28T05:03:20Z,2021-02-28T05:03:20Z,,UgxpqO1VR5aUMkkKsB54AaABAg
wUn05hdkhjM,Marvel: We decided to release Vol.3 in 2020.<br>Corona: I will be the judge of that.,"Marvel: We decided to release Vol.3 in 2020.
Corona: I will be the judge of that.",2,2021-02-22T08:18:45Z,2021-02-22T08:18:45Z,,UgyVxrAxYfuOBvlMc614AaABAg
wUn05hdkhjM,For a minute I thought it said volume 3 trailer 2 :(,For a minute I thought it said volume 3 trailer 2 :(,0,2021-02-12T13:40:09Z,2021-02-12T13:40:09Z,,UgxvPIPYQu_6LBZQGAV4AaABAg
wUn05hdkhjM,Which song is next for vol3❤️??,Which song is next for vol3❤️??,0,2021-01-27T05:28:50Z,2021-01-27T05:28:50Z,,Ugzn-WZJ1cMo0ShI1o94AaABAg
wUn05hdkhjM,2014 ... We Are Groot<br>2021 ... We are Marvel Fans,"2014 ... We Are Groot
2021 ... We are Marvel Fans",1,2021-01-24T07:38:29Z,2021-01-24T07:38:43Z,,UgxReT-IzGXQexi0gwZ4AaABAg
wUn05hdkhjM,2021 anyone? And who&#39;s hyped for Vol. 3?,2021 anyone? And who's hyped for Vol. 3?,0,2021-01-17T00:26:34Z,2021-01-17T00:26:34Z,,Ugz8Id71e9tYW7sw90N4AaABAg
wUn05hdkhjM,2021?,2021?,1,2021-01-07T13:30:26Z,2021-01-07T13:30:26Z,,Ugwb7CgeglOQzLJFvY94AaABAg
wUn05hdkhjM,The most underrated Marvel movie,The most underrated Marvel movie,0,2021-01-06T20:31:39Z,2021-01-06T20:31:39Z,,UgyLXK4avBEVIIaphsR4AaABAg
wUn05hdkhjM,My downloads offline not responding,My downloads offline not responding,0,2020-12-22T08:19:15Z,2020-12-22T08:19:15Z,,UgwX7OQJRPLAcjlh7mp4AaABAg
wUn05hdkhjM,"Universos X-Men Vengadores Avengers Multiuniverso Marvel Multiverse <br>Marvel Universo<br><br><br>1944-Capitán América<br>1986-Howard the Duck<br>1989-The Punisher	<br>1990-Capitán América	<br>1994-Los Cuatro Fantásticos<br>1996-Generación X	<br>1998-Nick Fury: Agent of S.H.I.E.L.D.  <br><br><br>1998-Blade<br>2000-X-Men	<br>2002-Blade II	<br>2002-Spider-Man<br>2003-Daredevil	<br>2003-X-Men 2<br>2003-Hulk<br>2004-The Punisher	<br>2004-Spider-Man 2	<br>2004-Blade:Trinity	<br>2005-Man-Thing: la naturaleza del miedo<br>2005-Elektra	<br>2005-Los4Fantásticos<br>2006-X-Men:TheLastStand<br>2007-Ghost Rider	<br>2007-Los4FantásticosySilverSurfer	<br>2007-Spider-Man 3	<br>2008-Iron Man	<br>2008-The Incredible Hulk<br>2008-El Castigador: Zona de Guerra<br>2009-X-MenOrigins:Wolverine	<br>2010-Iron Man 2	<br>2011-Thor<br>2011-X-Men: Primera Generación	<br>2011-Capitán América: El Primer Vengador	<br>2011-Ghost Rider: Espíritu de Venganza	<br>2012-The Avengers	<br>2012-The Amazing Spider-Man	<br>2013-Iron Man 3	<br>2013-The Wolverine	<br>2013-Thor: The Dark World	<br>2014-CaptainAmerica:TheWinterSoldier<br>2014-TheAmazingSpider-Man2:Rise of Electro	<br>2014-X-Men: Días del Futuro Pasado	<br>2014-Guardianes de la Galaxia<br>2015-Avengers: Age of Ultron<br>2015-Ant-Man<br>2015-4 Fantásticos	<br>2016-Deadpool<br>2016-Capitán América: Civil War	<br>2016-X-Men: Apocalipsis	<br>2016-Doctor Strange	<br>2017-Logan	<br>2017-Guardianes de la Galaxia Vol. 2	<br>2017-Spider-Man: Homecoming	<br>2017-Thor: Ragnarok<br>2018-Black Panther<br>2018-Avengers: Infinity War<br>2018-Deadpool 2	<br>2018-Ant-Man and the Wasp	<br>2018-Venom<br>2019-Capitana Marvel<br>2019-Avengers: Endgame<br>2019-X-Men: Dark Phoenix<br>2019-Spider-Man: Lejos de Casa<br>2020-Los nuevos mutantes <br><br>2008-Iron Man	<br>2010-Iron Man 2	<br>2011-Thor<br>2011-Capitán América:El Primer Vengador	<br>2012-The Avengers	<br>2013-Iron Man 3	<br>2013-Thor: The Dark World	<br>2014-Captain America: The Winter Soldier	<br>2014-Guardianes de la Galaxia	<br>2015-Avengers:Age of Ultron<br>2015-Ant-Man<br>2016-CapitánAmérica:CivilWar	<br>2016-DoctorStrange	<br>2017-GuardianesdelaGalaxia Vol.2	<br>2017-SpiderMan:Homecoming	<br>2017-Thor:Ragnarok<br>2018-BlackPanther<br>2018-Avengers:Infinity War<br>2018-Ant-ManandtheWasp	<br>2019-CapitanaMarvel<br>2019-Avengers:Endgame<br>2019-Spider-Man:Lejos de Casa<br><br>2000 - X-Men <br>2003 - X-Men 2 <br>2006 - X-Men 3 Batalla Final<br>2009 - X-Men Wolverine<br>2011 - X-Men PrimeraGeneración<br>2013 - Wolverine Inmortal<br>2014 - X-Men Días Futuros Pasado<br>2016 - DEADPOOL<br>2016 - X-Men Apocalipsis<br>2017 - Logan<br>2018 - DEADPOOL 2<br>2019 - Dark Phoenix<br>2020 - Los Nuevos Mutantes<br><br>2002-Spider-Man<br>2004-Spider-Man 2	<br>2007-Spider-Man 3	<br>2012-The Amazing Spider-Man	<br>2014-TheAmazingSpider-Man2:Rise of Electro<br>2016-Capitán América: Civil War<br>2017-Spider-Man: Homecoming<br>2018-Avengers: Infinity War<br>2019-Avengers: Endgame<br>2019-Spider-Man: Lejos de Casa<br>Multiverse Multiuniverso Marvel<br><br>1998-Blade<br>2002-Blade II	<br>2003-Daredevil<br>2003-Hulk<br>2004-The Punisher	<br>2004-Blade:Trinity	<br>2005-Elektra	<br>2005-Los4Fantásticos<br>2007-Ghost Rider	<br>2007-Los4FantásticosySilverSurfer	<br>2008-The Incredible Hulk<br>2008-El Castigador: Zona de Guerra<br>2011-Ghost Rider: Espíritu de Venganza<br>2015-4 Fantásticos<br>2018-Venom<br>Multiverse Multiuniverso Marvel<br><br>1998-Blade<br>2002-Blade II<br>2002-Spider-Man 	<br>2003-Daredevil<br>2003-Hulk<br>2004-The Punisher	<br>2004-Spider-Man 2 <br>2004-Blade:Trinity	<br>2005-Elektra	<br>2005-Los4Fantásticos<br>2007-spiderman 3<br>2007-Ghost Rider	<br>2007-Los4FantásticosySilverSurfer	<br>2008-The Incredible Hulk<br>2008-El Castigador: Zona de Guerra<br>2011-Ghost Rider: Espíritu de Venganza<br>2012-The Amazing Spider-Man <br>2014-TheAmazingSpider-Man2 Rise of Electro <br>2015-4 Fantásticos<br>2018-Venom<br>Multiverse Multiuniverso Marvel<br>Universo Avengers Vengadores<br>MARVEL<br>Películas Super Héroes Los Vengadores vs X Men Guerra Saga <br><br>Saga del infinito<br>Fase 1<br>Iron Man <br>The Incredible Hulk<br>​Iron Man 2<br>Thor<br>Capitán América: el primer vengador<br>The Avengers<br><br>Fase 2<br>Iron Man 3<br>Thor: The Dark World<br>​Captain America: The Winter Soldier<br>Guardianes de la Galaxia<br>​Avengers: Age of Ultron<br>Ant-Man<br><br>​Fase 3<br>Capitán América: Civil War<br>Doctor Strange<br>​Guardianes de la Galaxia Vol. 2<br>Spider-Man: Homecoming<br>​Thor: Ragnarok<br>Black Panther <br>Avengers: Infinity War<br>Ant-Man and the Wasp<br>Capitana Marvel<br>Avengers: Endgame <br>Spider-Man: Lejos de casa<br><br>Fase 4<br>Black Widow<br>Shang-Chi and the Legend of the Ten Rings<br>Eternals  <br>Spider-Man ​3<br>Doctor Strange in the Multiverse of Madness<br>Thor: Love and Thunder<br>Black Panther <br>Capitana Marvel <br>​Guardianes de la Galaxia Vol. 3<br>Blade<br>​Ant-Man and the Wasp: Quantumania<br>Fantastic Four<br><br><br>Futuros futuras películas de Marvel<br>En las siguientes generaciones década <br>-Black Widow	<br>-Eternals<br>-Shang-Chi and the Legend of the Ten Rings<br>-Thor: Love and Thunder 4 <br>-Doctor Strange: In the Multiverse of Madness 2 <br>-Spider-Man 3 Home sweet home.                                          -Guardians of the Galaxy Vol. 3<br>--Black Panther 2<br>-Captain Marvel 2  <br>-Avengers 5 <br>-Avengers 6 : The New <br>-Avengers 7 :New <br>-X-Men:  Phoenix 2 <br>-Deadpool 3 <br>-Ant man 3.                                <br>-Los Nuevos 4 Fantásticos <br>-New X-Men <br>-X Force <br>-New Mutantes 2<br>-Vemon 2 vs Cletus Kasady/Carnage<br>-Spider-Man 3 the amazing Andrew Garfield <br>-Spider-Man 4 the amazing Andrew Garfield <br>-Spider-Man 4 Tobey Maguire <br>-Spider-Man 3 Tom Holland<br>-Spider-Man 4 Tom Holland<br>-Spider-Man vs Vemon vs Carnage 4<br>-Spider-Man 5 Multiuniverso <br>-Spider-Man 6 y los seis siniestros<br>-Iron Man 4<br>-Capitán América 4<br>-Black Widow 2<br>-Vemon vs antiVemon 3<br>-Silk<br>-Kraven The Hunter<br>-Nightwatch	<br>-Jackpot<br>-The Sinister Six	2<br>-Madame Web<br>-Civil War 2<br>-Logan Wolverine 2 <br>-Nuevo Blade                                                   <br>- Avengers vs X-Men <br>Futuros Batallas Guerras Eternos Infinitos Marvel.....","Universos X-Men Vengadores Avengers Multiuniverso Marvel Multiverse 
Marvel Universo


1944-Capitán América
1986-Howard the Duck
1989-The Punisher	
1990-Capitán América	
1994-Los Cuatro Fantásticos
1996-Generación X	
1998-Nick Fury: Agent of S.H.I.E.L.D.  


1998-Blade
2000-X-Men	
2002-Blade II	
2002-Spider-Man
2003-Daredevil	
2003-X-Men 2
2003-Hulk
2004-The Punisher	
2004-Spider-Man 2	
2004-Blade:Trinity	
2005-Man-Thing: la naturaleza del miedo
2005-Elektra	
2005-Los4Fantásticos
2006-X-Men:TheLastStand
2007-Ghost Rider	
2007-Los4FantásticosySilverSurfer	
2007-Spider-Man 3	
2008-Iron Man	
2008-The Incredible Hulk
2008-El Castigador: Zona de Guerra
2009-X-MenOrigins:Wolverine	
2010-Iron Man 2	
2011-Thor
2011-X-Men: Primera Generación	
2011-Capitán América: El Primer Vengador	
2011-Ghost Rider: Espíritu de Venganza	
2012-The Avengers	
2012-The Amazing Spider-Man	
2013-Iron Man 3	
2013-The Wolverine	
2013-Thor: The Dark World	
2014-CaptainAmerica:TheWinterSoldier
2014-TheAmazingSpider-Man2:Rise of Electro	
2014-X-Men: Días del Futuro Pasado	
2014-Guardianes de la Galaxia
2015-Avengers: Age of Ultron
2015-Ant-Man
2015-4 Fantásticos	
2016-Deadpool
2016-Capitán América: Civil War	
2016-X-Men: Apocalipsis	
2016-Doctor Strange	
2017-Logan	
2017-Guardianes de la Galaxia Vol. 2	
2017-Spider-Man: Homecoming	
2017-Thor: Ragnarok
2018-Black Panther
2018-Avengers: Infinity War
2018-Deadpool 2	
2018-Ant-Man and the Wasp	
2018-Venom
2019-Capitana Marvel
2019-Avengers: Endgame
2019-X-Men: Dark Phoenix
2019-Spider-Man: Lejos de Casa
2020-Los nuevos mutantes 

2008-Iron Man	
2010-Iron Man 2	
2011-Thor
2011-Capitán América:El Primer Vengador	
2012-The Avengers	
2013-Iron Man 3	
2013-Thor: The Dark World	
2014-Captain America: The Winter Soldier	
2014-Guardianes de la Galaxia	
2015-Avengers:Age of Ultron
2015-Ant-Man
2016-CapitánAmérica:CivilWar	
2016-DoctorStrange	
2017-GuardianesdelaGalaxia Vol.2	
2017-SpiderMan:Homecoming	
2017-Thor:Ragnarok
2018-BlackPanther
2018-Avengers:Infinity War
2018-Ant-ManandtheWasp	
2019-CapitanaMarvel
2019-Avengers:Endgame
2019-Spider-Man:Lejos de Casa

2000 - X-Men 
2003 - X-Men 2 
2006 - X-Men 3 Batalla Final
2009 - X-Men Wolverine
2011 - X-Men PrimeraGeneración
2013 - Wolverine Inmortal
2014 - X-Men Días Futuros Pasado
2016 - DEADPOOL
2016 - X-Men Apocalipsis
2017 - Logan
2018 - DEADPOOL 2
2019 - Dark Phoenix
2020 - Los Nuevos Mutantes

2002-Spider-Man
2004-Spider-Man 2	
2007-Spider-Man 3	
2012-The Amazing Spider-Man	
2014-TheAmazingSpider-Man2:Rise of Electro
2016-Capitán América: Civil War
2017-Spider-Man: Homecoming
2018-Avengers: Infinity War
2019-Avengers: Endgame
2019-Spider-Man: Lejos de Casa
Multiverse Multiuniverso Marvel

1998-Blade
2002-Blade II	
2003-Daredevil
2003-Hulk
2004-The Punisher	
2004-Blade:Trinity	
2005-Elektra	
2005-Los4Fantásticos
2007-Ghost Rider	
2007-Los4FantásticosySilverSurfer	
2008-The Incredible Hulk
2008-El Castigador: Zona de Guerra
2011-Ghost Rider: Espíritu de Venganza
2015-4 Fantásticos
2018-Venom
Multiverse Multiuniverso Marvel

1998-Blade
2002-Blade II
2002-Spider-Man 	
2003-Daredevil
2003-Hulk
2004-The Punisher	
2004-Spider-Man 2 
2004-Blade:Trinity	
2005-Elektra	
2005-Los4Fantásticos
2007-spiderman 3
2007-Ghost Rider	
2007-Los4FantásticosySilverSurfer	
2008-The Incredible Hulk
2008-El Castigador: Zona de Guerra
2011-Ghost Rider: Espíritu de Venganza
2012-The Amazing Spider-Man 
2014-TheAmazingSpider-Man2 Rise of Electro 
2015-4 Fantásticos
2018-Venom
Multiverse Multiuniverso Marvel
Universo Avengers Vengadores
MARVEL
Películas Super Héroes Los Vengadores vs X Men Guerra Saga 

Saga del infinito
Fase 1
Iron Man 
The Incredible Hulk
​Iron Man 2
Thor
Capitán América: el primer vengador
The Avengers

Fase 2
Iron Man 3
Thor: The Dark World
​Captain America: The Winter Soldier
Guardianes de la Galaxia
​Avengers: Age of Ultron
Ant-Man

​Fase 3
Capitán América: Civil War
Doctor Strange
​Guardianes de la Galaxia Vol. 2
Spider-Man: Homecoming
​Thor: Ragnarok
Black Panther 
Avengers: Infinity War
Ant-Man and the Wasp
Capitana Marvel
Avengers: Endgame 
Spider-Man: Lejos de casa

Fase 4
Black Widow
Shang-Chi and the Legend of the Ten Rings
Eternals  
Spider-Man ​3
Doctor Strange in the Multiverse of Madness
Thor: Love and Thunder
Black Panther 
Capitana Marvel 
​Guardianes de la Galaxia Vol. 3
Blade
​Ant-Man and the Wasp: Quantumania
Fantastic Four


Futuros futuras películas de Marvel
En las siguientes generaciones década 
-Black Widow	
-Eternals
-Shang-Chi and the Legend of the Ten Rings
-Thor: Love and Thunder 4 
-Doctor Strange: In the Multiverse of Madness 2 
-Spider-Man 3 Home sweet home.                                          -Guardians of the Galaxy Vol. 3
--Black Panther 2
-Captain Marvel 2  
-Avengers 5 
-Avengers 6 : The New 
-Avengers 7 :New 
-X-Men:  Phoenix 2 
-Deadpool 3 
-Ant man 3.                                
-Los Nuevos 4 Fantásticos 
-New X-Men 
-X Force 
-New Mutantes 2
-Vemon 2 vs Cletus Kasady/Carnage
-Spider-Man 3 the amazing Andrew Garfield 
-Spider-Man 4 the amazing Andrew Garfield 
-Spider-Man 4 Tobey Maguire 
-Spider-Man 3 Tom Holland
-Spider-Man 4 Tom Holland
-Spider-Man vs Vemon vs Carnage 4
-Spider-Man 5 Multiuniverso 
-Spider-Man 6 y los seis siniestros
-Iron Man 4
-Capitán América 4
-Black Widow 2
-Vemon vs antiVemon 3
-Silk
-Kraven The Hunter
-Nightwatch	
-Jackpot
-The Sinister Six	2
-Madame Web
-Civil War 2
-Logan Wolverine 2 
-Nuevo Blade                                                   
- Avengers vs X-Men 
Futuros Batallas Guerras Eternos Infinitos Marvel.....",2,2020-12-13T20:56:02Z,2020-12-13T20:56:02Z,,UgxpCtPu38RFwV59OpB4AaABAg
wUn05hdkhjM,You can really tell that James Gunn had a great time doing this!!,You can really tell that James Gunn had a great time doing this!!,1,2020-12-10T20:17:38Z,2020-12-10T20:17:38Z,,Ugzz-2ONChruLZQ86iF4AaABAg
wUn05hdkhjM,Who wants a funeral like Yondu&#39;s? I know I do.,Who wants a funeral like Yondu's? I know I do.,1,2020-12-04T20:48:47Z,2020-12-04T20:48:47Z,,UgyyxgOAz7pZkasNvid4AaABAg
wUn05hdkhjM,I still can&#39;t believe they fired James gunn then rehired him because they need him to make Guardians of the galaxy vol 3. They should never fired him at all.,I still can't believe they fired James gunn then rehired him because they need him to make Guardians of the galaxy vol 3. They should never fired him at all.,0,2020-11-30T19:09:38Z,2020-11-30T19:09:38Z,,Ugyhe5MzVk7kRjSPtLh4AaABAg
wUn05hdkhjM,I forgot this movie had a trailer,I forgot this movie had a trailer,0,2020-11-22T00:59:07Z,2020-11-22T00:59:07Z,,UgxZNZdr8fE3Kr_BXkt4AaABAg
wUn05hdkhjM,"Multiuniverso Universo Avengers Vengadores Marvel <br><br>2008	Iron Man	<br><br><br><br><br>2010	Iron Man 2	<br><br>2011	Thor<br><br>Capitán América: El Primer Vengador	<br><br><br>2012	The Avengers	<br><br><br>2013	Iron Man 3	<br><br>Thor: The Dark World	<br><br>2014	Captain America: The Winter Soldier<br><br>Guardianes de la Galaxia	<br><br>2015	Avengers: Age of Ultron<br>Ant-Man<br><br><br>2016	<br>Capitán América: Civil War	<br>Doctor Strange	<br><br>2017	<br>Guardianes de la Galaxia Vol. 2	<br>Spider-Man: Homecoming	<br>Thor: Ragnarok<br><br>2018	Black Panther<br>Avengers: Infinity War<br><br>Ant-Man and the Wasp	<br><br><br>2019	Capitana Marvel<br>Avengers: Endgame<br><br><br>Spider-Man: Lejos de Casa","Multiuniverso Universo Avengers Vengadores Marvel 

2008	Iron Man	




2010	Iron Man 2	

2011	Thor

Capitán América: El Primer Vengador	


2012	The Avengers	


2013	Iron Man 3	

Thor: The Dark World	

2014	Captain America: The Winter Soldier

Guardianes de la Galaxia	

2015	Avengers: Age of Ultron
Ant-Man


2016	
Capitán América: Civil War	
Doctor Strange	

2017	
Guardianes de la Galaxia Vol. 2	
Spider-Man: Homecoming	
Thor: Ragnarok

2018	Black Panther
Avengers: Infinity War

Ant-Man and the Wasp	


2019	Capitana Marvel
Avengers: Endgame


Spider-Man: Lejos de Casa",0,2020-11-21T17:05:00Z,2020-11-21T17:05:00Z,,Ugz2ulC8iaIkFRta_Up4AaABAg
wUn05hdkhjM,"1998	Blade<br><br>2000	X-Men	<br><br>2002	Blade II	<br>Spider-Man<br><br>2003	Daredevil	<br>X-Men 2<br>Hulk	<br><br>2004	The Punisher	<br>Spider-Man 2	<br>Blade: Trinity	<br><br>2005	Elektra	<br>Los 4 Fantásticos<br><br>2006	X-Men: The Last Stand<br><br>2007	Ghost Rider	<br>Los 4 Fantásticos y Silver Surfer	<br>Spider-Man 3	<br><br>2008	Iron Man	<br>The Incredible Hulk<br>El Castigador: Zona de Guerra<br><br>2009	X-Men Origins: Wolverine	<br><br>2010	Iron Man 2	<br><br>2011	Thor<br>X-Men: Primera Generación	<br>Capitán América: El Primer Vengador	<br>Ghost Rider: Espíritu de Venganza	<br><br>2012	The Avengers	<br>The Amazing Spider-Man	<br><br>2013	Iron Man 3	<br>The Wolverine	<br>Thor: The Dark World	<br><br>2014	Captain America: The Winter Soldier<br>The Amazing Spider-Man 2: Rise of Electro	<br>X-Men: Días del Futuro Pasado	<br>Guardianes de la Galaxia	<br><br>2015	Avengers: Age of Ultron<br>Ant-Man<br>4 Fantásticos	<br><br>2016	Deadpool<br>Capitán América: Civil War	<br>X-Men: Apocalipsis	<br>Doctor Strange	<br><br>2017	Logan	<br>Guardianes de la Galaxia Vol. 2	<br>Spider-Man: Homecoming	<br>Thor: Ragnarok<br><br>2018	Black Panther<br>Avengers: Infinity War<br>Deadpool 2	<br>Ant-Man and the Wasp	<br>Venom<br><br>2019	Capitana Marvel<br>Avengers: Endgame<br><br>X-Men: Dark Phoenix<br><br>Spider-Man: Lejos de Casa<br><br>2020 Los nuevos mutantes<br><br>MULTIVERSE MULTIUNIVERSO MARVEL","1998	Blade

2000	X-Men	

2002	Blade II	
Spider-Man

2003	Daredevil	
X-Men 2
Hulk	

2004	The Punisher	
Spider-Man 2	
Blade: Trinity	

2005	Elektra	
Los 4 Fantásticos

2006	X-Men: The Last Stand

2007	Ghost Rider	
Los 4 Fantásticos y Silver Surfer	
Spider-Man 3	

2008	Iron Man	
The Incredible Hulk
El Castigador: Zona de Guerra

2009	X-Men Origins: Wolverine	

2010	Iron Man 2	

2011	Thor
X-Men: Primera Generación	
Capitán América: El Primer Vengador	
Ghost Rider: Espíritu de Venganza	

2012	The Avengers	
The Amazing Spider-Man	

2013	Iron Man 3	
The Wolverine	
Thor: The Dark World	

2014	Captain America: The Winter Soldier
The Amazing Spider-Man 2: Rise of Electro	
X-Men: Días del Futuro Pasado	
Guardianes de la Galaxia	

2015	Avengers: Age of Ultron
Ant-Man
4 Fantásticos	

2016	Deadpool
Capitán América: Civil War	
X-Men: Apocalipsis	
Doctor Strange	

2017	Logan	
Guardianes de la Galaxia Vol. 2	
Spider-Man: Homecoming	
Thor: Ragnarok

2018	Black Panther
Avengers: Infinity War
Deadpool 2	
Ant-Man and the Wasp	
Venom

2019	Capitana Marvel
Avengers: Endgame

X-Men: Dark Phoenix

Spider-Man: Lejos de Casa

2020 Los nuevos mutantes

MULTIVERSE MULTIUNIVERSO MARVEL",0,2020-11-20T02:18:33Z,2020-11-20T02:18:33Z,,Ugw8ODVz11uwFa2GfZR4AaABAg
wUn05hdkhjM,"1998	Blade<br><br>2000	X-Men	<br><br>2002	Blade II	<br>Spider-Man<br><br>2003	Daredevil	<br>X-Men 2<br>Hulk	<br><br>2004	The Punisher	<br>Spider-Man 2	<br>Blade: Trinity	<br><br>2005	Elektra	<br>Los 4 Fantásticos<br><br>2006	X-Men: The Last Stand<br><br>2007	Ghost Rider	<br>Los 4 Fantásticos y Silver Surfer	<br>Spider-Man 3	<br><br>2008	Iron Man	<br>The Incredible Hulk<br>El Castigador: Zona de Guerra<br><br>2009	X-Men Origins: Wolverine	<br><br>2010	Iron Man 2	<br><br>2011	Thor<br>X-Men: Primera Generación	<br>Capitán América: El Primer Vengador	<br>Ghost Rider: Espíritu de Venganza	<br><br>2012	The Avengers	<br>The Amazing Spider-Man	<br><br>2013	Iron Man 3	<br>The Wolverine	<br>Thor: The Dark World	<br><br>2014	Captain America: The Winter Soldier<br>The Amazing Spider-Man 2: Rise of Electro	<br>X-Men: Días del Futuro Pasado	<br>Guardianes de la Galaxia	<br><br>2015	Avengers: Age of Ultron<br>Ant-Man<br>4 Fantásticos	<br><br>2016	Deadpool<br>Capitán América: Civil War	<br>X-Men: Apocalipsis	<br>Doctor Strange	<br><br>2017	Logan	<br>Guardianes de la Galaxia Vol. 2	<br>Spider-Man: Homecoming	<br>Thor: Ragnarok<br><br>2018	Black Panther<br>Avengers: Infinity War<br>Deadpool 2	<br>Ant-Man and the Wasp	<br>Venom<br><br>2019	Capitana Marvel<br>Avengers: Endgame<br><br>X-Men: Dark Phoenix<br><br>Spider-Man: Lejos de Casa<br><br>2020 Los nuevos mutantes<br><br><br>Multiverse multiuniverso Marvel","1998	Blade

2000	X-Men	

2002	Blade II	
Spider-Man

2003	Daredevil	
X-Men 2
Hulk	

2004	The Punisher	
Spider-Man 2	
Blade: Trinity	

2005	Elektra	
Los 4 Fantásticos

2006	X-Men: The Last Stand

2007	Ghost Rider	
Los 4 Fantásticos y Silver Surfer	
Spider-Man 3	

2008	Iron Man	
The Incredible Hulk
El Castigador: Zona de Guerra

2009	X-Men Origins: Wolverine	

2010	Iron Man 2	

2011	Thor
X-Men: Primera Generación	
Capitán América: El Primer Vengador	
Ghost Rider: Espíritu de Venganza	

2012	The Avengers	
The Amazing Spider-Man	

2013	Iron Man 3	
The Wolverine	
Thor: The Dark World	

2014	Captain America: The Winter Soldier
The Amazing Spider-Man 2: Rise of Electro	
X-Men: Días del Futuro Pasado	
Guardianes de la Galaxia	

2015	Avengers: Age of Ultron
Ant-Man
4 Fantásticos	

2016	Deadpool
Capitán América: Civil War	
X-Men: Apocalipsis	
Doctor Strange	

2017	Logan	
Guardianes de la Galaxia Vol. 2	
Spider-Man: Homecoming	
Thor: Ragnarok

2018	Black Panther
Avengers: Infinity War
Deadpool 2	
Ant-Man and the Wasp	
Venom

2019	Capitana Marvel
Avengers: Endgame

X-Men: Dark Phoenix

Spider-Man: Lejos de Casa

2020 Los nuevos mutantes


Multiverse multiuniverso Marvel",1,2020-11-19T19:29:16Z,2020-11-19T19:29:16Z,,UgySLttNZP01luJPwNN4AaABAg
wUn05hdkhjM,one of the coolest trailers,one of the coolest trailers,0,2020-11-17T14:47:42Z,2020-11-17T14:47:42Z,,UgyuRPXaGnEKufbYCJt4AaABAg
wUn05hdkhjM,the guardians of the galaxy soundtrack is just top level,the guardians of the galaxy soundtrack is just top level,1,2020-11-15T18:16:19Z,2020-11-15T18:16:19Z,,UgwMa66f3ZKHziAbC4l4AaABAg
wUn05hdkhjM,Groot,Groot,0,2020-11-14T07:39:31Z,2020-11-14T07:39:31Z,,UgzqoYcptrT6bFcu8Yl4AaABAg
wUn05hdkhjM,akhsjckhsjchjkqwgduibw,akhsjckhsjchjkqwgduibw,0,2020-11-12T04:40:38Z,2020-11-12T04:40:38Z,,Ugy42xuKgUzWuS0yCnt4AaABAg
wUn05hdkhjM,impressionante como Fleetwood Mac consegue melhorar tudo,impressionante como Fleetwood Mac consegue melhorar tudo,1,2020-10-29T17:23:08Z,2020-10-29T17:23:08Z,,UgwQeBXg6XP3AE5woEx4AaABAg
wUn05hdkhjM,they spoiled the mantis coming to the mcu stuff,they spoiled the mantis coming to the mcu stuff,0,2020-10-26T21:52:00Z,2020-10-26T21:52:00Z,,UgwBu1QXoMEkwNfQ_Yx4AaABAg
wUn05hdkhjM,When I saw this I was like vol. 3!?! Yay but then I realised,When I saw this I was like vol. 3!?! Yay but then I realised,0,2020-10-24T20:57:21Z,2020-10-24T20:57:21Z,,UgzuNOjnwuVmWSb5RDt4AaABAg
wUn05hdkhjM,Fleetwood Mac - The Chain,Fleetwood Mac - The Chain,0,2020-10-30T20:55:30Z,2020-10-30T20:55:30Z,UgyXfe4mRqFPQKWwOYJ4AaABAg,UgyXfe4mRqFPQKWwOYJ4AaABAg.9F76UVjuLI79FSLWIpxWao
wUn05hdkhjM,"Gonna be 100%, I think this is the last good marvel movie","Gonna be 100%, I think this is the last good marvel movie",1,2020-10-05T05:09:35Z,2020-10-05T05:09:35Z,,Ugw4tCyd4sXqr8EPcrp4AaABAg
wUn05hdkhjM,Bbbhhbb.   I have a rrrrr.  B,Bbbhhbb.   I have a rrrrr.  B,0,2020-09-28T23:02:14Z,2020-09-28T23:02:14Z,,Ugw_E_AUi963M80Ttgt4AaABAg
wUn05hdkhjM,Cccft is a great woman and a tubby.,Cccft is a great woman and a tubby.,0,2020-09-28T23:01:54Z,2020-09-28T23:01:54Z,,Ugw6dqJoL9OcgYSUSLF4AaABAg
wUn05hdkhjM,Pppp,Pppp,0,2020-09-28T23:01:43Z,2020-09-28T23:01:43Z,,Ugw4rKoJR80lfe2G8054AaABAg
wUn05hdkhjM,Anybody accidentally thought this was vol. 3...?,Anybody accidentally thought this was vol. 3...?,0,2020-09-22T14:45:28Z,2020-09-22T14:45:28Z,,Ugx_0wxmzuQlbMJ8oDB4AaABAg
wUn05hdkhjM,2020?,2020?,1,2020-09-17T10:43:05Z,2020-09-17T10:43:05Z,,Ugx3dh26jPPUXDsYYst4AaABAg
wUn05hdkhjM,"Colossians 3:8 But now you must put them all away: anger, wrath, malice, slander, and obscene talk from your mouth.","Colossians 3:8 But now you must put them all away: anger, wrath, malice, slander, and obscene talk from your mouth.",0,2020-09-03T15:19:24Z,2020-09-03T15:19:24Z,,Ugymloqhe2KVD-YUSwB4AaABAg
wUn05hdkhjM,Follow the Ten Commandments,Follow the Ten Commandments,0,2020-09-03T15:18:51Z,2020-09-03T15:18:51Z,,UgwXVbcBUjvHQq1KqXp4AaABAg
wUn05hdkhjM,God I miss being hyped up for this movie... I love Guardians Vol 1 and 2. Can&#39;t wait for Vol 3. Sad that&#39;s supposed to be the last adventure for Star-Lord and the gang,God I miss being hyped up for this movie... I love Guardians Vol 1 and 2. Can't wait for Vol 3. Sad that's supposed to be the last adventure for Star-Lord and the gang,0,2020-09-01T00:00:03Z,2020-09-01T00:00:03Z,,UgyNhJoZ331rpKWCXmt4AaABAg
wUn05hdkhjM,Someone after fortnite chapter 2 season 4 nexus war???,Someone after fortnite chapter 2 season 4 nexus war???,0,2020-08-27T12:14:59Z,2020-08-27T12:14:59Z,,UgzUcBrfMkXHBa0vAQF4AaABAg
wUn05hdkhjM,Who is here after seeing the this movie,Who is here after seeing the this movie,1,2020-08-26T04:48:00Z,2020-08-26T04:48:00Z,,UgxMASfK_gwXSNfoGjt4AaABAg
wUn05hdkhjM,omg I thought it said Vol. 3 Trailer 2 ugh,omg I thought it said Vol. 3 Trailer 2 ugh,0,2020-08-25T10:55:23Z,2020-08-25T10:55:23Z,,UgwLPO0Bf0k7Pn42de14AaABAg
wUn05hdkhjM,"<a href=""https://www.youtube.com/watch?v=wUn05hdkhjM&amp;t=0m22s"">0:22</a> Bam.",0:22 Bam.,0,2020-08-23T10:54:42Z,2020-08-23T10:54:42Z,,UgwwQqwk4Ms2lHTvY3V4AaABAg
wUn05hdkhjM,"<a href=""https://www.youtube.com/watch?v=wUn05hdkhjM&amp;t=1m46s"">1:46</a> invisible drax",1:46 invisible drax,0,2020-08-20T15:47:57Z,2020-08-20T15:47:57Z,,UgyKY13qVzFpRqDzV1F4AaABAg
wUn05hdkhjM,One of the best marvel  movies ever,One of the best marvel  movies ever,0,2020-08-16T10:19:00Z,2020-08-16T10:19:00Z,,UgwUTIH0vbJAMEDReIN4AaABAg
wUn05hdkhjM,"I thought Ayesha and the Sovereign were awesome. It&#39;s said they&#39;re gonna show up in Guardians 3, so I&#39;m pumped for their. Hopefully they&#39;re the main villains and not secondary like here.","I thought Ayesha and the Sovereign were awesome. It's said they're gonna show up in Guardians 3, so I'm pumped for their. Hopefully they're the main villains and not secondary like here.",0,2020-07-28T07:34:55Z,2020-07-28T07:34:55Z,,Ugy-o6ADjmIAPLFN-q54AaABAg
wUn05hdkhjM,This is my favorite trailer and it’s only because of Fleetwood Mac,This is my favorite trailer and it’s only because of Fleetwood Mac,0,2020-07-27T23:42:26Z,2020-07-27T23:42:26Z,,UgwfqjD3DEFhZSV12SF4AaABAg
wUn05hdkhjM,"<a href=""https://www.youtube.com/watch?v=wUn05hdkhjM&amp;t=0m22s"">0:22</a> and <a href=""https://www.youtube.com/watch?v=wUn05hdkhjM&amp;t=0m48s"">0:48</a> man that soundtrack is PHENOMENAL",0:22 and 0:48 man that soundtrack is PHENOMENAL,0,2020-07-14T03:59:17Z,2020-07-14T03:59:17Z,,UgxaLzCQM2j7okFJ3Hp4AaABAg
wUn05hdkhjM,What an awesome trailer,What an awesome trailer,0,2020-07-09T02:41:31Z,2020-07-09T02:41:31Z,,UgwQfiZda8nwhAf0qA54AaABAg
wUn05hdkhjM,Goddam &quot;trailer 3&quot; made me excited for a few seconds because i thought it said &quot;volume 3&quot;,"Goddam ""trailer 3"" made me excited for a few seconds because i thought it said ""volume 3""",0,2020-06-30T08:27:45Z,2020-06-30T08:27:45Z,,Ugw2yMxq85QDK6e91pB4AaABAg
wUn05hdkhjM,Man this trailer doesn’t do the movie justice at all,Man this trailer doesn’t do the movie justice at all,0,2020-06-23T20:19:21Z,2020-06-23T20:19:21Z,,UgxDTUNGLNRhhbQ8x454AaABAg
wUn05hdkhjM,I thought it said the trailer for Vol. 3 🤣,I thought it said the trailer for Vol. 3 🤣,1,2020-06-23T17:03:28Z,2020-06-23T17:03:28Z,,Ugz_Qjq7rS9pVUZ38vt4AaABAg
wUn05hdkhjM,"<a href=""https://www.youtube.com/watch?v=wUn05hdkhjM&amp;t=1m46s"">1:46</a> that was a small teaser for what drax did in the spaceship in infinity war",1:46 that was a small teaser for what drax did in the spaceship in infinity war,0,2020-06-08T18:11:23Z,2020-06-08T18:11:23Z,,UgzmU1eiz-ywqJrmwH94AaABAg
wUn05hdkhjM,Wanna hear a joke?<br><br><br><br><br><br><br><br><br>Teaser face,"Wanna hear a joke?








Teaser face",1,2020-06-07T00:35:40Z,2020-06-07T00:35:40Z,,UgzfdJIOgXrdAXyI9a54AaABAg
wUn05hdkhjM,Tape Cassettes​,Tape Cassettes​,0,2020-06-02T14:48:45Z,2020-06-02T14:48:45Z,,UgxrtwzZR9doTyZut-t4AaABAg
wUn05hdkhjM,Peter: Who the hell are you<br><br><b>I am your father</b>,"Peter: Who the hell are you

*I am your father*",1,2020-05-30T18:42:05Z,2020-05-30T18:43:00Z,,UgwHIAZt0XVEiDnG-514AaABAg
wUn05hdkhjM,Be,Be,0,2020-04-24T15:22:57Z,2020-04-24T15:22:57Z,,UgwGhwOw3bx4hkfvmwR4AaABAg
wUn05hdkhjM,2023,2023,0,2020-04-19T02:27:27Z,2020-04-19T02:27:27Z,Ugx3G9wB1HjI9PNQHQB4AaABAg,Ugx3G9wB1HjI9PNQHQB4AaABAg.96THyRZ_sHc97bpUqaQiwJ
wUn05hdkhjM,Superior 06 they are!,Superior 06 they are!,0,2020-04-12T04:41:58Z,2020-04-12T04:41:58Z,Ugx3G9wB1HjI9PNQHQB4AaABAg,Ugx3G9wB1HjI9PNQHQB4AaABAg.96THyRZ_sHc97L2JzwhubO
wUn05hdkhjM,My little brother did and I almost did,My little brother did and I almost did,0,2021-12-24T00:32:05Z,2021-12-24T00:32:05Z,Ugw8z84ewZw2mCacU654AaABAg,Ugw8z84ewZw2mCacU654AaABAg.96JMYhrR-uA9WJcN9DhHvM
wUn05hdkhjM,🥺,🥺,1,2021-12-05T12:23:32Z,2021-12-05T12:23:32Z,Ugw8z84ewZw2mCacU654AaABAg,Ugw8z84ewZw2mCacU654AaABAg.96JMYhrR-uA9VZygRNkT0B
wUn05hdkhjM,@Atulya 😂😂,@Atulya 😂😂,0,2021-11-01T16:39:24Z,2021-11-01T16:39:24Z,Ugw8z84ewZw2mCacU654AaABAg,Ugw8z84ewZw2mCacU654AaABAg.96JMYhrR-uA9UCsweEt7D6
wUn05hdkhjM,@Alyena Hoy 😀💜 i am marry poppins y&#39;all,@Alyena Hoy 😀💜 i am marry poppins y'all,3,2021-11-01T16:20:34Z,2021-11-01T16:20:34Z,Ugw8z84ewZw2mCacU654AaABAg,Ugw8z84ewZw2mCacU654AaABAg.96JMYhrR-uA9UCqmi3JJew
wUn05hdkhjM,@UGA BOOGA heck yeah he&#39;s cool,@UGA BOOGA heck yeah he's cool,0,2021-09-29T20:48:48Z,2021-09-29T20:48:48Z,Ugw8z84ewZw2mCacU654AaABAg,Ugw8z84ewZw2mCacU654AaABAg.96JMYhrR-uA9StMFTrKNR-
wUn05hdkhjM,Remember watching this year’s ago it never gets old,Remember watching this year’s ago it never gets old,2,2020-03-12T22:51:51Z,2020-03-12T22:51:51Z,,UgykxtftXbhSqTSi7oV4AaABAg
wUn05hdkhjM,2022,2022,0,2022-02-15T00:29:08Z,2022-02-15T00:29:08Z,Ugzbi8WJfFi-HxeOXZh4AaABAg,Ugzbi8WJfFi-HxeOXZh4AaABAg.95WuesZd07X9YS59zy2Tek
wUn05hdkhjM,2021💪🏼💪🏼💪🏼💪🏼,2021💪🏼💪🏼💪🏼💪🏼,2,2021-04-29T04:12:23Z,2021-04-29T04:12:23Z,Ugzbi8WJfFi-HxeOXZh4AaABAg,Ugzbi8WJfFi-HxeOXZh4AaABAg.95WuesZd07X9MhbaZXWGt0
wUn05hdkhjM,@ดีย์เจคำนวนแม่น  Have you even seen Gotg 1 and 2?,@ดีย์เจคำนวนแม่น  Have you even seen Gotg 1 and 2?,7,2021-03-30T15:03:55Z,2021-03-30T15:03:55Z,Ugzbi8WJfFi-HxeOXZh4AaABAg,Ugzbi8WJfFi-HxeOXZh4AaABAg.95WuesZd07X9LWXJJDXS_v
wUn05hdkhjM,"I wish marvel turn star lord from useless power to the most powerful in the universe at the end, his mother and father not normal we love the surprise","I wish marvel turn star lord from useless power to the most powerful in the universe at the end, his mother and father not normal we love the surprise",1,2021-03-20T13:28:39Z,2021-03-20T13:28:39Z,Ugzbi8WJfFi-HxeOXZh4AaABAg,Ugzbi8WJfFi-HxeOXZh4AaABAg.95WuesZd07X9L6bSmpgQ_3
wUn05hdkhjM,Me too 2021,Me too 2021,5,2021-03-01T16:56:50Z,2021-03-01T16:56:50Z,Ugzbi8WJfFi-HxeOXZh4AaABAg,Ugzbi8WJfFi-HxeOXZh4AaABAg.95WuesZd07X9KM3AvfDZuh
wUn05hdkhjM,Is it just me who got this on my recommended and shocked thought it was vol.3,Is it just me who got this on my recommended and shocked thought it was vol.3,2,2020-02-25T13:54:32Z,2020-02-25T13:54:32Z,,UgypbJlpXZdOqoykNvN4AaABAg
wUn05hdkhjM,2020 anyone,2020 anyone,1,2020-02-23T08:01:59Z,2020-02-23T08:01:59Z,,Ugxyp85-eXQRSakh2WZ4AaABAg
wUn05hdkhjM,This movie has some of the worst dialogue I&#39;ve ever heard. &quot;I have famously huge turds!&quot; Yuck...,"This movie has some of the worst dialogue I've ever heard. ""I have famously huge turds!"" Yuck...",0,2020-02-22T16:00:54Z,2020-02-22T16:00:54Z,,UgzjuGpzt3cZqlbh0xJ4AaABAg
wUn05hdkhjM,Until Vol. 3 on 2023😪😪😪,Until Vol. 3 on 2023😪😪😪,3,2020-01-31T14:01:18Z,2020-01-31T14:01:18Z,,Ugx71brYhoR9AiIVaJd4AaABAg
wUn05hdkhjM,"Best Trailer ever, 2020 I&#39;m still watching!!!","Best Trailer ever, 2020 I'm still watching!!!",3,2020-01-18T01:14:21Z,2020-01-18T01:14:21Z,,UgyshS1DCm8shvhwFI54AaABAg
wUn05hdkhjM,Remember when Marvel used to spoil the entire movie in 2-3 Trailers?<br><br><br>Yeah I miss those days.,"Remember when Marvel used to spoil the entire movie in 2-3 Trailers?


Yeah I miss those days.",0,2020-01-16T14:58:41Z,2020-01-16T14:58:41Z,,UgwztTJg_qJaxGCzwRt4AaABAg
wUn05hdkhjM,NEBULA: IDIOTS,NEBULA: IDIOTS,0,2019-12-29T10:30:19Z,2019-12-29T10:30:19Z,,UgxkNl6lYMrBoqkA9cd4AaABAg
wUn05hdkhjM,1. Star Wars = 100%❤<br>2. Guardians of the Galaxy = 100%❤,"1. Star Wars = 100%❤
2. Guardians of the Galaxy = 100%❤",1,2019-12-26T19:10:09Z,2019-12-26T19:10:09Z,,UgwS9eH6EYcW-AAVA5d4AaABAg
wUn05hdkhjM,Girlfriend issue 😂,Girlfriend issue 😂,0,2021-05-27T17:14:00Z,2021-05-27T17:14:00Z,UgxWHRUwGRAMPvijN0x4AaABAg,UgxWHRUwGRAMPvijN0x4AaABAg.930UoTJesen9Nr6IrDKhYb
wUn05hdkhjM,Girl friend issue,Girl friend issue,0,2020-08-30T08:07:54Z,2020-08-30T08:07:54Z,UgxWHRUwGRAMPvijN0x4AaABAg,UgxWHRUwGRAMPvijN0x4AaABAg.930UoTJesen9CyuAlQb_ao
wUn05hdkhjM,"brother or sister issues?? after all ego had A LOT of children, must be hard to keep track","brother or sister issues?? after all ego had A LOT of children, must be hard to keep track",1,2019-12-28T15:34:57Z,2019-12-28T15:34:57Z,UgxWHRUwGRAMPvijN0x4AaABAg,UgxWHRUwGRAMPvijN0x4AaABAg.930UoTJesen935GmpgxiI4
wUn05hdkhjM,Man i LOVE this trailer,Man i LOVE this trailer,0,2019-12-23T09:45:09Z,2019-12-23T09:45:09Z,,UgwnqpSFLfBT0qsYUQZ4AaABAg
wUn05hdkhjM,"Just thought the same thing again, after two years, wow","Just thought the same thing again, after two years, wow",0,2022-05-28T07:02:33Z,2022-05-28T07:02:33Z,UgyFMiPHSsQhPWgxXlV4AaABAg,UgyFMiPHSsQhPWgxXlV4AaABAg.92Mwyd8txS_9bZRGfcWTFj
wUn05hdkhjM,Who is here after the Black Widow trailer?,Who is here after the Black Widow trailer?,2,2019-12-03T23:15:51Z,2019-12-03T23:15:51Z,,UgyppnZWK0LX8j9Hywt4AaABAg
wUn05hdkhjM,I have surprised that Sylvester Stallone is here,I have surprised that Sylvester Stallone is here,0,2019-10-27T08:58:50Z,2019-10-27T08:58:50Z,,Ugw2285kyE2tF-dNY5d4AaABAg
wUn05hdkhjM,I thought it said vol 3 I got excited for a sec,I thought it said vol 3 I got excited for a sec,5,2019-10-25T16:21:46Z,2019-10-25T16:21:46Z,,UgwvIkuArzz-rMoI70J4AaABAg
wUn05hdkhjM,Crazy how they used a song from the 70s to completely HYPED TF up when it came out lmao,Crazy how they used a song from the 70s to completely HYPED TF up when it came out lmao,0,2019-10-21T03:58:16Z,2019-10-21T03:58:16Z,,UgwUWsoNums4_Pily-54AaABAg
wUn05hdkhjM,Just watching this trailer two long years later brings back so many memories oh my gosh,Just watching this trailer two long years later brings back so many memories oh my gosh,0,2019-10-14T22:00:46Z,2019-10-14T22:00:46Z,,UgyU7sX31pCYuU9qDGR4AaABAg
wUn05hdkhjM,Guardiansvol1:Peter mom issues <br>Gaudians vol2:Peter dad issues<br>Infinity war:Father in law issue <br>Endgame:Girlfriend(gamora)Issue,"Guardiansvol1:Peter mom issues 
Gaudians vol2:Peter dad issues
Infinity war:Father in law issue 
Endgame:Girlfriend(gamora)Issue",1,2019-10-12T14:49:08Z,2019-10-12T14:49:08Z,,UgzCCcmjPaIip35RCYd4AaABAg
wUn05hdkhjM,"2017 was best year for movies in this decade,decade before was 2001 best for movies,in 90s was 1998 a movie year,and in 80s is definitely 1982.","2017 was best year for movies in this decade,decade before was 2001 best for movies,in 90s was 1998 a movie year,and in 80s is definitely 1982.",0,2019-10-05T22:11:55Z,2019-10-05T22:11:55Z,,UgyezHFPJPkQAsjE6-h4AaABAg
wUn05hdkhjM,Whats the music of the trailer,Whats the music of the trailer,0,2019-10-01T13:58:20Z,2019-10-01T13:58:20Z,,UgyrM2PpyLJxRMu5us14AaABAg
wUn05hdkhjM,Galaxy vol. 2018,Galaxy vol. 2018,0,2019-10-01T05:49:54Z,2019-10-01T05:49:54Z,,UgxkoAjQtccUr18jbQd4AaABAg
wUn05hdkhjM,Daniel Tong it’s not clickbait,Daniel Tong it’s not clickbait,0,2019-09-19T01:54:07Z,2019-09-19T01:54:07Z,UgySASIfVJnpl8o-ypB4AaABAg,UgySASIfVJnpl8o-ypB4AaABAg.9-17DBoxPXa9-2JMLY7xub
wUn05hdkhjM,The suicide squad 2021<br>Sean Gunn as the weasel <br>Steve Agee as King shark <br>Idris Elba as vigilante<br>Brightburn<br>david dastmalchian as polka dot man,"The suicide squad 2021
Sean Gunn as the weasel 
Steve Agee as King shark 
Idris Elba as vigilante
Brightburn
david dastmalchian as polka dot man",0,2019-09-15T14:52:47Z,2020-03-28T19:15:08Z,,UgxBsLQXwDWmCh1dsFV4AaABAg
wUn05hdkhjM,Who else is watching it in 2019 ?,Who else is watching it in 2019 ?,2,2019-09-10T10:48:36Z,2019-09-10T10:48:36Z,,Ugy4GRr7_bIEYW2BAMR4AaABAg
wUn05hdkhjM,Now waiting for the Asguardians of the Galaxy,Now waiting for the Asguardians of the Galaxy,2,2019-09-03T22:05:16Z,2019-09-03T22:05:16Z,,UgzWvsQDbqa3i9mhLUl4AaABAg
wUn05hdkhjM,Already release or not this film,Already release or not this film,0,2019-09-02T16:51:25Z,2019-09-02T16:51:25Z,,UgxGmmK1MHJHunP1t414AaABAg
wUn05hdkhjM,"<a href=""https://www.youtube.com/watch?v=wUn05hdkhjM&amp;t=1m57s"">1:57</a> Peter and Gamora holding hands :)",1:57 Peter and Gamora holding hands :),2,2019-08-22T12:50:30Z,2019-08-22T12:50:30Z,,UgwBYSpoU_-RvhBUp7B4AaABAg
wUn05hdkhjM,Great thing about these movies is I don’t think there is a character That I don’t like!,Great thing about these movies is I don’t think there is a character That I don’t like!,1,2019-08-20T08:07:25Z,2019-08-20T08:07:25Z,,UgzmQDprHEoh5YNOUU54AaABAg
wUn05hdkhjM,not as good as the first,not as good as the first,0,2019-08-04T01:32:17Z,2019-08-04T01:32:17Z,,UgzWhueDcRYR_kHr2Cx4AaABAg
wUn05hdkhjM,Peter&#39;s look in the end 😁,Peter's look in the end 😁,0,2019-07-31T17:46:38Z,2019-07-31T17:46:38Z,,Ugw0poIwPLkHnxCBACp4AaABAg
wUn05hdkhjM,Greatness movie trailer of all time... the s JG. Jesus.. 👊🏽🙌🏽🙌🏽🙌🏽,Greatness movie trailer of all time... the s JG. Jesus.. 👊🏽🙌🏽🙌🏽🙌🏽,0,2019-07-26T07:20:51Z,2019-07-26T07:20:51Z,,UgwbKXGXqUcq8K6nS2J4AaABAg
wUn05hdkhjM,&quot;So you are like my space dad&quot;,"""So you are like my space dad""",0,2019-07-24T17:49:29Z,2019-07-24T17:50:52Z,,UgybjKp0nfIX1C12NQB4AaABAg
wUn05hdkhjM,@Angel Guerrero She did and now leading the Ravangers,@Angel Guerrero She did and now leading the Ravangers,0,2023-01-29T04:05:13Z,2023-01-29T04:05:13Z,UgxihFne5-ijZSUJHQt4AaABAg,UgxihFne5-ijZSUJHQt4AaABAg.8xlERSEYYKU9lSYX0qFWL4
wUn05hdkhjM,@Maneesha Rawat we still don&#39;t even know if she survived Tony&#39;s snap,@Maneesha Rawat we still don't even know if she survived Tony's snap,0,2022-01-23T01:21:12Z,2022-01-23T01:21:12Z,UgxihFne5-ijZSUJHQt4AaABAg,UgxihFne5-ijZSUJHQt4AaABAg.8xlERSEYYKU9XWxq6GwCjY
wUn05hdkhjM,Ya she just get the family and they ruined it😠😭,Ya she just get the family and they ruined it😠😭,2,2021-05-27T17:06:46Z,2021-05-27T17:06:46Z,UgxihFne5-ijZSUJHQt4AaABAg,UgxihFne5-ijZSUJHQt4AaABAg.8xlERSEYYKU9Nr5ToCjPGt
wUn05hdkhjM,After Endgame?,After Endgame?,1,2019-07-14T21:26:45Z,2019-07-14T21:26:45Z,,UgzEmeb95zOFiwd-1R94AaABAg
wUn05hdkhjM,What is music of this awsom trailer plz?,What is music of this awsom trailer plz?,0,2019-07-08T16:02:04Z,2019-07-08T16:02:04Z,,UgwhL9AC8rxJU_5Xl354AaABAg
wUn05hdkhjM,Name of song please!!!!,Name of song please!!!!,0,2019-07-07T21:55:34Z,2019-07-07T21:55:34Z,,UgxvIOFo2k8BpinxXLh4AaABAg
wUn05hdkhjM,This trailer was better than the actual movie,This trailer was better than the actual movie,0,2019-07-03T04:45:42Z,2019-07-03T04:45:42Z,,Ugzg9dAneFo0gb7XJDZ4AaABAg
wUn05hdkhjM,oh what am i watching i thought it was vol.3 XDDD,oh what am i watching i thought it was vol.3 XDDD,0,2019-06-23T10:16:44Z,2019-06-23T10:16:44Z,,Ugw9815GfSGEcbzL9Hx4AaABAg
wUn05hdkhjM,One of the Best movie. ♥️,One of the Best movie. ♥️,0,2019-06-20T07:02:55Z,2019-06-20T07:02:55Z,,UgycoUjj78LeO28ICdV4AaABAg
wUn05hdkhjM,"Still in my opinion, one of the best mcu movies","Still in my opinion, one of the best mcu movies",2,2019-06-20T02:30:16Z,2019-06-20T02:30:16Z,,UgzZRreNazYJXOlqpnl4AaABAg
wUn05hdkhjM,I am inevitable,I am inevitable,0,2019-06-09T18:52:52Z,2019-06-09T18:52:52Z,,Ugzmpc2CS7fUUSzhNG54AaABAg
wUn05hdkhjM,I... AM... YOUR... FATHER...,I... AM... YOUR... FATHER...,1,2019-06-08T01:56:35Z,2019-06-08T01:56:35Z,,Ugybbmy6OytQk63IgUN4AaABAg
wUn05hdkhjM,"Marvel studios : now that&#39;s Is in cinemas the endgame movie , we gonna put our old móvies in YouTube recomendations","Marvel studios : now that's Is in cinemas the endgame movie , we gonna put our old móvies in YouTube recomendations",1,2019-06-03T14:47:12Z,2019-06-03T14:47:12Z,,Ugx14k8M_7MVYGAacsd4AaABAg
wUn05hdkhjM,I can’t wait for volume 3 trailer. I really wanna know of Gamora will come back and reunite. (Most likely),I can’t wait for volume 3 trailer. I really wanna know of Gamora will come back and reunite. (Most likely),0,2019-05-30T14:39:12Z,2019-05-30T14:39:12Z,,UgxKb1NzA_8xjPOkSid4AaABAg
wUn05hdkhjM,"@Hannibal Lecter yes, friend.","@Hannibal Lecter yes, friend.",0,2021-09-06T12:10:29Z,2021-09-06T12:10:29Z,UgxE8y8PA83D5JcvfUx4AaABAg,UgxE8y8PA83D5JcvfUx4AaABAg.8vYoU2b4IDc9RxCe2pR6-1
wUn05hdkhjM,Toretto is that you,Toretto is that you,0,2021-09-06T11:16:06Z,2021-09-06T11:17:06Z,UgxE8y8PA83D5JcvfUx4AaABAg,UgxE8y8PA83D5JcvfUx4AaABAg.8vYoU2b4IDc9Rx6QkheFPy
wUn05hdkhjM,Toretto would be proud,Toretto would be proud,2,2021-09-01T19:58:20Z,2021-09-01T19:58:20Z,UgxE8y8PA83D5JcvfUx4AaABAg,UgxE8y8PA83D5JcvfUx4AaABAg.8vYoU2b4IDc9RlADM09LGt
wUn05hdkhjM,Mantis: It’s beautiful<br>Drax: Just like you.......on the inside,"Mantis: It’s beautiful
Drax: Just like you.......on the inside",0,2021-02-24T19:04:29Z,2021-02-24T19:04:29Z,UgxE8y8PA83D5JcvfUx4AaABAg,UgxE8y8PA83D5JcvfUx4AaABAg.8vYoU2b4IDc9K9PoVxNV0S
wUn05hdkhjM,Well except maybe her..........,Well except maybe her..........,3,2020-03-09T04:39:08Z,2020-03-09T04:39:08Z,UgxE8y8PA83D5JcvfUx4AaABAg,UgxE8y8PA83D5JcvfUx4AaABAg.8vYoU2b4IDc95yUyUUku2X
wUn05hdkhjM,Who thought this was vol 3 laeve a like,Who thought this was vol 3 laeve a like,1,2019-05-30T09:29:13Z,2019-05-30T09:29:13Z,,Ugx-GBVWvVORJoslV9V4AaABAg
wUn05hdkhjM,Who&#39;s in 2019..???,Who's in 2019..???,1,2019-05-30T06:23:12Z,2019-05-30T06:23:12Z,,UgzTnKEoRvZeBIWBqV94AaABAg
wUn05hdkhjM,"This showed in my reccommended and I thought it was Vol 3 and I was like &quot;HELLLLL YEAHHHHHHH&quot; Until when I clicked the vid...and I&#39;m not copying Heart 11 guy, this actually happened","This showed in my reccommended and I thought it was Vol 3 and I was like ""HELLLLL YEAHHHHHHH"" Until when I clicked the vid...and I'm not copying Heart 11 guy, this actually happened",3,2019-05-29T11:14:12Z,2019-05-29T11:14:41Z,,UgxKY1PddE62ngZZy7h4AaABAg
wUn05hdkhjM,"I legit thought it said, “Volume 3” <br>And lemme tell ya. I was pissed when I found out it wasn’t.","I legit thought it said, “Volume 3” 
And lemme tell ya. I was pissed when I found out it wasn’t.",0,2019-05-29T05:10:45Z,2019-05-29T05:10:45Z,,UgwSU_Rzz9MoYPwtN5N4AaABAg
wUn05hdkhjM,Who else is after Endgame?,Who else is after Endgame?,2,2019-05-28T13:08:06Z,2019-05-28T13:08:06Z,,UgzgyQF89KMQNaXVVoZ4AaABAg
wUn05hdkhjM,People will see vol 2 as vol 3<br>And later maybe would see vol 3 and 4,"People will see vol 2 as vol 3
And later maybe would see vol 3 and 4",0,2019-05-28T09:32:04Z,2019-05-28T09:32:04Z,,UgwbEkB8bpI2L7vrVEx4AaABAg
wUn05hdkhjM,Who the hell are you<br>First peter<br>And recently thor,"Who the hell are you
First peter
And recently thor",3,2019-05-28T09:31:00Z,2019-05-28T09:31:00Z,,Ugyz1sqmwuNzhQBMViF4AaABAg
wUn05hdkhjM,why is gamora?,why is gamora?,0,2019-05-28T07:33:18Z,2019-05-28T07:33:18Z,,Ugz0Uh4UC42iakiknCp4AaABAg
wUn05hdkhjM,Leí vol 3 :(,Leí vol 3 :(,0,2019-05-27T23:47:19Z,2019-05-27T23:47:19Z,,Ugzxs5KK9eZJ52-5dTp4AaABAg
wUn05hdkhjM,I Love You 3000💕,I Love You 3000💕,1,2019-05-26T09:02:56Z,2019-05-26T09:02:56Z,,UgzWmdoj_-xELBQ8dKp4AaABAg
wUn05hdkhjM,No one :<br><br>Recommendation 2019 : GuArDiAnS Of ThE GaLaXy 2,"No one :

Recommendation 2019 : GuArDiAnS Of ThE GaLaXy 2",13,2019-05-25T05:10:41Z,2019-05-25T05:10:41Z,,UgyNDzNT8S1C2fKX1nd4AaABAg
wUn05hdkhjM,Claire Will gonna b so jealous &#39;bout this..,Claire Will gonna b so jealous 'bout this..,1,2019-05-24T01:17:13Z,2019-05-24T01:17:13Z,,UgxDYcz67ymyiJFextx4AaABAg
wUn05hdkhjM,Its been 2 years already😲,Its been 2 years already😲,1,2019-05-23T12:57:09Z,2019-05-23T12:57:09Z,,UgzeONQDge-DWHpJPUl4AaABAg
wUn05hdkhjM,&quot;Chain&quot; by Fleetwood Mac,"""Chain"" by Fleetwood Mac",0,2019-05-25T05:17:57Z,2019-05-25T05:17:57Z,Ugz2hGSHptDDb_rTE6F4AaABAg,Ugz2hGSHptDDb_rTE6F4AaABAg.8vGuD5SjaeH8vLPfxto9UC
wUn05hdkhjM,DJ Phat Ballz same I felt for it,DJ Phat Ballz same I felt for it,0,2019-05-24T11:42:22Z,2019-05-24T11:42:22Z,UgxTXkBeRiVhEXmxMYp4AaABAg,UgxTXkBeRiVhEXmxMYp4AaABAg.8vG9zD7Ztqp8vJWsaToljS
wUn05hdkhjM,I AM GROOT,I AM GROOT,1,2019-05-20T01:00:10Z,2019-05-20T01:00:10Z,,UgybGrdgTWiW-hzy5xJ4AaABAg
wUn05hdkhjM,Best MCU Movie you cannot change my mind,Best MCU Movie you cannot change my mind,1,2019-05-19T18:10:11Z,2019-05-19T18:10:11Z,,Ugw2tSXxD20W8WZ5eUd4AaABAg
wUn05hdkhjM,Happy 2019,Happy 2019,0,2019-05-18T11:21:10Z,2019-05-18T11:21:10Z,,Ugw8X1WotbtcNQKe6B94AaABAg
wUn05hdkhjM,I think I read this wrong.,I think I read this wrong.,1,2019-05-18T01:23:13Z,2019-05-18T01:23:13Z,,UgzVbWjEkh8ofXt0Yeh4AaABAg
wUn05hdkhjM,I  love  guardians  of the galaxy 1 and  2,I  love  guardians  of the galaxy 1 and  2,0,2019-05-17T10:43:46Z,2019-05-17T10:43:46Z,,UgyU1T5IYp7-lFrVbVp4AaABAg
wUn05hdkhjM,Me,Me,0,2019-05-20T15:13:44Z,2019-05-20T15:13:44Z,UgzwSW3_EC-ExXDYs5d4AaABAg,UgzwSW3_EC-ExXDYs5d4AaABAg.8uyrR16aEjY8v9atDzeMmw
wUn05hdkhjM,Go and watch now 😉,Go and watch now 😉,1,2023-05-11T08:50:39Z,2023-05-11T08:50:39Z,UgxDBAkMM_VVU13rJgB4AaABAg,UgxDBAkMM_VVU13rJgB4AaABAg.8uyHCKqFTkZ9pZhGxaPEoh
wUn05hdkhjM,&quot;Chain&quot; by Fleetwood Mac,"""Chain"" by Fleetwood Mac",0,2019-05-25T05:18:37Z,2019-05-25T05:18:37Z,UgyAaY0Cq5oQIxhtVxB4AaABAg,UgyAaY0Cq5oQIxhtVxB4AaABAg.8uy5x01EnsE8vLPks4B0Dz
wUn05hdkhjM,Uh u mean Asgardians of the Galaxy,Uh u mean Asgardians of the Galaxy,0,2019-05-15T15:09:17Z,2019-05-15T15:09:17Z,,UgwuHv0LDrPXizi15qB4AaABAg
wUn05hdkhjM,Me 2,Me 2,0,2019-05-22T03:21:33Z,2019-05-22T03:21:33Z,UgwCLYBY_t1bzSOSbZx4AaABAg,UgwCLYBY_t1bzSOSbZx4AaABAg.8uxI9YUJB7j8vDTyn8NCfk
wUn05hdkhjM,Me too wtf,Me too wtf,0,2019-05-16T22:33:24Z,2019-05-16T22:33:24Z,UgwCLYBY_t1bzSOSbZx4AaABAg,UgwCLYBY_t1bzSOSbZx4AaABAg.8uxI9YUJB7j8v050wdcX4y
wUn05hdkhjM,Anyone else see the trailer as <b>Guardians of the Galaxy vol. 3 official trailer</b> ? Because I did and I clicked soooo fast😂😂😂,Anyone else see the trailer as *Guardians of the Galaxy vol. 3 official trailer* ? Because I did and I clicked soooo fast😂😂😂,2,2019-05-15T03:18:07Z,2019-05-15T03:18:07Z,,Ugwj11tPGCP6-kVHGcV4AaABAg
wUn05hdkhjM,I saw this in my recommendations i thought it was guardians of the galaxy vol 3,I saw this in my recommendations i thought it was guardians of the galaxy vol 3,1,2019-05-14T15:52:45Z,2019-05-14T15:52:45Z,,Ugw1KYTGFug5OJzvCrB4AaABAg
wUn05hdkhjM,Yeah that sucks :&#39;((,Yeah that sucks :'((,3,2019-05-14T07:36:27Z,2019-05-14T07:36:27Z,Ugye-PeE_h9W4j15LRR4AaABAg,Ugye-PeE_h9W4j15LRR4AaABAg.8usE0XTK0c_8uuKmfp91rd
wUn05hdkhjM,It feels weird looking at Gamora.,It feels weird looking at Gamora.,1,2019-05-12T09:56:36Z,2019-05-12T09:56:36Z,,Ugwdz8N3qnDYA8O8jTd4AaABAg
wUn05hdkhjM,"The new MCU trailers are much better, think that trend started with the first GOTG.","The new MCU trailers are much better, think that trend started with the first GOTG.",0,2019-05-12T09:53:35Z,2019-05-12T09:53:35Z,,UgxYN4-Mr70LG9jNIFV4AaABAg
wUn05hdkhjM,Same here,Same here,0,2019-05-12T08:12:03Z,2019-05-12T08:12:03Z,UgyFpPEhf7drWkdQ-9F4AaABAg,UgyFpPEhf7drWkdQ-9F4AaABAg.8umyzts4-LP8upFGik5j4Q
wUn05hdkhjM,wHo iS heRe AfTeR thE eNd Of tHe WoRLD?!??<br><br><br><br><br><br><br><b>yes actually</b>,"wHo iS heRe AfTeR thE eNd Of tHe WoRLD?!??






*yes actually*",6,2019-05-11T09:59:52Z,2019-05-11T09:59:52Z,,UgxQS9XjgfrQXVzLvO94AaABAg
wUn05hdkhjM,"I know I&#39;m the minority here, but this is probably my favorite Marvel Studios movie, way better than the first Guardians film.","I know I'm the minority here, but this is probably my favorite Marvel Studios movie, way better than the first Guardians film.",12,2019-05-11T05:48:32Z,2019-05-11T05:48:32Z,,UgzcAsI5hrKwqmxIiOB4AaABAg
wUn05hdkhjM,I want Neb to join the guardians,I want Neb to join the guardians,0,2019-05-09T09:57:15Z,2019-05-09T09:57:15Z,,UgziWq6IAHV8rcadSdp4AaABAg
wUn05hdkhjM,Anyone else like to revisit these?,Anyone else like to revisit these?,2,2019-05-08T22:36:25Z,2019-05-08T22:36:25Z,,UgzF6HThOLaqnVv3UOp4AaABAg
wUn05hdkhjM,"lol i just typed that in , and i said wait huh trailer released ??!!","lol i just typed that in , and i said wait huh trailer released ??!!",0,2019-05-11T09:35:03Z,2019-05-11T09:35:03Z,UgzU9EsFNFIjmAQe2bh4AaABAg,UgzU9EsFNFIjmAQe2bh4AaABAg.8ug6bwlrZLG8umoyiXC5it
wUn05hdkhjM,Henzo me too 😓😣,Henzo me too 😓😣,0,2019-05-09T11:03:37Z,2019-05-09T11:03:37Z,UgzU9EsFNFIjmAQe2bh4AaABAg,UgzU9EsFNFIjmAQe2bh4AaABAg.8ug6bwlrZLG8uhpWbg3kZA
wUn05hdkhjM,She is alive,She is alive,0,2021-05-27T17:11:29Z,2021-05-27T17:11:29Z,UgzmsZq68GAb45_xo9N4AaABAg,UgzmsZq68GAb45_xo9N4AaABAg.8ufetdn0KaI9Nr60L6aadN
wUn05hdkhjM,Who&#39;s in 2019..?,Who's in 2019..?,1,2019-05-08T07:27:06Z,2019-05-08T07:27:06Z,,Ugy9kX6c16KwbeptVv14AaABAg
wUn05hdkhjM,<b>GOLD</b>,*GOLD*,0,2019-05-07T02:23:53Z,2019-05-07T02:23:53Z,,Ugw0PyDAoeh7dYIo3Dl4AaABAg
wUn05hdkhjM,"I edited this trailer and replaced the song with &quot;happy together&quot; because I think it fits. Give it a watch if u want :) If not, it&#39;s fine haha :P","I edited this trailer and replaced the song with ""happy together"" because I think it fits. Give it a watch if u want :) If not, it's fine haha :P",0,2019-05-06T20:59:35Z,2019-05-06T20:59:35Z,,UgyoejiL0Hd1vMF5SGt4AaABAg
wUn05hdkhjM,Damnit!  I thought it said Vol. 3!,Damnit!  I thought it said Vol. 3!,2,2019-05-06T03:51:55Z,2019-05-06T03:51:55Z,,UgydxoWGohjIB6JVnbR4AaABAg
wUn05hdkhjM,This popped up in my recommendations and I bought it was for Vol.3 ffs 😔,This popped up in my recommendations and I bought it was for Vol.3 ffs 😔,1,2019-05-04T09:49:39Z,2019-05-04T09:49:39Z,,UgwU2sN8yvYEIpPvZ1N4AaABAg
wUn05hdkhjM,i thought it said vol. 3 and i got super excited for a second,i thought it said vol. 3 and i got super excited for a second,0,2019-05-03T22:40:02Z,2019-05-03T22:40:02Z,,UgxBV_Vd2Ce5iLDdyAx4AaABAg
wUn05hdkhjM,Thor will be in GOTG Volume 3.,Thor will be in GOTG Volume 3.,3,2019-05-01T08:48:55Z,2019-05-01T08:48:55Z,,Ugy15sTor_gOCE-McPF4AaABAg
wUn05hdkhjM,I remember it was this trailer that got me excited for guardians vol 2!,I remember it was this trailer that got me excited for guardians vol 2!,0,2019-04-30T17:55:52Z,2019-04-30T17:55:52Z,,Ugxti_dG4BFym_z5did4AaABAg
wUn05hdkhjM,"ooh nice catch dude x) I didn&#39;t hear it even when I tried. But I hear it now. It&#39;s like a sort of wave sound or something? Btw I edited this trailer and replaced the song with &quot;happy together&quot; because I think it fits. Give it a watch if u want :) If not, it&#39;s fine haha :P","ooh nice catch dude x) I didn't hear it even when I tried. But I hear it now. It's like a sort of wave sound or something? Btw I edited this trailer and replaced the song with ""happy together"" because I think it fits. Give it a watch if u want :) If not, it's fine haha :P",2,2019-05-06T20:59:17Z,2019-05-06T20:59:17Z,Ugw8WsXpPc1sYbhiwWZ4AaABAg,Ugw8WsXpPc1sYbhiwWZ4AaABAg.8uLmt-2mq8L8ubAIpu0NZW
wUn05hdkhjM,2019 anyone?? Just wanted to watch some good old marvel trailers after the ENDGAME😄😄,2019 anyone?? Just wanted to watch some good old marvel trailers after the ENDGAME😄😄,1,2019-04-29T16:35:45Z,2019-04-29T16:35:57Z,,UgxSepFc7-nw8Vmu6vJ4AaABAg
wUn05hdkhjM,"Yeah, this trailer has the best parts of the song all cramped together :p. Btw I edited this trailer and replaced the song with &quot;happy together&quot; because I think it fits. Give it a watch if u want :)","Yeah, this trailer has the best parts of the song all cramped together :p. Btw I edited this trailer and replaced the song with ""happy together"" because I think it fits. Give it a watch if u want :)",0,2019-05-06T20:57:36Z,2019-05-06T20:57:36Z,Ugy6gsUeLdHrslmodrZ4AaABAg,Ugy6gsUeLdHrslmodrZ4AaABAg.8uIAcLOp2Hb8ubA6Zi4R9z
wUn05hdkhjM,I had a sumsung galaxy phone 🤣🤣🤣😎😎😎😃😃😃😃,I had a sumsung galaxy phone 🤣🤣🤣😎😎😎😃😃😃😃,0,2019-04-24T10:34:18Z,2019-04-24T10:57:49Z,,UgydjaSceVRnSkXzGt54AaABAg
wUn05hdkhjM,RIP yondu:(,RIP yondu:(,1,2019-04-21T17:36:30Z,2019-04-21T17:36:30Z,,UgzzVnmvozN9lzWfUFB4AaABAg
wUn05hdkhjM,"<a href=""https://www.youtube.com/watch?v=wUn05hdkhjM&amp;t=1m45s"">1:45</a> Yondu",1:45 Yondu,4,2019-04-19T15:36:52Z,2019-04-19T15:36:52Z,,UgwcBrXcrwDqlE9MHtN4AaABAg
wUn05hdkhjM,This is one of Marvels best trailers,This is one of Marvels best trailers,0,2019-04-19T13:29:16Z,2019-04-19T13:29:16Z,,UgxziUbAN8UT_a5KnoR4AaABAg
wUn05hdkhjM,YO I THOUGHT THIS IS THE TRAILER FOR VOL. 3 CUZ ITS IN MY RECOMMENDATIONS.,YO I THOUGHT THIS IS THE TRAILER FOR VOL. 3 CUZ ITS IN MY RECOMMENDATIONS.,0,2019-04-17T13:39:33Z,2019-04-17T13:39:33Z,,UgzhVXVssZlarRqcyzF4AaABAg
wUn05hdkhjM,This film is a fuckin masterpiece,This film is a fuckin masterpiece,1,2019-04-17T06:16:37Z,2019-04-17T06:16:37Z,,UgxMCoZ0vXCvhcjhAn14AaABAg
wUn05hdkhjM,This was a good movie,This was a good movie,1,2019-04-10T14:23:33Z,2019-04-10T14:23:33Z,,UgxIFnYjvNeG_eTk7ZJ4AaABAg
wUn05hdkhjM,Worst tamil dubbing voice 😭,Worst tamil dubbing voice 😭,0,2019-04-06T05:59:33Z,2019-04-06T05:59:33Z,,Ugw9UnoDmK2BbfbVZrx4AaABAg
wUn05hdkhjM,all the sound track vol 1 and vol 2 are awesome ...,all the sound track vol 1 and vol 2 are awesome ...,0,2019-04-06T04:55:08Z,2019-04-06T04:55:08Z,,Ugx1AD-Vt0gFKMbeoSh4AaABAg
wUn05hdkhjM,LOL,LOL,0,2019-04-04T23:25:26Z,2019-04-04T23:25:26Z,,UgwiY9hLVaeUKIocXSV4AaABAg
wUn05hdkhjM,I am Groot,I am Groot,0,2019-03-24T21:38:41Z,2019-03-24T21:38:41Z,,UgwqZp2ggeQ_0hBJn7J4AaABAg
wUn05hdkhjM,"No, it wasn&#39;t. It&#39;s just very similar to the scene in Infinity War.","No, it wasn't. It's just very similar to the scene in Infinity War.",2,2019-03-23T13:37:30Z,2019-03-23T13:37:30Z,UgwVnp_OvQEZ93Gd3Up4AaABAg,UgwVnp_OvQEZ93Gd3Up4AaABAg.8smqPxdU0_G8sp4l_LH-VC
wUn05hdkhjM,I hope you enjoyed it,I hope you enjoyed it,1,2023-05-11T06:46:56Z,2023-05-11T06:46:56Z,UgxRkyNNgHu0GczK1eR4AaABAg,UgxRkyNNgHu0GczK1eR4AaABAg.8smDqGzYPz79pZU6kaeY65
wUn05hdkhjM,Its up now,Its up now,0,2023-05-08T20:13:06Z,2023-05-08T20:13:06Z,UgxRkyNNgHu0GczK1eR4AaABAg,UgxRkyNNgHu0GczK1eR4AaABAg.8smDqGzYPz79pTBzeJQkvH
wUn05hdkhjM,It’s out now,It’s out now,0,2023-05-06T21:45:09Z,2023-05-06T21:45:09Z,UgxRkyNNgHu0GczK1eR4AaABAg,UgxRkyNNgHu0GczK1eR4AaABAg.8smDqGzYPz79pOCw6E1yca
wUn05hdkhjM,Thé vol 3 trailer just came out 😊,Thé vol 3 trailer just came out 😊,1,2022-12-29T23:49:47Z,2022-12-29T23:49:47Z,UgxRkyNNgHu0GczK1eR4AaABAg,UgxRkyNNgHu0GczK1eR4AaABAg.8smDqGzYPz79kEqS1z7DTy
wUn05hdkhjM,Well you can freak out now lol 🤘,Well you can freak out now lol 🤘,2,2022-12-05T05:28:13Z,2022-12-05T05:28:13Z,UgxRkyNNgHu0GczK1eR4AaABAg,UgxRkyNNgHu0GczK1eR4AaABAg.8smDqGzYPz79jF4IsW4twE
wUn05hdkhjM,2019?,2019?,1,2019-03-16T20:31:27Z,2019-03-16T20:31:27Z,,UgwQjsRArF2WbRCBw8J4AaABAg
wUn05hdkhjM,<b>mantis look out</b>,*mantis look out*,0,2019-03-16T07:06:17Z,2019-03-16T07:06:17Z,,UgxhLryc4SNGQzYd76t4AaABAg
wUn05hdkhjM,They did. Just came out yesterday,They did. Just came out yesterday,0,2019-03-17T02:33:19Z,2019-03-17T02:33:19Z,Ugx7Hbp18BTQcB8ewFt4AaABAg,Ugx7Hbp18BTQcB8ewFt4AaABAg.8sX2X2ZmaWP8sZRznp5Wxu
wUn05hdkhjM,@Awesome Anbar Don’t worry he’s not anymore,@Awesome Anbar Don’t worry he’s not anymore,0,2022-06-03T02:42:13Z,2022-06-03T02:42:13Z,Ugy8ZaJ1eBsUbERzyLd4AaABAg,Ugy8ZaJ1eBsUbERzyLd4AaABAg.8sWUkO-hqN79bnQFEHk_0g
wUn05hdkhjM,Guardians of the Galaxy vol. 3 (contains Adam Warlock and Thor Odinson and hoping Thor isn&#39;t as fat as he was in Endgame),Guardians of the Galaxy vol. 3 (contains Adam Warlock and Thor Odinson and hoping Thor isn't as fat as he was in Endgame),8,2019-05-27T22:21:40Z,2019-05-27T22:21:40Z,Ugy8ZaJ1eBsUbERzyLd4AaABAg,Ugy8ZaJ1eBsUbERzyLd4AaABAg.8sWUkO-hqN78vSOQd4mhIH
wUn05hdkhjM,2019 ?,2019 ?,0,2019-03-15T05:31:19Z,2019-03-15T05:31:19Z,,Ugysihwu6p3GFjZSwlx4AaABAg
wUn05hdkhjM,Road To Avengers: Endgame next Stop Is Here <br><br>Iron-Man ✅<br>The Incredible Hulk ✅<br>Iron-Man 2 ✅<br>THOR ✅<br>Captain America The First Avenger ✅<br>The Avengers ✅<br>Iron-Man 3 ✅<br>THOR THE DARK WORLD ✅<br>Captain America The Winter Soldier ✅<br>Guardians Of The Galaxy ✅<br>Avengers Age Of Ultron ✅<br>Ant-Man ✅<br>Captain America Civil War✅<br>Doctor Strange ✅<br>Guardians Of The Galaxy Vol 2 ✅<br>Spider-Man Homecoming ✅<br>Thor Ragnarok ✅<br>Black Panther ✅<br>Avengers Infinity War ✅<br>Ant-Man &amp; The Wasp ✅<br>Captain Marvel ✅<br>Avengers: Endgame ✅,"Road To Avengers: Endgame next Stop Is Here 

Iron-Man ✅
The Incredible Hulk ✅
Iron-Man 2 ✅
THOR ✅
Captain America The First Avenger ✅
The Avengers ✅
Iron-Man 3 ✅
THOR THE DARK WORLD ✅
Captain America The Winter Soldier ✅
Guardians Of The Galaxy ✅
Avengers Age Of Ultron ✅
Ant-Man ✅
Captain America Civil War✅
Doctor Strange ✅
Guardians Of The Galaxy Vol 2 ✅
Spider-Man Homecoming ✅
Thor Ragnarok ✅
Black Panther ✅
Avengers Infinity War ✅
Ant-Man & The Wasp ✅
Captain Marvel ✅
Avengers: Endgame ✅",4,2019-03-10T00:21:34Z,2019-05-01T14:20:02Z,,UgyW0hzJlJg0c7GoS754AaABAg
wUn05hdkhjM,Fleetwood Mac - The Chain,Fleetwood Mac - The Chain,1,2019-03-07T03:49:25Z,2019-03-07T03:49:25Z,Ugx8WY0sa7pgFn2sF5d4AaABAg,Ugx8WY0sa7pgFn2sF5d4AaABAg.8rfvsDJTcK28s9pkR_hsRK
wUn05hdkhjM,@Thomas Johnson oh yea it will!,@Thomas Johnson oh yea it will!,3,2019-03-16T06:36:56Z,2019-03-16T06:36:56Z,UgyyDPAawloHRQN2hgt4AaABAg,UgyyDPAawloHRQN2hgt4AaABAg.8raZ4ZhqHOf8sXJ49BSQCN
wUn05hdkhjM,Its Ali64xX it will now,Its Ali64xX it will now,2,2019-03-15T21:21:05Z,2019-03-15T21:21:05Z,UgyyDPAawloHRQN2hgt4AaABAg,UgyyDPAawloHRQN2hgt4AaABAg.8raZ4ZhqHOf8sWJT0ihbXL
wUn05hdkhjM,fleetwood mac - the chain,fleetwood mac - the chain,1,2019-02-27T13:08:22Z,2019-02-27T13:08:22Z,Ugwo-Y4NBqth7-mc4WB4AaABAg,Ugwo-Y4NBqth7-mc4WB4AaABAg.8rCdcr4-SGT8rrEMCqdHKQ
wUn05hdkhjM,Tony: After All These Years I&#39;ve Found You.<br>Hiro: And Who The Hell Are You?<br>Tony: I&#39;m Your Dad Hiro.,"Tony: After All These Years I've Found You.
Hiro: And Who The Hell Are You?
Tony: I'm Your Dad Hiro.",0,2019-02-06T22:11:22Z,2019-02-06T22:11:22Z,,Ugw7kqppb9maKyAoFH94AaABAg
wUn05hdkhjM,Who is here after watching avengers end game trailer,Who is here after watching avengers end game trailer,0,2018-12-15T18:40:11Z,2018-12-15T18:40:11Z,,UgwaUvfPQlnLBu1apgB4AaABAg
wUn05hdkhjM,That trailer soundtrack! I cried!!!!!!!!!!!!,That trailer soundtrack! I cried!!!!!!!!!!!!,0,2018-12-13T22:01:43Z,2018-12-13T22:01:43Z,,UgzRiv1VvWTu_5JGuvR4AaABAg
wUn05hdkhjM,The Chain by Fleetwood Mac,The Chain by Fleetwood Mac,0,2018-12-11T21:50:10Z,2018-12-11T21:50:10Z,UgwYxqVYfjYsWvQUqnF4AaABAg,UgwYxqVYfjYsWvQUqnF4AaABAg.8oFah6O0RLp8ojK3pW9i48
wUn05hdkhjM,It was better than I expected. 😍 good movie and fortunately sequel!!! I tracked using boxxy software with german dubbing,It was better than I expected. 😍 good movie and fortunately sequel!!! I tracked using boxxy software with german dubbing,1,2018-11-15T14:45:52Z,2018-11-15T14:45:52Z,,UgzwOqdREqigAMXM_lV4AaABAg
wUn05hdkhjM,Pls but Uptown Girl by Billy Joel in Vol.3,Pls but Uptown Girl by Billy Joel in Vol.3,0,2018-09-20T22:29:50Z,2018-09-20T22:29:50Z,,UgzEZYs2aknE8iAjH3N4AaABAg
wUn05hdkhjM,im Groot 😂,im Groot 😂,1,2018-09-02T12:45:20Z,2018-09-02T12:45:20Z,,UgzQYpmk7Bf0ladbAj54AaABAg
wUn05hdkhjM,Nathan Barnes it is just delayed. Marvel will figure out the best replacement to Gunn,Nathan Barnes it is just delayed. Marvel will figure out the best replacement to Gunn,0,2018-10-19T22:25:26Z,2018-10-19T22:25:26Z,UgyVUCYUG_RJ_SUX-iZ4AaABAg,UgyVUCYUG_RJ_SUX-iZ4AaABAg.8kO-WXdKtU38mauyeb_QtO
wUn05hdkhjM,Will keep his/her name adam,Will keep his/her name adam,1,2018-07-25T07:41:41Z,2018-07-25T07:43:19Z,,UgzuCUfNmjpJJOU-zOF4AaABAg
wUn05hdkhjM,1980-2014,1980-2014,0,2018-07-07T23:37:45Z,2018-07-07T23:37:45Z,,UgzRExSOlWqgsYgoSAh4AaABAg
wUn05hdkhjM,Who else here for BABY GROOT?,Who else here for BABY GROOT?,0,2018-06-15T16:10:52Z,2018-06-15T16:10:52Z,,Ugx0XuOpxzmUmDTbhtt4AaABAg
wUn05hdkhjM,fake chutiya,fake chutiya,0,2018-05-28T09:36:57Z,2018-05-28T09:36:57Z,,Ugz2qk8stkSCEzVtbX54AaABAg
wUn05hdkhjM,Here after watching infinity war,Here after watching infinity war,0,2018-05-26T03:17:02Z,2018-05-26T03:17:02Z,,UgxvllflHfG6hWjxFnh4AaABAg
wUn05hdkhjM,Marvel Garduains of glaxy vol 3 confirm plz tell me plz,Marvel Garduains of glaxy vol 3 confirm plz tell me plz,1,2018-05-20T18:37:32Z,2018-05-20T18:37:32Z,,UgxVwlt2XOqG8kf8XiB4AaABAg
wUn05hdkhjM,"Bruh,this trailer is awesome,better than infinity war trailer","Bruh,this trailer is awesome,better than infinity war trailer",0,2018-05-18T12:10:43Z,2018-05-18T12:11:00Z,,UgymSPehLd_EHev5-bx4AaABAg
wUn05hdkhjM,❤❤,❤❤,0,2018-05-17T03:23:34Z,2018-05-17T03:23:34Z,,UgxGMHbF6AeVq0GQZo14AaABAg
wUn05hdkhjM,It is the first time I am seeing any marvel movie&#39;s 3rd trailer<br>I have seen only 2 trailers of any movie,"It is the first time I am seeing any marvel movie's 3rd trailer
I have seen only 2 trailers of any movie",0,2018-05-16T08:13:44Z,2018-05-16T08:13:44Z,,UgykJQe25oXke2584x94AaABAg
wUn05hdkhjM,Amo tbmmm,Amo tbmmm,0,2018-05-14T18:11:23Z,2018-05-14T18:11:23Z,,UgwshnO2ijPdMnZMwYV4AaABAg
wUn05hdkhjM,gonna see today,gonna see today,0,2018-05-13T06:24:30Z,2018-05-13T06:24:30Z,,UgyFKtJZXCPtFzQTs6d4AaABAg
wUn05hdkhjM,Who here after Infinity War?,Who here after Infinity War?,2,2018-05-03T23:52:44Z,2018-05-03T23:52:44Z,,Ugw4i40gQYdOMYlYtzF4AaABAg
wUn05hdkhjM,And then there&#39;s Infinity War Part 1.. 😒,And then there's Infinity War Part 1.. 😒,0,2018-05-03T16:17:53Z,2018-05-03T16:17:53Z,,UgwGQxScnIRlr5ggtjF4AaABAg
wUn05hdkhjM,Deepak Dhyani yess😭😭😭😭😭,Deepak Dhyani yess😭😭😭😭😭,0,2018-05-14T18:12:08Z,2018-05-14T18:12:08Z,Ugy5XPyIUC5B_90kqhV4AaABAg,Ugy5XPyIUC5B_90kqhV4AaABAg.8fT9s6NKWq58gEcOGV2Y6p
wUn05hdkhjM,i love guardians of the galaxy vol 2 💖,i love guardians of the galaxy vol 2 💖,0,2018-03-29T13:14:41Z,2018-03-29T13:14:41Z,,UgyHrygWlVYI0b9kzZx4AaABAg
wUn05hdkhjM,Cant believe this trailer has mere 3 million views 🤤,Cant believe this trailer has mere 3 million views 🤤,0,2018-03-10T12:31:50Z,2018-03-10T12:31:50Z,,Ugyi2YumweoDFK7QBv94AaABAg
wUn05hdkhjM,Sorry I didn&#39;t see it said trailer 3 I thought it said vol3,Sorry I didn't see it said trailer 3 I thought it said vol3,0,2018-03-05T17:55:36Z,2018-03-05T17:55:36Z,,Ugyi9u3DqSjcVOHyi294AaABAg
wUn05hdkhjM,That&#39;s vol2 not vol3,That's vol2 not vol3,0,2018-03-05T17:54:59Z,2018-03-05T17:54:59Z,,Ugz30_EdUfwYh2O86LZ4AaABAg
wUn05hdkhjM,isnt that trailer 2,isnt that trailer 2,0,2018-03-04T10:13:36Z,2018-03-04T10:13:36Z,,UgxL3R7l54Tcu8TlM0d4AaABAg
wUn05hdkhjM,I love marvel studios,I love marvel studios,2,2018-03-01T01:16:41Z,2018-03-01T01:16:41Z,,Ugyv-kXV05RmdtPSDTh4AaABAg
wUn05hdkhjM,I can&#39;t believe this was that long ago,I can't believe this was that long ago,0,2018-02-13T00:24:15Z,2018-02-13T00:24:15Z,,Ugz2Rb7TD3qsXCGXEPV4AaABAg
wUn05hdkhjM,WHO CAME HERE AFTER AVENGERS INFINITY WAR,WHO CAME HERE AFTER AVENGERS INFINITY WAR,0,2017-12-28T03:23:53Z,2017-12-28T03:23:53Z,,UgyeDPz0cyTjf7PyAeN4AaABAg
wUn05hdkhjM,😀😀😀😀😀,😀😀😀😀😀,0,2017-12-14T20:57:26Z,2017-12-14T20:57:26Z,,UgwTZeftZEfMoMLkoO94AaABAg
wUn05hdkhjM,DIE SPACESHIP!,DIE SPACESHIP!,0,2017-11-29T19:08:34Z,2017-11-29T19:08:34Z,,UgyDMqcWdghSAM6mU8V4AaABAg
wUn05hdkhjM,"I remember when I first seen this trailer, I seriously could not stop watching it for the next two months until the move finally released! I swear I&#39;d watch 10-15 times a day!","I remember when I first seen this trailer, I seriously could not stop watching it for the next two months until the move finally released! I swear I'd watch 10-15 times a day!",0,2017-11-25T08:16:38Z,2017-11-25T08:16:38Z,,Ugw1ic9HYtrbQKU6N154AaABAg
wUn05hdkhjM,I&#39;m just looking for videos of Wyatt Oleff in this because I haven&#39;t seen 2 but I just watched the opening scene of 1 and freaked out because I hadn&#39;t realised it was him,I'm just looking for videos of Wyatt Oleff in this because I haven't seen 2 but I just watched the opening scene of 1 and freaked out because I hadn't realised it was him,0,2017-10-23T09:16:21Z,2017-10-23T09:16:21Z,,Ugxtq76ZenWGRnudXiN4AaABAg
wUn05hdkhjM,Peter: who the hell are you? <br>Ego: I’m your dad Peter. <br>Vader shows up out of nowhere: YOU HAVE A SON? THIS IS WONDERFUL! I MUST TELL EVERYONE,"Peter: who the hell are you? 
Ego: I’m your dad Peter. 
Vader shows up out of nowhere: YOU HAVE A SON? THIS IS WONDERFUL! I MUST TELL EVERYONE",0,2017-10-18T00:04:18Z,2017-10-18T00:04:18Z,,UgwrqdSvuAOXDYPI8I94AaABAg
wUn05hdkhjM,This volume two,This volume two,0,2017-09-20T06:39:56Z,2017-09-20T06:39:56Z,,Ugw_q59hKXAtuM3PAg14AaABAg
wUn05hdkhjM,WARNING....IF YOU ARE A CHRISTIAN YOU DO NOT WANT TO SEE THIS FILM!!! THIS MOVIE IS DISGUSTING AN EXTREMELY OFFENSIVE!!! SPOILER ALERT....CHRIS PRATT IS THE SON OF GOD. THEN HE KILLS HIS DAD ( I HEARD) I WAS TOO SICK TO MY STOMACH TO WATCH THE ENTIRE FILM. THIS IS AN ATTACK ON OUR GOD. GOD OF AMERICA. 1 NATION UNDER GOD. IN GOD WE TRUST. NOW YOU SEE WHY WE ARE FALLING APART. GOD PLEASE HAVE MERCY ON US. PRAISE YOUR NAME. PRAISE GOD YOU ARE A LOVING MERCIFUL GOD. PRAISE GOD FOR YOUR LOVING KINDNESS AN WONDERFUL DEEDS. GOD HAVE MERCY ON THE PEOPLE WHO ARE FOOLED BY SATAN HOLLYWOOD. FUNNY HOW EVERYTHING IN THE BIBLE IS ALL COMING TRUE. JESUS YOU ARE MY LORD AN SAVIOR.,WARNING....IF YOU ARE A CHRISTIAN YOU DO NOT WANT TO SEE THIS FILM!!! THIS MOVIE IS DISGUSTING AN EXTREMELY OFFENSIVE!!! SPOILER ALERT....CHRIS PRATT IS THE SON OF GOD. THEN HE KILLS HIS DAD ( I HEARD) I WAS TOO SICK TO MY STOMACH TO WATCH THE ENTIRE FILM. THIS IS AN ATTACK ON OUR GOD. GOD OF AMERICA. 1 NATION UNDER GOD. IN GOD WE TRUST. NOW YOU SEE WHY WE ARE FALLING APART. GOD PLEASE HAVE MERCY ON US. PRAISE YOUR NAME. PRAISE GOD YOU ARE A LOVING MERCIFUL GOD. PRAISE GOD FOR YOUR LOVING KINDNESS AN WONDERFUL DEEDS. GOD HAVE MERCY ON THE PEOPLE WHO ARE FOOLED BY SATAN HOLLYWOOD. FUNNY HOW EVERYTHING IN THE BIBLE IS ALL COMING TRUE. JESUS YOU ARE MY LORD AN SAVIOR.,1,2017-08-23T00:59:02Z,2017-08-23T00:59:02Z,,UgyyYXff9OkKRhqZJeZ4AaABAg
wUn05hdkhjM,I&#39;m Mary Poppins y&#39;all!,I'm Mary Poppins y'all!,0,2017-08-16T01:51:20Z,2017-08-16T01:51:20Z,,UgwtHGlKridXLKR1W1x4AaABAg
wUn05hdkhjM,Nice,Nice,0,2017-08-16T01:48:28Z,2017-08-16T01:48:28Z,,Ugw9EpxI88VRMQ6dXCl4AaABAg
wUn05hdkhjM,Why you lying this is vol 2 not 3,Why you lying this is vol 2 not 3,0,2017-08-13T22:26:46Z,2017-08-13T22:26:46Z,,UgzlkuyIPBav3SV_4F54AaABAg
wUn05hdkhjM,Best trailer ever,Best trailer ever,0,2017-07-27T12:54:18Z,2017-07-27T12:54:18Z,,UgiEZbWOobYNuXgCoAEC
wUn05hdkhjM,"Guardian of the Galaxy is much better than Guardian of The Galaxy 2 will the space scene and the fight scene is fun even they have some funny part in the movie but I still recommend this movie ,  I just enjoy the main character in Guardian Of The Galaxy 2 Star Lord is the best part of the movie and the fight scene .","Guardian of the Galaxy is much better than Guardian of The Galaxy 2 will the space scene and the fight scene is fun even they have some funny part in the movie but I still recommend this movie ,  I just enjoy the main character in Guardian Of The Galaxy 2 Star Lord is the best part of the movie and the fight scene .",1,2017-07-23T07:15:28Z,2017-07-23T07:15:28Z,,UghExsQVlDAFHngCoAEC
wUn05hdkhjM,I love this band of misfits😎😎😎!!!!,I love this band of misfits😎😎😎!!!!,0,2017-07-20T02:55:48Z,2017-07-20T02:55:48Z,,UgidYM-4OpjOPHgCoAEC
wUn05hdkhjM,"Even after watching the movie, the trailer is still awesome","Even after watching the movie, the trailer is still awesome",1,2017-07-16T01:47:37Z,2017-07-16T01:47:37Z,,UgjEloSQt8fDRngCoAEC
wUn05hdkhjM,nice,nice,0,2017-07-10T10:11:28Z,2017-07-10T10:11:28Z,,UgjMm9SjLEx1NHgCoAEC
wUn05hdkhjM,you should make a movie where Carnage teams with Loki and spider Man teams up with scarlet spider (Ben Reilly)and Thor and anti venom having trouble deciding to be good or bad if you do good luck marvel and thanks for everything,you should make a movie where Carnage teams with Loki and spider Man teams up with scarlet spider (Ben Reilly)and Thor and anti venom having trouble deciding to be good or bad if you do good luck marvel and thanks for everything,1,2017-07-07T07:03:33Z,2017-07-07T07:03:33Z,,UggcsDg7iPCZi3gCoAEC
wUn05hdkhjM,MAKE A MOVIE ABOUT GAMBIT,MAKE A MOVIE ABOUT GAMBIT,2,2017-07-05T08:03:09Z,2017-07-05T08:03:09Z,,UgjqXnAiodmzmXgCoAEC
wUn05hdkhjM,this movie Guardians Of The Galaxy Vol 2  CGI use never ever Hollywood movie using CGI this movie use WOW  ???? 😥😥😥😥😥,this movie Guardians Of The Galaxy Vol 2  CGI use never ever Hollywood movie using CGI this movie use WOW  ???? 😥😥😥😥😥,0,2017-07-04T02:44:55Z,2017-07-04T02:44:55Z,,UghoD1_1nvb74XgCoAEC
wUn05hdkhjM,less than 2 minutes and i got Guardians.of.the.Galaxy.Vol-2.2017.1080p.HD-TS.x264-24HD,less than 2 minutes and i got Guardians.of.the.Galaxy.Vol-2.2017.1080p.HD-TS.x264-24HD,0,2017-07-02T07:03:43Z,2017-07-02T07:03:43Z,,Ugij4GVsO4NaUngCoAEC
wUn05hdkhjM,DC bad Marvle good,DC bad Marvle good,2,2017-07-01T00:18:24Z,2017-07-01T00:18:24Z,,Ugi5nOfZa6B4EngCoAEC
wUn05hdkhjM,VOL . 3 and IROMAN 4 ! 2018,VOL . 3 and IROMAN 4 ! 2018,1,2017-06-29T19:05:43Z,2017-06-29T19:05:43Z,,UggfBbnk7cumPHgCoAEC
wUn05hdkhjM,<b>😂😂😂😂😂 I LIKE YOU ROCKET AND GUROOT</b>,*😂😂😂😂😂 I LIKE YOU ROCKET AND GUROOT*,1,2017-06-24T23:33:11Z,2017-06-24T23:33:11Z,,Ugjsi6Jwa9d7aXgCoAEC
wUn05hdkhjM,"You haven&#39;t seen his name, it&#39;s GROOT","You haven't seen his name, it's GROOT",0,2017-06-30T12:43:17Z,2017-06-30T12:43:17Z,Ugh6nuwRtdd3rngCoAEC,Ugh6nuwRtdd3rngCoAEC.8U0f89Q2zZ_8URCyLhIJfx
wUn05hdkhjM,Starlord- dances with gamora <br>Gamora- fires a big gun<br>Drax- DIE SPACESHIP!<br>Rocket- opens gun <br>Groot- waves at gamora<br>Yondu- uses arrow thing<br>Mantis- turns around (poor her),"Starlord- dances with gamora 
Gamora- fires a big gun
Drax- DIE SPACESHIP!
Rocket- opens gun 
Groot- waves at gamora
Yondu- uses arrow thing
Mantis- turns around (poor her)",0,2017-06-19T22:56:20Z,2017-06-19T22:56:20Z,,UgjnJzN-XkWUrXgCoAEC
wUn05hdkhjM,"In retrospect, I&#39;m kinda glad I saw this trailer after the movie.  It doesn&#39;t spoil too much, but it does ruin the ambiguity of a couple things.  More importantly, though, it&#39;s rather misleading and puts too much of the plot on the table for my liking.  Personally, I feel like this movie is best enjoyed from a blank slate.","In retrospect, I'm kinda glad I saw this trailer after the movie.  It doesn't spoil too much, but it does ruin the ambiguity of a couple things.  More importantly, though, it's rather misleading and puts too much of the plot on the table for my liking.  Personally, I feel like this movie is best enjoyed from a blank slate.",1,2017-06-19T04:05:23Z,2017-06-19T04:05:23Z,,Ugg7HFgWV0W9bngCoAEC
wUn05hdkhjM,Plz sub to me plz new channel,Plz sub to me plz new channel,1,2017-06-16T20:16:54Z,2017-06-16T20:16:54Z,,UgimWEHmWujUqXgCoAEC
wUn05hdkhjM,marvel  eu quero fazer um herói  inspirado em min que sou obcecado pelo espaço um herói  jovem  meio humano meio  alienígena que é  portador da jóia  do  Espaço eu amo tanto essa jóia  por favor quero tanto criar  um herói  portador da jóia  do Espaço  mas claro inspirado em min por que  eu amo a jóia  do espaço,marvel  eu quero fazer um herói  inspirado em min que sou obcecado pelo espaço um herói  jovem  meio humano meio  alienígena que é  portador da jóia  do  Espaço eu amo tanto essa jóia  por favor quero tanto criar  um herói  portador da jóia  do Espaço  mas claro inspirado em min por que  eu amo a jóia  do espaço,0,2017-06-13T21:23:43Z,2017-06-13T21:23:43Z,,UgiCs9fb_yxHm3gCoAEC
wUn05hdkhjM,"Guys, CARRERASTOYS on Instagram has a massive Marvel giveaway. Follow him to enter @carrerastoys !! 👌🏽 <a href=""http://www.youtube.com/results?search_query=%23marvel"">#marvel</a> <a href=""http://www.youtube.com/results?search_query=%23TMNY"">#TMNY</a>","Guys, CARRERASTOYS on Instagram has a massive Marvel giveaway. Follow him to enter @carrerastoys !! 👌🏽 #marvel #TMNY",0,2017-06-13T15:04:52Z,2017-06-13T15:04:52Z,,Ugg-0U60fset83gCoAEC
wUn05hdkhjM,the thing star lord is holding is like a old soccer game thing,the thing star lord is holding is like a old soccer game thing,0,2017-06-13T12:27:53Z,2017-06-13T12:27:53Z,,Ughga1as8EhiL3gCoAEC
wUn05hdkhjM,Keep the likes on this comment even for baby gru [small tree],Keep the likes on this comment even for baby gru [small tree],0,2017-06-13T00:26:53Z,2017-06-13T00:26:53Z,,UgiOkM8k1L5BSngCoAEC
wUn05hdkhjM,do marvel heart comments?,do marvel heart comments?,0,2017-06-11T14:28:57Z,2017-06-11T14:28:57Z,,UgjlUMAzg6Q8j3gCoAEC
wUn05hdkhjM,admit it the movie was bullshit but it was worth it watching baby groot and all of them laughing and making jokes,admit it the movie was bullshit but it was worth it watching baby groot and all of them laughing and making jokes,1,2017-06-10T08:55:29Z,2017-06-10T08:55:29Z,,UggYyADbrCg5BXgCoAEC
wUn05hdkhjM,oi pessoal da Marvel eu sou brasileiro e eu só u super fan de stan Lee e sou fan de todos os atores que fazem os heróis vcs sou demais,oi pessoal da Marvel eu sou brasileiro e eu só u super fan de stan Lee e sou fan de todos os atores que fazem os heróis vcs sou demais,0,2017-06-06T00:07:39Z,2017-06-06T00:07:39Z,,UgiwuNBRVxriIHgCoAEC
wUn05hdkhjM,Mind blown at the end,Mind blown at the end,0,2017-06-01T07:09:00Z,2017-06-01T07:09:00Z,,UgjSQ0wq6gUxcngCoAEC
wUn05hdkhjM,This movie was awesome but quit the SJW bullshit,This movie was awesome but quit the SJW bullshit,1,2017-05-31T15:37:20Z,2017-05-31T15:37:20Z,,UghzXXrkvUnLzXgCoAEC
wUn05hdkhjM,His colour is yellow.,His colour is yellow.,0,2017-05-26T10:25:25Z,2017-05-26T10:25:25Z,,UghU6vlttQU7angCoAEC
wUn05hdkhjM,"Hey, I came up with this idea of a new superhero.<br>This is can fly, laser,own automobiles and starts with he playing pokemon go and fall down and started flying.","Hey, I came up with this idea of a new superhero.
This is can fly, laser,own automobiles and starts with he playing pokemon go and fall down and started flying.",0,2017-05-26T10:25:12Z,2017-05-26T10:25:12Z,,UghAnZcf0KiTv3gCoAEC
wUn05hdkhjM,Such a good movie,Such a good movie,1,2017-05-24T20:47:04Z,2017-05-24T20:47:04Z,,Ugj3uCxSUqwHGXgCoAEC
wUn05hdkhjM,whats the song playing? i cant remember its name,whats the song playing? i cant remember its name,0,2017-05-24T18:02:28Z,2017-05-24T18:02:28Z,,Ugj_hcAreinBtHgCoAEC
wUn05hdkhjM,I&#39;m Mary Poppins Y&#39;all,I'm Mary Poppins Y'all,0,2017-05-24T13:21:02Z,2017-05-24T13:21:02Z,,Ugjv02n5PZeuL3gCoAEC
wUn05hdkhjM,"song at <a href=""http://www.youtube.com/watch?v=wUn05hdkhjM&amp;t=0m47s"">0:47</a>?",song at 0:47?,0,2017-05-21T08:46:26Z,2017-05-21T08:46:26Z,,UggXSuwAz4REx3gCoAEC
wUn05hdkhjM,Bbnn,Bbnn,0,2017-05-20T23:39:11Z,2017-05-20T23:39:11Z,,UghfDZbAOl7iaHgCoAEC
wUn05hdkhjM,"olá pessoal da Marvel fims sou Alexandre Valentim sou brasileiro tenho um novo filme para levar ao vossos conhecimentos tenho certeza que ninguém jamais pensou em fazer, e tenho certeza que será o maior sucesso de todos os tempos, já tentei entrar em contato com várias redes de televisão do Brasil ou dos EUA, mas até agora nada deixo meu objetivo de levar o amor no mundo todo, pra isso peço ajuda a quem Ler essa mensagem Deus abençoe a todos meu telefone 11 977447634 são Paulo Brasil","olá pessoal da Marvel fims sou Alexandre Valentim sou brasileiro tenho um novo filme para levar ao vossos conhecimentos tenho certeza que ninguém jamais pensou em fazer, e tenho certeza que será o maior sucesso de todos os tempos, já tentei entrar em contato com várias redes de televisão do Brasil ou dos EUA, mas até agora nada deixo meu objetivo de levar o amor no mundo todo, pra isso peço ajuda a quem Ler essa mensagem Deus abençoe a todos meu telefone 11 977447634 são Paulo Brasil",0,2017-05-20T15:56:36Z,2017-05-20T15:56:36Z,,UggHJCEz0YyreXgCoAEC
wUn05hdkhjM,22s   what song?,22s   what song?,0,2017-05-20T02:33:43Z,2017-05-20T02:33:43Z,,UghXpiKHvyKe6HgCoAEC
wUn05hdkhjM,Great movie,Great movie,2,2017-05-20T01:51:22Z,2017-05-20T01:51:22Z,,Ugi2UeWeOW6Q0ngCoAEC
wUn05hdkhjM,Like para que marvel haga la pelicula que cancelaron spider man carnage likeee,Like para que marvel haga la pelicula que cancelaron spider man carnage likeee,1,2017-05-19T20:13:18Z,2017-05-19T20:13:18Z,,Ugih3GZGAXBVh3gCoAEC
wUn05hdkhjM,I got addicted to 70&#39;s songs because of this.,I got addicted to 70's songs because of this.,0,2017-05-19T05:59:18Z,2017-05-19T05:59:18Z,UgiK2hP6cKuM_HgCoAEC,UgiK2hP6cKuM_HgCoAEC.8SjL6V0y2468SjLLjN5ba8
wUn05hdkhjM,"Hi everyone, I&#39;ve made a channel here on YouTube and I want to talk about this world that I love, it&#39;s from the heroes, I have so far a little video on the channel, just to keep my dream in mind and to post more videos. Would you like an encouragement, can you help me?","Hi everyone, I've made a channel here on YouTube and I want to talk about this world that I love, it's from the heroes, I have so far a little video on the channel, just to keep my dream in mind and to post more videos. Would you like an encouragement, can you help me?",0,2017-05-17T11:10:17Z,2017-05-17T11:10:17Z,,UgjB-fnqaqPH7XgCoAEC
wUn05hdkhjM,"That is pretty cool that he finds his Dad, but, it would have been a lot cooler if we found that out in the actual movie and not in the trailer.","That is pretty cool that he finds his Dad, but, it would have been a lot cooler if we found that out in the actual movie and not in the trailer.",1,2017-05-15T21:42:00Z,2017-05-15T21:42:00Z,,Ugh7Hto9-AvjxXgCoAEC
wUn05hdkhjM,Spider-Man Peter Parker or Peter Quill?🕷🎧,Spider-Man Peter Parker or Peter Quill?🕷🎧,0,2018-07-07T14:22:24Z,2018-07-07T14:22:24Z,Ugj6g73d86_4PXgCoAEC,Ugj6g73d86_4PXgCoAEC.8SZZercb8qu8iPG0nx5J0e
wUn05hdkhjM,"If you&#39;re watching this in May 2017 (the month this movie releases in), subscribe to my channel!","If you're watching this in May 2017 (the month this movie releases in), subscribe to my channel!",1,2017-05-12T11:59:33Z,2017-05-12T11:59:33Z,,UgieQKfWUFX8NHgCoAEC
wUn05hdkhjM,l Aldo ingentes super hero,l Aldo ingentes super hero,0,2017-05-11T19:35:11Z,2017-05-11T19:35:11Z,,UgivGB9SlmUG4HgCoAEC
wUn05hdkhjM,his name is kidman,his name is kidman,0,2017-05-11T19:34:16Z,2017-05-11T19:34:16Z,,UggK-3y_rKmY_ngCoAEC
wUn05hdkhjM,i want that this movie will success like star wars,i want that this movie will success like star wars,0,2017-05-11T17:59:29Z,2017-05-11T17:59:29Z,,UgiNMQWMjfeN63gCoAEC
wUn05hdkhjM,Nukern The Chain by Fleetwood Mac,Nukern The Chain by Fleetwood Mac,0,2017-05-12T23:09:05Z,2017-05-12T23:09:05Z,Ugi5U_FUYKLlgngCoAEC,Ugi5U_FUYKLlgngCoAEC.8SQgMsHrnpc8SU9czaUksU
wUn05hdkhjM,"🎊 Guardians of the Galaxy Vol. 2 ||Full Movie|| HD Quality [ <a href=""https://plus.google.com/+NegeriDigital/posts/FnziW47F55E"">https://plus.google.com/+NegeriDigital/posts/FnziW47F55E</a> ]",🎊 Guardians of the Galaxy Vol. 2 ||Full Movie|| HD Quality [ https://plus.google.com/+NegeriDigital/posts/FnziW47F55E ],74,2017-05-11T07:54:36Z,2017-05-11T07:54:36Z,,UghiiF8KqIaesHgCoAEC
wUn05hdkhjM,God,God,1,2017-05-11T07:32:49Z,2017-05-11T07:32:49Z,,UgjPtc3ZmINYHXgCoAEC
wUn05hdkhjM,Yondu dies.,Yondu dies.,0,2017-05-11T03:38:55Z,2017-05-11T03:38:55Z,,UgjDZzT9qiBWoXgCoAEC
wUn05hdkhjM,IM MARY POPPINS YA&#39;LL,IM MARY POPPINS YA'LL,1,2017-05-11T02:59:45Z,2017-05-11T02:59:45Z,,Ugj23esxjLkqsngCoAEC
wUn05hdkhjM,Drax needs his own stand up comedy show lmao,Drax needs his own stand up comedy show lmao,2,2017-05-08T05:40:52Z,2017-05-08T05:40:52Z,,UgikDbWdMjL6DXgCoAEC
wUn05hdkhjM,"wanna know a spoiler, starlord dad is a villain, yondu dies in the end saving the starlord, enjoy ;)","wanna know a spoiler, starlord dad is a villain, yondu dies in the end saving the starlord, enjoy ;)",1,2017-05-07T20:04:32Z,2017-05-07T20:04:32Z,,Ugj23RN02n0RcngCoAEC
wUn05hdkhjM,&quot;except maybe her&quot;,"""except maybe her""",3,2017-05-07T23:47:08Z,2017-05-07T23:47:08Z,UgiImJkawZiKd3gCoAEC,UgiImJkawZiKd3gCoAEC.8SGExfr1_c48SHM0LwpyRu
wUn05hdkhjM,Thank You!!! :),Thank You!!! :),0,2017-05-08T09:22:25Z,2017-05-08T09:22:25Z,UgjBKst1ebjdH3gCoAEC,UgjBKst1ebjdH3gCoAEC.8SFk44l4HAG8SINqp-raGh
wUn05hdkhjM,The Chain by Fleetwood Mac,The Chain by Fleetwood Mac,1,2017-05-07T23:47:36Z,2017-05-07T23:47:36Z,UgjBKst1ebjdH3gCoAEC,UgjBKst1ebjdH3gCoAEC.8SFk44l4HAG8SHM3i9EPFk
wUn05hdkhjM,So fun movie,So fun movie,0,2017-05-07T01:01:48Z,2017-05-07T01:01:48Z,,UghyQ_VjiijWxXgCoAEC
wUn05hdkhjM,"<a href=""http://www.youtube.com/watch?v=wUn05hdkhjM&amp;t=2m15s"">2:15</a> NOOOOOO!!! THAT&#39;S IMPOSSIBBLLEEEEEE!!!!",2:15 NOOOOOO!!! THAT'S IMPOSSIBBLLEEEEEE!!!!,1,2017-05-06T20:17:35Z,2017-05-06T20:17:35Z,,Ughx166_tVAjrngCoAEC
wUn05hdkhjM,I cried at the part when <i>___</i> died,I cried at the part when _____ died,1,2017-05-06T17:43:57Z,2017-05-06T17:43:57Z,,UggXdgYzHlM6hHgCoAEC
wUn05hdkhjM,This is the first ever movie cried too and there&#39;s also pacman in this movie XD,This is the first ever movie cried too and there's also pacman in this movie XD,1,2017-05-06T17:43:10Z,2017-05-06T17:43:10Z,,UggzR3rNq6Z_J3gCoAEC
wUn05hdkhjM,Yea! I want to save the galaxy!,Yea! I want to save the galaxy!,0,2017-05-06T06:41:30Z,2017-05-06T06:41:30Z,,Ughhz7f06sJFTXgCoAEC
wUn05hdkhjM,"<a href=""http://www.youtube.com/watch?v=wUn05hdkhjM&amp;t=2m15s"">2:15</a> I AM YOUR DAD PIDAR",2:15 I AM YOUR DAD PIDAR,0,2017-05-06T00:50:50Z,2017-05-06T00:50:50Z,,UghKdZidmdk-vHgCoAEC
wUn05hdkhjM,"<a href=""http://www.youtube.com/watch?v=wUn05hdkhjM&amp;t=0m43s"">0:43</a> This is the best thing I have ever seen!",0:43 This is the best thing I have ever seen!,1,2017-05-05T22:30:25Z,2017-05-05T22:30:25Z,,Ugjx-XZz9rWAiXgCoAEC
wUn05hdkhjM,I wonder if there&#39;s another dance scene that will totally ruin the ending... Most embarrassing moment for the whole MCU.,I wonder if there's another dance scene that will totally ruin the ending... Most embarrassing moment for the whole MCU.,0,2017-05-05T20:41:12Z,2017-05-05T20:41:12Z,,UgjVcLkfhejGe3gCoAEC
wUn05hdkhjM,"Oh, that&#39;s intense. <br>Killer bass theme.","Oh, that's intense. 
Killer bass theme.",0,2017-05-05T15:01:07Z,2017-05-05T15:02:20Z,,UggucmstoO47P3gCoAEC
wUn05hdkhjM,"Marvel, I love you so much for using Fleetwood Mac - The Chain in this trailer (and in such a cool moment in the movie).","Marvel, I love you so much for using Fleetwood Mac - The Chain in this trailer (and in such a cool moment in the movie).",2,2017-05-05T09:09:45Z,2017-05-05T09:09:45Z,,UgiOB295MYLybHgCoAEC
wUn05hdkhjM,"<a href=""http://www.youtube.com/watch?v=wUn05hdkhjM&amp;t=1m27s"">1:27</a> - that gun recoil added in post looks so bad :D But great movie!",1:27 - that gun recoil added in post looks so bad :D But great movie!,0,2017-05-05T09:07:21Z,2017-05-05T09:07:21Z,,UgjEz7w5KjPvgXgCoAEC
wUn05hdkhjM,"What&#39;s the deal with the &quot;obviously&quot; thing, I watched the movie and I&#39;m still confused","What's the deal with the ""obviously"" thing, I watched the movie and I'm still confused",0,2017-05-05T05:23:15Z,2017-05-05T05:23:15Z,,Ugix9daAMRdWYXgCoAEC
wUn05hdkhjM,@Caden Bagasao it is. I think the sovereign are more interesting than ego.,@Caden Bagasao it is. I think the sovereign are more interesting than ego.,0,2023-05-11T18:35:50Z,2023-05-11T18:35:50Z,UgiD2pDpq4Mc0XgCoAEC,UgiD2pDpq4Mc0XgCoAEC.8S9VRni7qhs9p_kEtB897R
wUn05hdkhjM,@Caden Bagasao first time I watched it I didn’t like the film but I’ll watch the film again but I might like it,@Caden Bagasao first time I watched it I didn’t like the film but I’ll watch the film again but I might like it,0,2022-02-01T15:57:49Z,2022-02-01T15:57:49Z,UgiD2pDpq4Mc0XgCoAEC,UgiD2pDpq4Mc0XgCoAEC.8S9VRni7qhs9XuhJXZwDyD
wUn05hdkhjM,@Caden Bagasao lol no,@Caden Bagasao lol no,6,2021-08-01T23:03:00Z,2021-08-01T23:03:00Z,UgiD2pDpq4Mc0XgCoAEC,UgiD2pDpq4Mc0XgCoAEC.8S9VRni7qhs9QWfhivBsS-
wUn05hdkhjM,"I gotta be honest, the trailer is kinda better than the movie. Sorry.","I gotta be honest, the trailer is kinda better than the movie. Sorry.",3,2021-02-24T19:05:32Z,2021-02-24T19:05:32Z,UgiD2pDpq4Mc0XgCoAEC,UgiD2pDpq4Mc0XgCoAEC.8S9VRni7qhs9K9PwEbMn6M
wUn05hdkhjM,OFC that hero assembly shot thingy wasn&#39;t in the actual movie. Everyone else but Quill was there.,OFC that hero assembly shot thingy wasn't in the actual movie. Everyone else but Quill was there.,0,2017-05-03T23:13:43Z,2017-05-03T23:13:43Z,,Ugi0TwnbHVzyD3gCoAEC
wUn05hdkhjM,The Chain by Fleetwood Mac. Welcome.,The Chain by Fleetwood Mac. Welcome.,0,2023-05-01T10:57:26Z,2023-05-01T10:57:26Z,Ugj0oT4hT3nrdXgCoAEC,Ugj0oT4hT3nrdXgCoAEC.8S5o-EVhgt-9pAApiNbdLE
wUn05hdkhjM,Superheroes aren&#39;t cool,Superheroes aren't cool,0,2017-05-03T00:16:46Z,2017-05-03T00:16:46Z,,UghQvjHRRTqsSHgCoAEC
wUn05hdkhjM,Please use &quot;Vehicle&quot; by Ides of March for vol3 trailer!!! So 70s. So perfect!!!,"Please use ""Vehicle"" by Ides of March for vol3 trailer!!! So 70s. So perfect!!!",0,2017-05-02T04:23:27Z,2017-05-02T04:23:27Z,,UghDbI2Yeg7L6XgCoAEC
wUn05hdkhjM,"<a href=""http://www.youtube.com/watch?v=wUn05hdkhjM&amp;t=2m07s"">2:07</a> U can see some other girl standing next to Peters dad",2:07 U can see some other girl standing next to Peters dad,0,2017-05-01T23:06:45Z,2017-05-01T23:06:45Z,,UgiEAMHxf8ySm3gCoAEC
wUn05hdkhjM,Just watched it on Saturday in Mexico! Laughing and laughing most of the movie. Going to see it again again here in the US as soon as it comes out.,Just watched it on Saturday in Mexico! Laughing and laughing most of the movie. Going to see it again again here in the US as soon as it comes out.,1,2017-05-01T21:46:22Z,2017-05-01T21:46:22Z,,UggIYkuGiOipSngCoAEC
wUn05hdkhjM,i watched guardians of the galaxy vol.2 today. I loved it 💜💜💜,i watched guardians of the galaxy vol.2 today. I loved it 💜💜💜,1,2017-05-01T19:36:49Z,2017-05-01T19:36:49Z,,UgiUaIBYjCDEJHgCoAEC
wUn05hdkhjM,When  can watch  Spiderman homecoming  movie,When  can watch  Spiderman homecoming  movie,0,2017-05-01T15:52:40Z,2017-05-01T15:52:40Z,,UgjEqVWfHZgxt3gCoAEC
wUn05hdkhjM,"Can someone please tell me , what Rocket said to Taserface? <br><br>what was your second choice? <i>_________</i> ?  <br><br><br>thanks","Can someone please tell me , what Rocket said to Taserface? 

what was your second choice? ___________ ?  


thanks",0,2017-05-01T12:51:59Z,2017-05-01T12:51:59Z,,UggEwhLfdsJfyngCoAEC
wUn05hdkhjM,"Hey, guys! I created a playlist with possible songs for Awesome Mix Vol. 3. Check out! <a href=""https://open.spotify.com/user/allanmfmotta/playlist/110nKMdLb1bMRe0HtFhsX4"">https://open.spotify.com/user/allanmfmotta/playlist/110nKMdLb1bMRe0HtFhsX4</a>","Hey, guys! I created a playlist with possible songs for Awesome Mix Vol. 3. Check out! https://open.spotify.com/user/allanmfmotta/playlist/110nKMdLb1bMRe0HtFhsX4",0,2017-05-01T11:29:29Z,2017-05-01T11:29:29Z,,Ugg5ANldmuWItngCoAEC
wUn05hdkhjM,can anyone tell me which song it is,can anyone tell me which song it is,0,2017-05-01T07:58:26Z,2017-05-01T07:58:26Z,,Ugg82L93yZXJhngCoAEC
wUn05hdkhjM,Yondu dies☺☺ Peter&#39;s dad is evil☺,Yondu dies☺☺ Peter's dad is evil☺,1,2017-04-30T22:54:24Z,2017-04-30T22:54:24Z,,Ugi1kCx4deDVTngCoAEC
wUn05hdkhjM,When I watched the Movie. I was awestruck. The movie is full of surprises and belly full of laughs. Don&#39;t listen to critics it&#39;s way better than the first one. I&#39;d be happy to say James Gunn did an Excellent job. When nothing keeps me happy Marvel movies are the one to make me smile,When I watched the Movie. I was awestruck. The movie is full of surprises and belly full of laughs. Don't listen to critics it's way better than the first one. I'd be happy to say James Gunn did an Excellent job. When nothing keeps me happy Marvel movies are the one to make me smile,9,2017-04-30T20:51:22Z,2017-04-30T20:51:22Z,,Ugjt6xExbb2jpXgCoAEC
wUn05hdkhjM,"jesus, so much is given away with these trailers.. shame","jesus, so much is given away with these trailers.. shame",0,2017-04-30T15:22:01Z,2017-04-30T15:22:01Z,,UgimQDOTvPs11HgCoAEC
wUn05hdkhjM,I&#39;ve seen this movie and it is awesome! I am from the Philippines. I love the Quill vs. Ego scene which is a reference to Vader vs. Luke in Empire Strikes Back.,I've seen this movie and it is awesome! I am from the Philippines. I love the Quill vs. Ego scene which is a reference to Vader vs. Luke in Empire Strikes Back.,1,2017-04-30T12:39:47Z,2017-04-30T12:39:47Z,,Ugi4Oqa7H-1zc3gCoAEC
wUn05hdkhjM,"ive seen the movie now, and im seeing it again tomorrow. I&#39;m Soooooo lucky","ive seen the movie now, and im seeing it again tomorrow. I'm Soooooo lucky",0,2017-04-29T10:49:53Z,2017-04-29T10:49:53Z,,UgjavwUJnpOdfXgCoAEC
wUn05hdkhjM,"This movie is,and quoting Drax &quot;That it&#39;s awesome!&quot;","This movie is,and quoting Drax ""That it's awesome!""",0,2017-04-29T02:47:22Z,2017-04-29T02:47:22Z,,UghX8ALjHNuRzHgCoAEC
wUn05hdkhjM,What&#39;s this song,What's this song,0,2017-04-28T23:56:55Z,2017-04-28T23:56:55Z,,UgiuzeEYZ2gBfXgCoAEC
wUn05hdkhjM,"Star Wars: No Luke, I am your father!<br>Guardians of the Galaxy: I&#39;m your dad, Peter.<br><br><b>Inhales</b> Ok.","Star Wars: No Luke, I am your father!
Guardians of the Galaxy: I'm your dad, Peter.

*Inhales* Ok.",15,2017-04-28T21:35:47Z,2017-04-28T21:35:47Z,,Ugioneh5bKl9jngCoAEC
wUn05hdkhjM,franklin richards vs legion please!!!!,franklin richards vs legion please!!!!,0,2017-04-28T18:31:08Z,2017-04-28T18:31:08Z,,UggQsxpvWiSDOXgCoAEC
wUn05hdkhjM,i watched the movie today its very funny and heartbreaking if you think im lying its alreadt showing hear in the Philippines,i watched the movie today its very funny and heartbreaking if you think im lying its alreadt showing hear in the Philippines,0,2017-04-28T13:53:24Z,2017-04-28T13:53:24Z,,UgjcFhwtgjEqTngCoAEC
wUn05hdkhjM,"I watched it, it&#39;s marvelous, you raged now","I watched it, it's marvelous, you raged now",0,2017-04-28T13:46:31Z,2017-04-28T13:46:31Z,,UgjAnyMHLcx9N3gCoAEC
wUn05hdkhjM,"Also <a href=""http://www.youtube.com/watch?v=wUn05hdkhjM&amp;t=1m45s"">1:45</a> brilliant editing. Well done for all the trailers. They basically didn&#39;t spoil anything.",Also 1:45 brilliant editing. Well done for all the trailers. They basically didn't spoil anything.,0,2017-04-28T12:16:58Z,2017-04-28T12:16:58Z,Ugin14Oqu7Cb33gCoAEC,Ugin14Oqu7Cb33gCoAEC.8Rtwb6RhGqW8RtwsXAo9PB
wUn05hdkhjM,Finally watched it tonight! It was fantastic. There were slow parts but overall it was great! There are 4/5 ending credit scenes.,Finally watched it tonight! It was fantastic. There were slow parts but overall it was great! There are 4/5 ending credit scenes.,0,2017-04-28T10:00:47Z,2017-04-28T10:00:47Z,,UggSsfkzBn2rn3gCoAEC
wUn05hdkhjM,(∩⚆ ͜ʖ⚆)⊃━☆ﾟ.*,(∩⚆ ͜ʖ⚆)⊃━☆ﾟ.*,0,2017-04-28T08:24:25Z,2017-04-28T08:24:25Z,,Ugj0dsb6rAnwtngCoAEC
wUn05hdkhjM,Spoiler alert!!!!!<br>.<br>.<br>.<br>.<br>.<br>.<br>.<br>.<br>.<br>Yondu dies. Ego (Peter&#39;s father) turns out to be the main villain.,"Spoiler alert!!!!!
.
.
.
.
.
.
.
.
.
Yondu dies. Ego (Peter's father) turns out to be the main villain.",0,2017-04-27T12:17:11Z,2017-04-27T12:17:11Z,,Ugil3qEJvsEZnHgCoAEC
wUn05hdkhjM,"Anyone else notice the wilhelm scream in that monster&#39;s roaring at <a href=""http://www.youtube.com/watch?v=wUn05hdkhjM&amp;t=0m08s"">0:08</a>?",Anyone else notice the wilhelm scream in that monster's roaring at 0:08?,1,2017-04-27T11:21:39Z,2017-04-27T11:21:39Z,,UgguRQNlwKiLc3gCoAEC
wUn05hdkhjM,"what the hell is that bassline that starts around <a href=""http://www.youtube.com/watch?v=wUn05hdkhjM&amp;t=0m20s"">0:20</a> - <a href=""http://www.youtube.com/watch?v=wUn05hdkhjM&amp;t=0m21s"">0:21</a>seconds? i know the tune and can play it but cant name it....",what the hell is that bassline that starts around 0:20 - 0:21seconds? i know the tune and can play it but cant name it....,0,2017-04-27T10:02:44Z,2017-04-27T10:02:44Z,,UghBtocf5ZsrYXgCoAEC
wUn05hdkhjM,"The movie is way better than the trailers. Seriously. <br>It&#39;s already rolling in my country, I&#39;ve watched it","The movie is way better than the trailers. Seriously. 
It's already rolling in my country, I've watched it",4,2017-04-27T07:43:29Z,2017-04-27T07:43:29Z,,UgiOBGgYl2mj93gCoAEC
wUn05hdkhjM,its april 26,its april 26,0,2017-04-26T17:46:54Z,2017-04-26T17:46:54Z,,UggblQ91wtgaBHgCoAEC
wUn05hdkhjM,i watch in cinema full movie,i watch in cinema full movie,0,2017-04-26T17:46:41Z,2017-04-26T17:46:41Z,,Uggsp2cVygETV3gCoAEC
wUn05hdkhjM,i cry last part of gurdian galaxy yondu died he sacrificed to peter and peter  dad are villain,i cry last part of gurdian galaxy yondu died he sacrificed to peter and peter  dad are villain,0,2017-04-26T17:46:20Z,2017-04-26T17:46:20Z,,Ugi33P45yZDMEngCoAEC
wUn05hdkhjM,"<a href=""http://www.youtube.com/watch?v=wUn05hdkhjM&amp;t=0m28s"">0:28</a> he is so cute!!!",0:28 he is so cute!!!,0,2017-04-26T17:11:36Z,2017-04-26T17:11:36Z,,Uggm_FbXN-m-03gCoAEC
wUn05hdkhjM,What remix of the chain is this?,What remix of the chain is this?,0,2017-04-25T19:33:18Z,2017-04-25T19:33:18Z,,Uggxc68RmweLPngCoAEC
wUn05hdkhjM,You should make Spiderman versus Deadpool the movie,You should make Spiderman versus Deadpool the movie,0,2017-04-25T01:50:08Z,2017-04-25T01:50:08Z,,UgjGZivZEEEzH3gCoAEC
wUn05hdkhjM,"<a href=""http://www.youtube.com/watch?v=wUn05hdkhjM&amp;t=1m15s"">1:15</a><br>🔥            🔥🔥🔥 🔥🔥🔥<br>🔥                 🔥            🔥<br>🔥🔥🔥 🔥🔥🔥      🔥","1:15
🔥            🔥🔥🔥 🔥🔥🔥
🔥                 🔥            🔥
🔥🔥🔥 🔥🔥🔥      🔥",0,2017-04-24T09:57:17Z,2017-04-24T09:57:17Z,,UgiCDjqPggEqbHgCoAEC
wUn05hdkhjM,Watching Chris Pratt in parks and rec and hearing him say &quot;Sometimes the thing you are searching for your whole life is right there by your side all along.&quot;,"Watching Chris Pratt in parks and rec and hearing him say ""Sometimes the thing you are searching for your whole life is right there by your side all along.""",1,2017-04-24T04:08:09Z,2017-04-24T04:08:09Z,,Uggf4Ec_mlR0sHgCoAEC
wUn05hdkhjM,"Chain keep us together, running in the shadow.","Chain keep us together, running in the shadow.",0,2017-04-24T00:15:22Z,2017-04-24T00:15:22Z,,Ughm3xHaPXDFongCoAEC
wUn05hdkhjM,"I love marvel but How the hell anyone can like this ? it looks animated , the acting is soo cheesy &amp; kinda feels like over acting 😐","I love marvel but How the hell anyone can like this ? it looks animated , the acting is soo cheesy & kinda feels like over acting 😐",0,2017-04-23T08:31:13Z,2017-04-23T08:31:13Z,,UghtPVjWx8wM_ngCoAEC
wUn05hdkhjM,"Peter:And who the hell are you?<br>Ego: I am nobody from nowhere,u want work for me?","Peter:And who the hell are you?
Ego: I am nobody from nowhere,u want work for me?",1,2017-04-23T05:11:22Z,2017-04-23T05:11:22Z,,UgjcBWJyIgHMVXgCoAEC
wUn05hdkhjM,hi,hi,0,2017-04-23T00:32:56Z,2017-04-23T00:32:56Z,,UgjCXGvQ2UIaHngCoAEC
wUn05hdkhjM,ohhh i hope marvel make more new superheroes movies,ohhh i hope marvel make more new superheroes movies,0,2017-04-22T23:52:12Z,2017-04-22T23:52:24Z,,UgjPyE-mgLyJu3gCoAEC
wUn05hdkhjM,Ahhhhhhhhhhhhhhhhhh-Drax 2017,Ahhhhhhhhhhhhhhhhhh-Drax 2017,0,2017-04-22T22:37:44Z,2017-04-22T22:37:44Z,,Ugjd2JnEw1mVn3gCoAEC
wUn05hdkhjM,What is the background song?,What is the background song?,0,2017-04-22T22:27:58Z,2017-04-22T22:27:58Z,,Ugj9kBs-MplekngCoAEC
wUn05hdkhjM,The Chain - Fleetwood Mac,The Chain - Fleetwood Mac,0,2017-04-24T13:50:37Z,2017-04-24T13:50:37Z,Ugj3NLfNBj0dQXgCoAEC,Ugj3NLfNBj0dQXgCoAEC.8Rewl2NwYTp8RjoPuxGgaR
wUn05hdkhjM,What&#39;s the name of the soundtrack?,What's the name of the soundtrack?,0,2017-04-22T04:43:29Z,2017-04-22T04:43:29Z,,UgjRzk41ScqBWXgCoAEC
wUn05hdkhjM,Did anyone else notice Rocket was floating near the end?,Did anyone else notice Rocket was floating near the end?,0,2017-04-22T01:56:10Z,2017-04-22T01:56:10Z,,UgiEZZvcT_3ZhngCoAEC
wUn05hdkhjM,Fleetwood Mac&#39;s &quot;The Chain&quot; fits perfectly here. I hope this remixed edit will make it&#39;s way to the original soundtrack.,"Fleetwood Mac's ""The Chain"" fits perfectly here. I hope this remixed edit will make it's way to the original soundtrack.",1,2017-04-21T16:52:53Z,2017-04-21T16:52:53Z,,Ugi58poAju5i6HgCoAEC
wUn05hdkhjM,A garden of the Galaxy...,A garden of the Galaxy...,0,2017-04-21T13:50:04Z,2017-04-21T13:50:04Z,,Ugge15ntR2Ij5HgCoAEC
wUn05hdkhjM,скоро,скоро,0,2017-04-21T10:46:03Z,2017-04-21T10:46:03Z,,Ugj81AyBnp5lp3gCoAEC
wUn05hdkhjM,This one time me and my dad went to see the new power rangers movie and this trailer came on with this movie,This one time me and my dad went to see the new power rangers movie and this trailer came on with this movie,0,2017-04-21T08:47:55Z,2017-04-21T08:47:55Z,,UgiY-o9EGvQcvHgCoAEC
wUn05hdkhjM,What&#39;s the title of the music?,What's the title of the music?,0,2017-04-20T09:24:00Z,2017-04-20T09:24:00Z,,UgjDtXLM8xFcM3gCoAEC
wUn05hdkhjM,AAAAAND now I ship Nebula and Drax.,AAAAAND now I ship Nebula and Drax.,1,2017-04-20T05:02:45Z,2017-04-20T05:02:45Z,,UggCf9lHXCaLGXgCoAEC
wUn05hdkhjM,"I watched the first Guardians, because I had nothing else to watch that day.  Now they are by far my favorite part of the Marvel Universe.  So well done on all accounts, now I cannot wait for this movie.","I watched the first Guardians, because I had nothing else to watch that day.  Now they are by far my favorite part of the Marvel Universe.  So well done on all accounts, now I cannot wait for this movie.",0,2017-04-20T00:41:41Z,2017-04-20T00:41:41Z,,UggFSpA5dVAc6XgCoAEC
wUn05hdkhjM,I like to imagine what kind of sick shit Deadpool can get into mixing in with this crew.,I like to imagine what kind of sick shit Deadpool can get into mixing in with this crew.,0,2017-04-19T13:23:04Z,2017-04-19T13:23:04Z,,UgjwsP2cclRwPngCoAEC
wUn05hdkhjM,Am i the only one who prefers big groot over baby groot?,Am i the only one who prefers big groot over baby groot?,0,2017-04-19T02:02:07Z,2017-04-19T02:02:07Z,,UgihivZ5Ukyr7XgCoAEC
wUn05hdkhjM,"trailer 2 for vol/1 was so great in comparison and as the movie. Hope this one ain&#39;t a missed bag...some screening reviews are already out. A few were indeed concerning. This is gamble material folks, second time is tough. But we&#39;ll see.","trailer 2 for vol/1 was so great in comparison and as the movie. Hope this one ain't a missed bag...some screening reviews are already out. A few were indeed concerning. This is gamble material folks, second time is tough. But we'll see.",0,2017-04-18T19:28:48Z,2017-04-18T19:31:33Z,,Ugj2TlNjJ5a3u3gCoAEC
wUn05hdkhjM,I just been told by &quot;rocket the raccoon&quot; that he said this &quot;the film&quot;guardians of the galaxy vol.2&quot; will have 5 bonus end credit scenes&quot; so be like a gum &amp; stick around &amp; uh tell &quot;everyone&quot; about this you heard ?,"I just been told by ""rocket the raccoon"" that he said this ""the film""guardians of the galaxy vol.2"" will have 5 bonus end credit scenes"" so be like a gum & stick around & uh tell ""everyone"" about this you heard ?",1,2017-04-18T17:39:34Z,2017-04-18T17:39:34Z,,Ugi-LSDkxaFrS3gCoAEC
wUn05hdkhjM,Baby Groot? haha wonder what his super power would be..,Baby Groot? haha wonder what his super power would be..,1,2017-04-18T14:46:12Z,2017-04-18T14:46:12Z,,UghM0BWlmOI9kXgCoAEC
wUn05hdkhjM,"Please help me win this scholarship by voting for me! I haven&#39;t won any scholarships yet but hopefully this will be my first one! I need this since it will truly benefit my education at UC Davis. <br><br>Thank you so much for your time reading this and spread the word! 💞<br><br><a href=""http://wshe.es/XF4RrTgZ"">http://wshe.es/XF4RrTgZ</a>","Please help me win this scholarship by voting for me! I haven't won any scholarships yet but hopefully this will be my first one! I need this since it will truly benefit my education at UC Davis. 

Thank you so much for your time reading this and spread the word! 💞

http://wshe.es/XF4RrTgZ",0,2017-04-18T01:42:07Z,2017-04-18T01:42:07Z,,UgiRrlgicDFxWHgCoAEC
wUn05hdkhjM,the dude is the dad,the dude is the dad,0,2017-04-17T16:26:27Z,2017-04-17T16:26:27Z,,Ugg9Sx3g5nU2ongCoAEC
wUn05hdkhjM,Yeah,Yeah,1,2023-01-21T14:01:15Z,2023-01-21T14:01:15Z,Ugim83aD31gNJXgCoAEC,Ugim83aD31gNJXgCoAEC.8RS-AcRNOuf9l90N_76CD3
wUn05hdkhjM,Batista is killing it man,Batista is killing it man,0,2017-04-16T18:07:04Z,2017-04-16T18:07:04Z,,Ugh3CFbN4l7WXXgCoAEC
wUn05hdkhjM,"Who the hell are you?<br>I am your uncle, Peter.","Who the hell are you?
I am your uncle, Peter.",1,2017-04-16T17:41:57Z,2017-04-16T17:41:57Z,,UgjidAVF63gy93gCoAEC
wUn05hdkhjM,Been Waiting for this movie.,Been Waiting for this movie.,0,2017-04-16T12:20:27Z,2017-04-16T12:20:27Z,,UgjZblXjm28mXHgCoAEC
wUn05hdkhjM,I wish they can maybe put teen titans in infinity war they know who thanoes is I think but in teen titans thanoes is known as dark side but I hope they put teen titans in infinity war maybe raven will see the future and she sees thanoes destroying the world I know that&#39;s kind of like avengers age of ultron when Tony sees thanoes but maybe they can figure something out like if u agree,I wish they can maybe put teen titans in infinity war they know who thanoes is I think but in teen titans thanoes is known as dark side but I hope they put teen titans in infinity war maybe raven will see the future and she sees thanoes destroying the world I know that's kind of like avengers age of ultron when Tony sees thanoes but maybe they can figure something out like if u agree,1,2017-04-16T11:04:55Z,2017-04-16T11:06:40Z,,UgjH8sGlbfn2AHgCoAEC
wUn05hdkhjM,What is the song? it&#39;s awesome!!,What is the song? it's awesome!!,0,2017-04-16T10:51:49Z,2017-04-16T10:51:49Z,,Ugicjv8C9drL1XgCoAEC
wUn05hdkhjM,Only 1 million views. what the neck. I thought this was going to get like 30 million views,Only 1 million views. what the neck. I thought this was going to get like 30 million views,0,2017-04-16T01:17:08Z,2017-04-16T01:17:08Z,,UgieaVQGUMKQmXgCoAEC
wUn05hdkhjM,"<a href=""http://www.youtube.com/watch?v=wUn05hdkhjM&amp;t=1m26s"">1:26</a> 👋",1:26 👋,0,2017-04-16T00:19:22Z,2017-04-16T00:19:22Z,,UggvZR4hLwQUu3gCoAEC
wUn05hdkhjM,великолепно!,великолепно!,0,2017-04-15T20:23:13Z,2017-04-15T20:23:13Z,,Ugjpo-z8W_lqXXgCoAEC
wUn05hdkhjM,SHUT UP AND TAKE MY MONEY 💰,SHUT UP AND TAKE MY MONEY 💰,0,2017-04-15T14:57:55Z,2017-04-15T14:57:55Z,,UgjvZA2DVM7HpngCoAEC
wUn05hdkhjM,"Judging by the comments below, I&#39;m probably in the minority here when I say this, but I&#39;m not as gung-ho for GOTG this time around. I don&#39;t know..... this movie just feels too &quot;Disney-fied&quot; to me. I mean, did they really have to make Groot that small &amp; that young? It feels like they&#39;re telling us they will be intentionally pandering ​to audiences this time around with an absurdly cute baby Groot. While I&#39;m anxious to see what the next entry into the MCU will be as they methodically continue to set the table for Infinity War, I&#39;ve cringed at the sight of Dave Bautista camping it up out there in all of these trailers. As a former WWE wrestler he&#39;s a ham actor to begin with, and it looks like he&#39;s trying too hard to be the comedy relief now. I hope they disprove my suspicions, but as of now I&#39;m​ lowering my expectations a notch.","Judging by the comments below, I'm probably in the minority here when I say this, but I'm not as gung-ho for GOTG this time around. I don't know..... this movie just feels too ""Disney-fied"" to me. I mean, did they really have to make Groot that small & that young? It feels like they're telling us they will be intentionally pandering ​to audiences this time around with an absurdly cute baby Groot. While I'm anxious to see what the next entry into the MCU will be as they methodically continue to set the table for Infinity War, I've cringed at the sight of Dave Bautista camping it up out there in all of these trailers. As a former WWE wrestler he's a ham actor to begin with, and it looks like he's trying too hard to be the comedy relief now. I hope they disprove my suspicions, but as of now I'm​ lowering my expectations a notch.",0,2017-04-15T11:42:15Z,2017-04-15T11:51:54Z,,UgiGAktlQ4Rvz3gCoAEC
wUn05hdkhjM,шикарно,шикарно,0,2017-04-14T20:19:35Z,2017-04-14T20:19:35Z,,UgjdmsXSVw2nVHgCoAEC
wUn05hdkhjM,soooo why is mantis important,soooo why is mantis important,0,2017-04-14T20:14:38Z,2017-04-14T20:14:38Z,,UgiJ35jtOt-c9XgCoAEC
wUn05hdkhjM,You guys know how to make trailers!,You guys know how to make trailers!,0,2017-04-14T17:46:17Z,2017-04-14T17:46:17Z,,UghvD6GpwgoagngCoAEC
wUn05hdkhjM,OMG THIS CAME OUT ON MY BIRTHDAY!,OMG THIS CAME OUT ON MY BIRTHDAY!,0,2017-04-14T16:45:13Z,2017-04-14T16:45:13Z,,Ugi9pC_s4NIbYHgCoAEC
wUn05hdkhjM,"there are marvel cinematic universe, why not making marvel game universe? :D","there are marvel cinematic universe, why not making marvel game universe? :D",0,2017-04-14T16:29:26Z,2017-04-14T16:29:26Z,,UgjbwCfOREzjIHgCoAEC
wUn05hdkhjM,"Luck, I am your father!=)))","Luck, I am your father!=)))",0,2017-04-14T13:26:43Z,2017-04-14T13:26:43Z,,Ugj1mOy_kF187XgCoAEC
wUn05hdkhjM,Fleetwood Mac - The Chain,Fleetwood Mac - The Chain,0,2017-04-14T09:28:43Z,2017-04-14T09:28:43Z,,UgjX1k8s2FfnmHgCoAEC
wUn05hdkhjM,I am  your father,I am  your father,0,2017-04-14T03:57:27Z,2017-04-14T03:57:27Z,,Uggadj7_etmzfngCoAEC
wUn05hdkhjM,It&#39;s coming out Cinco de Mayo! Can&#39;t wait.,It's coming out Cinco de Mayo! Can't wait.,0,2017-04-14T03:19:12Z,2017-04-14T03:19:12Z,,UghkWjLcUonVingCoAEC
wUn05hdkhjM,Star lord------sometimes the things your looking for your entire life its right there by your side all along <br>me-<del>---</del><b>looks beside him and sees no nintendo switch</b><br>me-<del>---</del>(;-;),"Star lord------sometimes the things your looking for your entire life its right there by your side all along 
me------*looks beside him and sees no nintendo switch*
me------(;-;)",2,2017-04-13T22:55:08Z,2017-04-13T22:55:08Z,,Ugh0bnr8GJqpxXgCoAEC
wUn05hdkhjM,All these things are building up to infinity war..,All these things are building up to infinity war..,1,2017-04-13T22:36:52Z,2017-04-13T22:36:52Z,,UghMA-BsA5J_bngCoAEC
wUn05hdkhjM,groot so cute,groot so cute,0,2017-04-13T15:56:53Z,2017-04-13T15:56:53Z,,UghvADI45xY333gCoAEC
wUn05hdkhjM,mantis &lt;3,mantis <3,0,2017-04-13T15:08:24Z,2017-04-13T15:08:24Z,,UgifRopPoyTaY3gCoAEC
wUn05hdkhjM,faaaaaaaaaaak,faaaaaaaaaaak,0,2017-04-13T15:06:44Z,2017-04-13T15:06:44Z,,Ugig-sEWkvquKXgCoAEC
wUn05hdkhjM,посмотреть можно,посмотреть можно,0,2017-04-13T09:32:00Z,2017-04-13T09:32:00Z,,Ugjn6vbsIQMN7ngCoAEC
wUn05hdkhjM,to the people of marvel when you gone introduce carnage to the big screen,to the people of marvel when you gone introduce carnage to the big screen,0,2017-04-13T08:27:38Z,2017-04-13T08:27:38Z,,UgjdM3-48OqPeHgCoAEC
wUn05hdkhjM,으핫~빨리 보고싶당~!!!,으핫~빨리 보고싶당~!!!,0,2017-04-13T05:50:02Z,2017-04-13T05:50:02Z,,UghPrggSXyjKnHgCoAEC
wUn05hdkhjM,who is Mantis???,who is Mantis???,0,2017-04-13T02:25:07Z,2017-04-13T02:25:07Z,,UgjhjXGsyK_Oq3gCoAEC
wUn05hdkhjM,"I&#39;m a hardcore Batman fan, but Guardians of the Galaxy is my favorite comic book movie ! I am more excited for Guardians of the Galaxy vol 2 than anything ! This shit is better than anything DC and I&#39;m a Batman fanboy lol !!!","I'm a hardcore Batman fan, but Guardians of the Galaxy is my favorite comic book movie ! I am more excited for Guardians of the Galaxy vol 2 than anything ! This shit is better than anything DC and I'm a Batman fanboy lol !!!",1,2017-04-12T23:30:58Z,2017-04-12T23:30:58Z,,Ugg2daCZPi2jzngCoAEC
wUn05hdkhjM,Sounds Good😍,Sounds Good😍,0,2017-04-12T17:58:26Z,2017-04-12T17:58:26Z,,UgjP3O_KIgp5VXgCoAEC
wUn05hdkhjM,Isn&#39;t that Cody Frost version of The Chain,Isn't that Cody Frost version of The Chain,0,2017-04-12T15:34:14Z,2017-04-12T15:34:14Z,,UggQIptEQyjopXgCoAEC
wUn05hdkhjM,"peter, i am groot","peter, i am groot",0,2017-04-12T14:41:04Z,2017-04-12T14:41:04Z,,UghFQifvpg6WxngCoAEC
wUn05hdkhjM,She just told Everyone your deepest darkest secret!<br>You must be so embarrassed?!<br>Ahahaha! DO ME! DO ME! DO ME!,"She just told Everyone your deepest darkest secret!
You must be so embarrassed?!
Ahahaha! DO ME! DO ME! DO ME!",0,2017-04-12T10:57:40Z,2017-04-12T10:57:40Z,,UgiQFjR3z6m24ngCoAEC
wUn05hdkhjM,<b>Die spaceship!</b>,*Die spaceship!*,0,2017-04-12T08:50:36Z,2017-04-12T08:50:36Z,,UgjpAYCuyAetWXgCoAEC
wUn05hdkhjM,"this is so perfectly co-ordinated with the music, not to mention the a+ song choice, this is amazing<br>i keep replaying this omg","this is so perfectly co-ordinated with the music, not to mention the a+ song choice, this is amazing
i keep replaying this omg",4,2017-04-12T05:58:29Z,2017-04-12T05:58:29Z,,Ugj8tNtI73bpjXgCoAEC
wUn05hdkhjM,Man the music Marvel is using for their recent trailers is fantastic!,Man the music Marvel is using for their recent trailers is fantastic!,1,2017-04-11T21:00:15Z,2017-04-11T21:00:15Z,,UggxMMdTEBVsn3gCoAEC
wUn05hdkhjM,yes it shows star Lord&#39;s dad,yes it shows star Lord's dad,0,2017-04-11T20:00:04Z,2017-04-11T20:00:04Z,,Ugij3fDcj9gNaHgCoAEC
wUn05hdkhjM,hola,hola,0,2017-04-11T17:50:05Z,2017-04-11T17:50:05Z,,Ugj9NACaetbm9XgCoAEC
wUn05hdkhjM,Nebula joins the Guardians???,Nebula joins the Guardians???,0,2017-04-11T11:29:02Z,2017-04-11T11:29:02Z,,Ugh1JHDUM7J2ingCoAEC
wUn05hdkhjM,this movie gonna be lit🔥,this movie gonna be lit🔥,1,2017-04-11T06:14:15Z,2017-04-11T06:14:15Z,,UgjfgDmxoDpurngCoAEC
wUn05hdkhjM,"I am your Peter, <b>DAD</b>","I am your Peter, *DAD*",0,2017-04-11T04:36:57Z,2017-04-11T04:36:57Z,,UgjbBubio2ASMHgCoAEC
wUn05hdkhjM,&quot;we are not friends we are family&quot; okay who let the people from fast and furious help with this movie,"""we are not friends we are family"" okay who let the people from fast and furious help with this movie",0,2017-04-10T16:33:12Z,2017-04-10T16:33:12Z,,UgiE1quI0l1X4ngCoAEC
wUn05hdkhjM,How many disgusting hidden muslem codes are in the movie,How many disgusting hidden muslem codes are in the movie,0,2017-04-10T14:40:09Z,2017-04-10T14:40:09Z,,UgjUv2CqutGsUngCoAEC
wUn05hdkhjM,favourate film can&#39;t wait.,favourate film can't wait.,1,2017-04-10T14:39:07Z,2017-04-10T14:39:07Z,,UggvfOKCqPmMoHgCoAEC
wUn05hdkhjM,"Can&#39;t wait for this movie, Marvel, you have done a damn fine job this year","Can't wait for this movie, Marvel, you have done a damn fine job this year",0,2017-04-08T14:25:58Z,2017-04-08T14:25:58Z,,Ugj-02cm0HslhXgCoAEC
wUn05hdkhjM,"<a href=""http://www.youtube.com/watch?v=wUn05hdkhjM&amp;t=00m30s"">00:30</a> nooo groot!",00:30 nooo groot!,0,2017-04-08T02:21:28Z,2017-04-08T02:21:28Z,,Ugi8e1XYB0xGrXgCoAEC
wUn05hdkhjM,"i just wanna know what is that song at <a href=""http://www.youtube.com/watch?v=wUn05hdkhjM&amp;t=0m23s"">0:23</a> ...",i just wanna know what is that song at 0:23 ...,0,2017-04-07T20:34:33Z,2017-04-07T20:34:33Z,,Ughpr36IdSKtKXgCoAEC
wUn05hdkhjM,Seriously whoever edited this is cray talented,Seriously whoever edited this is cray talented,0,2017-04-07T19:55:49Z,2017-04-07T19:55:49Z,,UghrSOf9aEsmXXgCoAEC
wUn05hdkhjM,What&#39;s the name of this song playing,What's the name of this song playing,0,2017-04-06T20:57:34Z,2017-04-06T20:57:34Z,,UghZlnXb5WwRKXgCoAEC
wUn05hdkhjM,I just noticed Drax is Bautista from WWE...,I just noticed Drax is Bautista from WWE...,0,2017-04-06T07:05:40Z,2017-04-06T07:05:40Z,,UgjN21szFQGveXgCoAEC
wUn05hdkhjM,"Can&#39;t get tickets for IMAX 3d or let&#39;s say I don&#39;t want to, The IMAX I go to ain&#39;t running fullscreen and IMAX quality Marvel movies. I went to watch Civil war and Dr. Strange but they disappointed with poor video quality and with only half the screen. Please don&#39;t sell your Movies to IMAX Hyderabad, they don&#39;t maintain High resolution and quality. <br><br>Only defaming your movies are IMAX Hyderabad.","Can't get tickets for IMAX 3d or let's say I don't want to, The IMAX I go to ain't running fullscreen and IMAX quality Marvel movies. I went to watch Civil war and Dr. Strange but they disappointed with poor video quality and with only half the screen. Please don't sell your Movies to IMAX Hyderabad, they don't maintain High resolution and quality. 

Only defaming your movies are IMAX Hyderabad.",0,2017-04-06T05:51:59Z,2017-04-06T05:51:59Z,,UghktHtcDrNvd3gCoAEC
wUn05hdkhjM,i&#39;m doctor strange<br><br>deadpool : can u fix this ugly face?,"i'm doctor strange

deadpool : can u fix this ugly face?",0,2017-04-03T11:55:42Z,2017-04-03T11:55:42Z,,Ugj6oQe6_mODE3gCoAEC
wUn05hdkhjM,Anyone who thought replacing the tower of terror with this was a good idea:<br>You made my little brother cry. I hope you&#39;re real frickin happy,"Anyone who thought replacing the tower of terror with this was a good idea:
You made my little brother cry. I hope you're real frickin happy",1,2017-04-03T03:32:09Z,2017-04-03T03:32:09Z,,UgifGYH5PCknqngCoAEC
wUn05hdkhjM,Baby Groot is the best character in this movie,Baby Groot is the best character in this movie,0,2017-04-02T21:17:18Z,2017-04-02T21:17:18Z,,Ugg9D8JROjqebHgCoAEC
wUn05hdkhjM,"Name of the music that starts at <a href=""http://www.youtube.com/watch?v=wUn05hdkhjM&amp;t=1m15s"">1:15</a>?? please someone reply",Name of the music that starts at 1:15?? please someone reply,0,2017-04-02T10:04:09Z,2017-04-02T10:04:09Z,,UgiFWGQ442okfXgCoAEC
wUn05hdkhjM,"PLEASE, MARVEL: PUT THIS SONG (THE CHAIN) DURING THE MOVIE! PLEASE!!!","PLEASE, MARVEL: PUT THIS SONG (THE CHAIN) DURING THE MOVIE! PLEASE!!!",0,2017-04-02T05:44:10Z,2017-04-02T05:44:10Z,,Ugj8aoqlMXPYdngCoAEC
wUn05hdkhjM,Okay but the part with Star Lord and Gamora killed me okay THE WAY HE LOOKS AT HER I CAN&#39;T EVEN RN GUYS I&#39;M SO EXCITED FOR THIS MOVIE 😍😭👏,Okay but the part with Star Lord and Gamora killed me okay THE WAY HE LOOKS AT HER I CAN'T EVEN RN GUYS I'M SO EXCITED FOR THIS MOVIE 😍😭👏,1,2017-04-02T04:37:31Z,2017-04-02T04:37:31Z,,Ugg08JxeAM-y_HgCoAEC
wUn05hdkhjM,funny that both this and doctor strange take place before civil war,funny that both this and doctor strange take place before civil war,0,2017-04-02T04:04:37Z,2017-04-02T04:04:37Z,,UghajeFxabc-T3gCoAEC
wUn05hdkhjM,"Draz is literally half serious and half comedy material<br><br>Which doesnt normally fit his character, but hey... its Marvel doing their things again","Draz is literally half serious and half comedy material

Which doesnt normally fit his character, but hey... its Marvel doing their things again",0,2017-04-01T15:50:10Z,2017-04-01T15:50:10Z,,UggQ0D_8T4Jc8ngCoAEC
wUn05hdkhjM,In comic the star load and all characters are not joking,In comic the star load and all characters are not joking,0,2017-04-01T04:36:42Z,2017-04-01T04:36:42Z,,Ugges5po_uQgr3gCoAEC
wUn05hdkhjM,Ohblaya bola bola bo,Ohblaya bola bola bo,0,2017-03-31T19:55:35Z,2017-03-31T19:55:35Z,,UggSqNG0G732d3gCoAEC
wUn05hdkhjM,song?,song?,0,2017-03-30T00:48:39Z,2017-03-30T00:48:39Z,,UgghyqUftUI1lXgCoAEC
wUn05hdkhjM,awesome 👍,awesome 👍,1,2017-03-29T18:13:56Z,2017-03-29T18:13:56Z,,UgxGYBgPMI1Me4mN7v54AaABAg
wUn05hdkhjM,"<a href=""https://www.youtube.com/watch?v=wUn05hdkhjM&amp;t=1m59s"">1:59</a> WTF is he saying???",1:59 WTF is he saying???,0,2017-03-29T09:08:42Z,2017-03-29T09:08:42Z,,Ugx8DwIrm8uf0ZpBPAV4AaABAg
wUn05hdkhjM,SUPERB TRAILER....,SUPERB TRAILER....,0,2017-03-29T05:48:11Z,2017-03-29T05:48:11Z,,UgzFoxPL8XbW69XUX754AaABAg
wUn05hdkhjM,What is this song called?,What is this song called?,0,2017-03-28T15:18:42Z,2017-03-28T15:18:42Z,,Ugw1afwVIIo4drVR-pF4AaABAg
wUn05hdkhjM,And here comes the daddy😂😂,And here comes the daddy😂😂,0,2017-03-28T14:19:16Z,2017-03-28T14:19:16Z,,UgxVJYyij7_ZxIbgp6Z4AaABAg
wUn05hdkhjM,"Far out Karen Gillan is such an awful actress, everything she says feels so forced. Shame they gave her such a cool character, I noticed it in the first movie and hated her for it. They should have just killed her off.","Far out Karen Gillan is such an awful actress, everything she says feels so forced. Shame they gave her such a cool character, I noticed it in the first movie and hated her for it. They should have just killed her off.",0,2017-03-28T14:14:36Z,2017-03-28T14:14:36Z,,UgxNG86gUYof7L0tYM94AaABAg
wUn05hdkhjM,Amy Pond really changed.....,Amy Pond really changed.....,0,2017-03-28T13:23:10Z,2017-03-28T13:23:10Z,,UgyoQ0PMncYhYv1CnuB4AaABAg
wUn05hdkhjM,Guardians of Anxiety!,Guardians of Anxiety!,0,2017-03-28T04:57:07Z,2017-03-28T04:57:07Z,,UgwYRn7_In2TiJhCN-R4AaABAg
wUn05hdkhjM,Another garbage INCOMING ! from marvel,Another garbage INCOMING ! from marvel,0,2017-03-27T11:52:14Z,2017-03-27T11:52:14Z,,UgwoiNMnRHuxuqd63qR4AaABAg
wUn05hdkhjM,"Im still pissed that they chose to name the Dad&#39;s character Ego.  If he is not a giant planet, then it is not the same character at all, just another character with the same first name.","Im still pissed that they chose to name the Dad's character Ego.  If he is not a giant planet, then it is not the same character at all, just another character with the same first name.",0,2017-03-27T02:18:31Z,2017-03-27T02:18:31Z,,UgxhrEDGAIl7zbTRgpl4AaABAg
wUn05hdkhjM,Marvel MY DID YOU KILL OFF WOLVERINE!!!!!!😡😡😡😡😡😢😢😢😢😢😢😢😢😢😢😢😢😢😢,Marvel MY DID YOU KILL OFF WOLVERINE!!!!!!😡😡😡😡😡😢😢😢😢😢😢😢😢😢😢😢😢😢😢,0,2017-03-26T05:38:26Z,2017-03-26T05:38:26Z,,Ugy6bqRXgbsXyadS0uN4AaABAg
wUn05hdkhjM,She looks like Yellow Diamond.....,She looks like Yellow Diamond.....,0,2017-03-25T21:04:59Z,2017-03-25T21:04:59Z,,UgxWQjF8HZSiXp2AdHZ4AaABAg
wUn05hdkhjM,oderei a musica,oderei a musica,0,2017-03-25T04:59:57Z,2017-03-25T04:59:57Z,,UgynhvWKCwJPMzvnc794AaABAg
wUn05hdkhjM,"&quot;Pete, I am your father&quot;.  Sounds familiar.  Also.. people in the UK will be expecting cars when they hear The Chain.  Expect a petrolhead backlash.  Just sayin&#39;..","""Pete, I am your father"".  Sounds familiar.  Also.. people in the UK will be expecting cars when they hear The Chain.  Expect a petrolhead backlash.  Just sayin'..",0,2017-03-24T15:01:47Z,2017-03-24T15:01:47Z,,UgwQPTqzPGcKcSFjTKF4AaABAg
wUn05hdkhjM,Witold Sławko The Chain.....by the band Fleetwood Mac.,Witold Sławko The Chain.....by the band Fleetwood Mac.,0,2017-03-27T04:29:36Z,2017-03-27T04:29:36Z,UggWu5UMf3r7qXgCoAEC,UggWu5UMf3r7qXgCoAEC.8QSJqOI0BM88QahxRz4AXd
wUn05hdkhjM,It&#39;s not a spoiler in this considering they announced it over the summer....,It's not a spoiler in this considering they announced it over the summer....,1,2017-03-23T23:40:32Z,2017-03-23T23:40:32Z,UggDDMQ0V7jDBHgCoAEC,UggDDMQ0V7jDBHgCoAEC.8QPqVKQ67ay8QTTUdl4isJ
wUn05hdkhjM,meh,meh,1,2017-03-21T12:27:20Z,2017-03-21T12:27:20Z,,Uggu_ekeGtFicXgCoAEC
wUn05hdkhjM,"Lol Stop releasing trailers, everyone is already sold on this movie.","Lol Stop releasing trailers, everyone is already sold on this movie.",0,2017-03-21T04:39:49Z,2017-03-21T04:39:49Z,,UghqpG_mFHAElXgCoAEC
wUn05hdkhjM,OMG THEY USED FLEETWOOD MAC&#39;S SONG &quot;The Chain&quot;!!!! YEEESSSSSSS!!,"OMG THEY USED FLEETWOOD MAC'S SONG ""The Chain""!!!! YEEESSSSSSS!!",0,2017-03-20T16:35:24Z,2017-03-20T16:35:24Z,,Ughb2gWbugmysngCoAEC
wUn05hdkhjM,Correct,Correct,0,2022-07-25T05:02:55Z,2022-07-25T05:02:55Z,UgjEeUJOASMAj3gCoAEC,UgjEeUJOASMAj3gCoAEC.8QJzMRBE0og9dtZg99thmE
wUn05hdkhjM,Adam Warlock confirmed. The avenger&#39;s infinity war movies are going to be amazing,Adam Warlock confirmed. The avenger's infinity war movies are going to be amazing,3,2017-03-19T00:01:55Z,2017-03-19T00:01:55Z,,UgihRivAM4L-q3gCoAEC
wUn05hdkhjM,Wait how is this trailer sexist again,Wait how is this trailer sexist again,0,2017-03-18T15:51:36Z,2017-03-18T15:51:36Z,,UghXNrGmo4fQoXgCoAEC
wUn05hdkhjM,DIE SPACESHIP!,DIE SPACESHIP!,0,2017-03-18T01:46:08Z,2017-03-18T01:46:08Z,,UgiNceajkqWVtXgCoAEC
wUn05hdkhjM,ok debait time marvle vs dc ( we no marvle has already won with 1000000000000000000000 to 0.00000000000000000001,ok debait time marvle vs dc ( we no marvle has already won with 1000000000000000000000 to 0.00000000000000000001,0,2017-03-17T19:46:55Z,2017-03-17T19:46:55Z,,UgiLx-svvtHSP3gCoAEC
wUn05hdkhjM,what is the background song,what is the background song,0,2017-03-17T17:35:22Z,2017-03-17T17:35:22Z,,UgjxlBdIVOuBkXgCoAEC
wUn05hdkhjM,My body is so ready,My body is so ready,0,2017-03-17T12:46:30Z,2017-03-17T12:46:30Z,,UgijfoKA_tbGi3gCoAEC
wUn05hdkhjM,"i think <a href=""http://www.youtube.com/watch?v=wUn05hdkhjM&amp;t=1m46s"">1:46</a> is the best part of the trailer",i think 1:46 is the best part of the trailer,0,2017-03-16T20:59:32Z,2017-03-16T20:59:32Z,,UgjrpaeVGXDcs3gCoAEC
wUn05hdkhjM,and if you dont love me now<br>you will never love me again,"and if you dont love me now
you will never love me again",0,2017-03-16T14:19:25Z,2017-03-16T14:19:25Z,,UgiaUs_MDgpDx3gCoAEC
wUn05hdkhjM,This movie is going to be &quot;Legen&quot;  wait for it<br><br>&quot;DARY&quot; .,"This movie is going to be ""Legen""  wait for it

""DARY"" .",1,2017-03-16T09:04:58Z,2017-03-16T09:04:58Z,,UgjpLlhv0J2s6XgCoAEC
wUn05hdkhjM,"Tony Stark, Loki, and Groot are the reasons why the MCU has no stakes.","Tony Stark, Loki, and Groot are the reasons why the MCU has no stakes.",1,2017-03-15T13:14:44Z,2017-03-15T13:14:44Z,,UghrLUYYZ94mgXgCoAEC
wUn05hdkhjM,Song?,Song?,0,2017-03-15T04:23:16Z,2017-03-15T04:23:16Z,,UggoWWigYSRp3ngCoAEC
wUn05hdkhjM,What is the song in this trailer?,What is the song in this trailer?,0,2017-03-15T01:49:23Z,2017-03-15T01:49:23Z,,UgiE3_qprn3K6HgCoAEC
wUn05hdkhjM,"This movie is gonna pwn. Kinda odd they made &quot;Ego:The Living Planet&quot; Peter&#39;s Dad as apposed to J-Son from the comics. But at least they got a great actor in Kurt Russel to play him, hopefully he&#39;ll turn into his Planeet form sometime in the movie.","This movie is gonna pwn. Kinda odd they made ""Ego:The Living Planet"" Peter's Dad as apposed to J-Son from the comics. But at least they got a great actor in Kurt Russel to play him, hopefully he'll turn into his Planeet form sometime in the movie.",0,2017-03-14T22:11:54Z,2017-03-14T22:11:54Z,,UgiA224GYyJgi3gCoAEC
wUn05hdkhjM,Fleetwood mac - The chain!,Fleetwood mac - The chain!,0,2017-03-14T19:27:35Z,2017-03-14T19:27:35Z,UggqMhWhtwQkD3gCoAEC,UggqMhWhtwQkD3gCoAEC.8Q5iIXQ3PZ38Q5qO2CN0s0
wUn05hdkhjM,Delinquent Habits-Clone Me or could be ripped from something else,Delinquent Habits-Clone Me or could be ripped from something else,0,2017-03-24T19:50:44Z,2017-03-24T19:50:44Z,UgjHYHFwbmeC23gCoAEC,UgjHYHFwbmeC23gCoAEC.8Q5X_hcF3p78QVczTW4Wob
wUn05hdkhjM,Gilliaaaaan!!!!!!,Gilliaaaaan!!!!!!,0,2017-03-14T14:42:00Z,2017-03-14T14:42:00Z,,UghHxa0STa_BkngCoAEC
wUn05hdkhjM,"Hey guys, latest movies of 2017 are up <b>Watch</b> <b>it</b> <b>here</b> - wholemovieonline,com","Hey guys, latest movies of 2017 are up *Watch* *it* *here* - wholemovieonline,com",0,2017-03-14T04:34:58Z,2017-03-14T04:34:58Z,,Ugi2yR9Afd4buXgCoAEC
wUn05hdkhjM,I could watch this trailer all day can&#39;t wait to see it in theaters,I could watch this trailer all day can't wait to see it in theaters,1,2017-03-14T03:35:18Z,2017-03-14T03:35:18Z,,Ughoi5jsoNxM3XgCoAEC
wUn05hdkhjM,I seriously cannot wait for this to come out.,I seriously cannot wait for this to come out.,5,2017-03-14T02:11:42Z,2017-03-14T02:11:42Z,,Ugg84fzcpg-kMXgCoAEC
wUn05hdkhjM,&quot;Die spaceship!&quot;,"""Die spaceship!""",1,2017-03-13T23:53:46Z,2017-03-13T23:53:46Z,,Ugi3cRnQhdo9yngCoAEC
wUn05hdkhjM,<b>Meanwhile with DC</b> <br>DC: <b>I WANNA BE MARVEL!! I WANNA! I WANNA! I WANNA! I WANNA! I WANNA! I WANNA! I WANNA! I WANNA!</b>,"*Meanwhile with DC* 
DC: *I WANNA BE MARVEL!! I WANNA! I WANNA! I WANNA! I WANNA! I WANNA! I WANNA! I WANNA! I WANNA!*",1,2017-03-13T23:45:23Z,2017-03-13T23:45:23Z,,UgjnNNB3eNfvzHgCoAEC
wUn05hdkhjM,Peter&#39;s dad: after all these years I&#39;ve found you. <br>Peter: who the hell are you?<br>Peter&#39;s dad: I&#39;m your DAD Peter.<br>Awkward moment!,"Peter's dad: after all these years I've found you. 
Peter: who the hell are you?
Peter's dad: I'm your DAD Peter.
Awkward moment!",0,2017-03-13T19:03:13Z,2017-03-13T19:03:13Z,,UghSsSQlYfw8JXgCoAEC
wUn05hdkhjM,heymarvel why dont you make a movie about all ghost riders come together and the bad guys that has been in every ghost rider movie come back to life and then all the ghost riders and all the bad guys have a big war,heymarvel why dont you make a movie about all ghost riders come together and the bad guys that has been in every ghost rider movie come back to life and then all the ghost riders and all the bad guys have a big war,0,2017-03-13T01:27:33Z,2017-03-13T01:27:33Z,,Ugj8iwsbHS1T1ngCoAEC
wUn05hdkhjM,Show Time A-Holes!,Show Time A-Holes!,1,2017-03-12T12:02:24Z,2017-03-12T12:02:24Z,,Ugg16V1ex07kWXgCoAEC
wUn05hdkhjM,EGO : I&#39;m your dad peter.<br>peter : noooooo,"EGO : I'm your dad peter.
peter : noooooo",2,2017-03-12T08:33:14Z,2017-03-12T08:33:14Z,,UghRdB6w7hGuingCoAEC
wUn05hdkhjM,Buen trailer<br>Me fascino,"Buen trailer
Me fascino",0,2017-03-12T00:50:00Z,2017-03-12T00:50:00Z,,UghhQhNdBE4gengCoAEC
wUn05hdkhjM,oh hell yeah. this is going to be awesome.,oh hell yeah. this is going to be awesome.,1,2017-03-12T00:46:42Z,2017-03-12T00:46:42Z,,UghUI3gFTKos13gCoAEC
wUn05hdkhjM,robert knepper have to play mefisto in avengers infinity war,robert knepper have to play mefisto in avengers infinity war,0,2017-03-11T21:16:05Z,2017-03-11T21:16:05Z,,UgiembBPDasj03gCoAEC
wUn05hdkhjM,"<a href=""http://www.youtube.com/watch?v=wUn05hdkhjM&amp;t=0m22s"">0:22</a> Music PLEASE?",0:22 Music PLEASE?,0,2017-03-11T11:23:31Z,2017-03-11T11:23:31Z,,Ugi1LvGS2EUfJngCoAEC
wUn05hdkhjM,cadê os BRs aqui????,cadê os BRs aqui????,0,2017-03-10T20:21:35Z,2017-03-10T20:21:35Z,,UggQcH-XBrqeN3gCoAEC
wUn05hdkhjM,Maybe the ma&#39;am was under the effect of some psychotropic drug.,Maybe the ma'am was under the effect of some psychotropic drug.,0,2017-03-11T01:32:55Z,2017-03-11T01:32:55Z,UgghHLLyKuS7z3gCoAEC,UgghHLLyKuS7z3gCoAEC.8PuEky-9B-i8PxC0IqX7AK
wUn05hdkhjM,Yes! Thanks for using &quot;The Chain&quot;! &quot;This is Formula One.&quot;,"Yes! Thanks for using ""The Chain""! ""This is Formula One.""",0,2017-03-09T08:50:32Z,2017-03-09T08:50:32Z,,UgjqiGEIzIWT8XgCoAEC
wUn05hdkhjM,Universal Church of Truth?,Universal Church of Truth?,1,2017-03-08T23:32:03Z,2017-03-08T23:32:03Z,,UggeaWRutyMmQngCoAEC
wUn05hdkhjM,"I&#39;m really hoping Taserface is a member of the Stark like he is in the comics, just because it&#39;ll help tie this in to the rest of the MCU a bit more. Also, seeing Vance Astro or Wal Rus at some point would be great.","I'm really hoping Taserface is a member of the Stark like he is in the comics, just because it'll help tie this in to the rest of the MCU a bit more. Also, seeing Vance Astro or Wal Rus at some point would be great.",0,2017-03-08T19:53:00Z,2017-03-08T19:55:58Z,,Ugjw9p2_zlNyQ3gCoAEC
wUn05hdkhjM,WHATs Song ?,WHATs Song ?,0,2017-03-08T15:53:16Z,2017-03-08T15:53:16Z,,UghBkgOSBYBw6HgCoAEC
wUn05hdkhjM,Pretty Sure it&#39;s gonna be an AWESOME MOVIE!!!!,Pretty Sure it's gonna be an AWESOME MOVIE!!!!,0,2017-03-08T15:00:23Z,2017-03-08T15:00:23Z,,UggSIMPdF61FRHgCoAEC
wUn05hdkhjM,bOLT yep it&#39;s gonna be so damn awesome,bOLT yep it's gonna be so damn awesome,0,2017-03-11T18:10:23Z,2017-03-11T18:10:23Z,Ugg8yfgUqhO803gCoAEC,Ugg8yfgUqhO803gCoAEC.8Pqk3-JQQFy8PyzA-52-GM
wUn05hdkhjM,KKMX-TCFD,KKMX-TCFD,0,2017-03-08T13:11:13Z,2017-03-08T13:11:13Z,,UggNyGEH9Yocn3gCoAEC
wUn05hdkhjM,Baby Groot. I want one!,Baby Groot. I want one!,0,2017-03-08T12:54:14Z,2017-03-08T12:54:14Z,,Ughuq24T70RQ93gCoAEC
wUn05hdkhjM,Drax is right! Family does yell at each other all the time 🙂,Drax is right! Family does yell at each other all the time 🙂,0,2017-03-08T01:41:48Z,2017-03-08T01:41:48Z,,UgiV6xOJ2EunyngCoAEC
wUn05hdkhjM,I can&#39;t wait for this movie,I can't wait for this movie,0,2017-03-08T01:23:56Z,2017-03-08T01:23:56Z,,UghAWFdAZUmeQngCoAEC
wUn05hdkhjM,Starlord&#39;s dad looks like my bus driver...,Starlord's dad looks like my bus driver...,0,2017-03-07T14:56:42Z,2017-03-07T14:56:42Z,,UghW8fT8WyimbngCoAEC
wUn05hdkhjM,Take off short films about the escape of the Rocket.,Take off short films about the escape of the Rocket.,0,2017-03-07T05:05:51Z,2017-03-07T05:05:51Z,,Ugjf09LhBq7SD3gCoAEC
wUn05hdkhjM,Marvel can you make a new video game called spider man and iron man vs the evilness of doom,Marvel can you make a new video game called spider man and iron man vs the evilness of doom,0,2017-03-07T00:34:21Z,2017-03-07T00:34:21Z,,Ugiup_FVv8l6f3gCoAEC
wUn05hdkhjM,YES!  They didn&#39;t use stupid looking CGI for Ego!  Well done!,YES!  They didn't use stupid looking CGI for Ego!  Well done!,0,2017-03-06T23:32:53Z,2017-03-06T23:32:53Z,,UggM_1NmqspV1ngCoAEC
wUn05hdkhjM,"I guess they aren&#39;t &quot;hooked on the feeling&quot; anymore, am I right?... I&#39;m sorry","I guess they aren't ""hooked on the feeling"" anymore, am I right?... I'm sorry",3,2017-03-06T14:39:36Z,2017-03-06T14:39:36Z,,UggV7D0_r_IEHHgCoAEC
wUn05hdkhjM,Rockets CGI looks really damn good.,Rockets CGI looks really damn good.,0,2017-03-05T16:14:14Z,2017-03-05T16:14:14Z,,UggFNU6AkUszO3gCoAEC
wUn05hdkhjM,"Hey Everyone, <br>Star Lord&#39;s Dad looks like Zeus to me!","Hey Everyone, 
Star Lord's Dad looks like Zeus to me!",0,2017-03-05T10:06:42Z,2017-03-05T10:06:42Z,,Ugil9ZjjtUyIxHgCoAEC
wUn05hdkhjM,"so hyped for this movie just from the soundtrack, live GOTG mixtape Vol 1","so hyped for this movie just from the soundtrack, live GOTG mixtape Vol 1",2,2017-03-05T01:54:05Z,2017-03-05T01:54:05Z,,UghPOO8h2pduA3gCoAEC
wUn05hdkhjM,The one I&#39;m more excited to see it&#39;s Nebula. I hope they give us more of the crazy sister-like relationship between her and Gamorra.,The one I'm more excited to see it's Nebula. I hope they give us more of the crazy sister-like relationship between her and Gamorra.,7,2017-03-05T00:08:16Z,2017-03-05T00:08:16Z,,UgiO4JIDMDItc3gCoAEC
wUn05hdkhjM,"The &quot;family; not friends&quot; thing really has a Fast and Furious vibe, in my opinion.","The ""family; not friends"" thing really has a Fast and Furious vibe, in my opinion.",0,2017-03-05T00:01:52Z,2017-03-05T00:01:52Z,,Ugivhy9Gx3mgdHgCoAEC
wUn05hdkhjM,It&#39;s not edit,It's not edit,0,2021-11-07T03:07:40Z,2021-11-07T03:07:40Z,UggB0oYmdfH0p3gCoAEC,UggB0oYmdfH0p3gCoAEC.8PhIECeL1yx9UQsoZHmnA7
wUn05hdkhjM,Most likely it was James Gunn himself considering he has a lot of input in the marketing and what music is used for trailers and the movie.,Most likely it was James Gunn himself considering he has a lot of input in the marketing and what music is used for trailers and the movie.,0,2021-10-14T04:58:31Z,2021-10-14T04:58:31Z,UggB0oYmdfH0p3gCoAEC,UggB0oYmdfH0p3gCoAEC.8PhIECeL1yx9TTHQWbuLDR
wUn05hdkhjM,jwhefihrejkfe wefhiwehfio ewufhuiwe,jwhefihrejkfe wefhiwehfio ewufhuiwe,0,2021-06-02T06:11:50Z,2021-06-02T06:11:50Z,UggB0oYmdfH0p3gCoAEC,UggB0oYmdfH0p3gCoAEC.8PhIECeL1yx9O4NIAAgx0l
wUn05hdkhjM,Ikr (ik I’m 4 years late but oh well) it shows nothing that’s going to happen in the film!,Ikr (ik I’m 4 years late but oh well) it shows nothing that’s going to happen in the film!,1,2021-04-25T20:45:23Z,2021-04-25T20:45:23Z,UggB0oYmdfH0p3gCoAEC,UggB0oYmdfH0p3gCoAEC.8PhIECeL1yx9M_530iofqU
wUn05hdkhjM,Thank fleetwood mac also for the chain... legendary song,Thank fleetwood mac also for the chain... legendary song,2,2021-04-21T09:19:43Z,2021-04-21T09:19:43Z,UggB0oYmdfH0p3gCoAEC,UggB0oYmdfH0p3gCoAEC.8PhIECeL1yx9MOZPXztz-w
wUn05hdkhjM,Just when you thought Amy Pond couldn&#39;t get any more sci-fi...or anymore fit,Just when you thought Amy Pond couldn't get any more sci-fi...or anymore fit,0,2017-03-04T18:17:53Z,2017-03-04T18:17:53Z,,UgjVxg9yzMHPwHgCoAEC
wUn05hdkhjM,"<a href=""http://www.youtube.com/watch?v=wUn05hdkhjM&amp;t=0m33s"">0:33</a> when D.C. admits defeat",0:33 when D.C. admits defeat,2,2017-03-04T16:32:59Z,2017-03-04T16:32:59Z,,Ugin-L-Y5zyv7XgCoAEC
wUn05hdkhjM,I like baby groot waving,I like baby groot waving,0,2017-03-04T14:08:47Z,2017-03-04T14:08:47Z,,UggAwM9lFc-iungCoAEC
wUn05hdkhjM,Marvel ❤,Marvel ❤,0,2017-03-04T14:04:15Z,2017-03-04T14:04:15Z,,UgglgqbDkyboXXgCoAEC
wUn05hdkhjM,i really wanna know which variant of the Chain this is. The violins at high tempo paired with the song really works.,i really wanna know which variant of the Chain this is. The violins at high tempo paired with the song really works.,0,2017-03-04T13:06:54Z,2017-03-04T13:06:54Z,,Ugg6BSowN-unXHgCoAEC
wUn05hdkhjM,Jokes and more jokes. Absolutely nothing at stake. Why should I even see it?,Jokes and more jokes. Absolutely nothing at stake. Why should I even see it?,0,2017-03-04T11:51:18Z,2017-03-04T11:51:18Z,,UgjHWmF8AWj963gCoAEC
wUn05hdkhjM,why is marvel calling this TRAILER 3 last time i check they had released a teaser trailer so where is TRAILER 1 &amp; 2,why is marvel calling this TRAILER 3 last time i check they had released a teaser trailer so where is TRAILER 1 & 2,0,2017-03-04T10:15:26Z,2017-03-04T10:15:26Z,,Ugil2Mdy5oVRIngCoAEC
wUn05hdkhjM,I love even more now with Fleetwood Mac &lt;3,I love even more now with Fleetwood Mac <3,0,2017-03-04T09:22:18Z,2017-03-04T09:22:18Z,,UgiGLBYt1UttD3gCoAEC
wUn05hdkhjM,"Hey Guys,<br><br>Did You see that clip from Avengers : Infinity War shooting. It showed Chris Pratt(Star-Lord) , Robert Downey Jr(Iron Man) and Tom Holland(Spider-Man). So I guess GUARDIANS OF THE GALAXY 2&#39;s Post Credit Scene Shows Iron Man and Spider-Man!(As a clip from Avengers:Infinity War!<br>","Hey Guys,

Did You see that clip from Avengers : Infinity War shooting. It showed Chris Pratt(Star-Lord) , Robert Downey Jr(Iron Man) and Tom Holland(Spider-Man). So I guess GUARDIANS OF THE GALAXY 2's Post Credit Scene Shows Iron Man and Spider-Man!(As a clip from Avengers:Infinity War!
",0,2017-03-04T08:59:48Z,2017-03-05T01:46:00Z,,UgjXyPhWJxIHW3gCoAEC
wUn05hdkhjM,Fleetwood Mac FTW,Fleetwood Mac FTW,0,2017-03-04T07:32:29Z,2017-03-04T07:32:29Z,,Uggl-zKfB1QisHgCoAEC
wUn05hdkhjM,Groot looks so sad in this trailer,Groot looks so sad in this trailer,0,2017-03-04T06:29:14Z,2017-03-04T06:29:14Z,,UghJBmqscBiVuHgCoAEC
wUn05hdkhjM,I think kids have go to see this movie . 2 years old,I think kids have go to see this movie . 2 years old,0,2017-03-04T06:24:18Z,2017-03-04T06:24:18Z,,UgipQFpa7VedsXgCoAEC
wUn05hdkhjM,I think I saw his dad before !,I think I saw his dad before !,0,2017-03-04T05:53:16Z,2017-03-04T05:53:16Z,,UgjwVoJQJhVRyHgCoAEC
wUn05hdkhjM,&quot;After all these years I&#39;ve found you&quot;<br>&quot;But who the heck are you?&quot;<br>&quot;I&#39;m your dad Peter!&quot;<br>- Ego and Peter Quill,"""After all these years I've found you""
""But who the heck are you?""
""I'm your dad Peter!""
- Ego and Peter Quill",0,2017-03-04T05:49:49Z,2017-03-04T05:49:49Z,,UggY2t-NUUpd93gCoAEC
wUn05hdkhjM,I just want Guardians versus Avengers... just for one &quot;get to know you&quot; fight scene. They can be friends afterwards. That is all I want.,"I just want Guardians versus Avengers... just for one ""get to know you"" fight scene. They can be friends afterwards. That is all I want.",0,2017-03-04T04:23:11Z,2017-03-04T04:23:11Z,,UgizRxRueBICpngCoAEC
wUn05hdkhjM,Just release the movie now 😡I can&#39;t wait anymore ☺️😕,Just release the movie now 😡I can't wait anymore ☺️😕,2,2017-03-04T04:19:40Z,2017-03-04T04:19:40Z,,Uggj0FxrHo_F6HgCoAEC
wUn05hdkhjM,whats the song groot starts,whats the song groot starts,0,2017-03-04T02:45:59Z,2017-03-04T02:45:59Z,,UghjthQuc6_6hXgCoAEC
wUn05hdkhjM,yee,yee,0,2017-03-04T02:30:31Z,2017-03-04T02:30:31Z,,UggrAxBYHCubMXgCoAEC
wUn05hdkhjM,the song is perfect,the song is perfect,0,2017-03-03T23:43:39Z,2017-03-03T23:43:39Z,,UggjNuGLRM3EfXgCoAEC
wUn05hdkhjM,I hate how people think Kurt Russell playing Peter&#39;s dad is a spoiler when they announced it over half a year ago lol,I hate how people think Kurt Russell playing Peter's dad is a spoiler when they announced it over half a year ago lol,0,2017-03-03T22:35:27Z,2017-03-03T22:35:27Z,,Ughw7dsJiGi6qXgCoAEC
wUn05hdkhjM,"You know, they told me you were conceited douchebags, but that isn&#39;t true at <i>all</i>.","You know, they told me you were conceited douchebags, but that isn't true at _all_.",0,2017-03-03T22:21:40Z,2017-03-03T22:21:40Z,,UggBhpPb0e_5o3gCoAEC
wUn05hdkhjM,"<a href=""http://www.youtube.com/watch?v=wUn05hdkhjM&amp;t=2m07s"">2:07</a> Ego! He&#39;s returning!",2:07 Ego! He's returning!,0,2017-03-03T20:53:14Z,2017-03-03T20:53:14Z,,Ugh7CkaxfXoZe3gCoAEC
wUn05hdkhjM,whats the song?,whats the song?,0,2017-03-03T19:50:33Z,2017-03-03T19:50:33Z,,UggmBAKnXezYCXgCoAEC
wUn05hdkhjM,groot looks like sackboy from little big planet.,groot looks like sackboy from little big planet.,0,2017-03-03T19:06:45Z,2017-03-03T19:06:45Z,,UggJuP6_KPFzq3gCoAEC
wUn05hdkhjM,what is the song,what is the song,0,2017-03-03T17:27:48Z,2017-03-03T17:27:48Z,,UggHKZ5CJk3nUngCoAEC
wUn05hdkhjM,"<a href=""http://www.youtube.com/watch?v=wUn05hdkhjM&amp;t=1m25s"">1:25</a> When you&#39;re in deep shit but your friend still wants to hang out.",1:25 When you're in deep shit but your friend still wants to hang out.,1,2017-03-03T17:27:39Z,2017-03-03T17:27:39Z,,UghX9zSkse1R03gCoAEC
wUn05hdkhjM,&quot; DIE ! Spaceship ! &quot; :D,""" DIE ! Spaceship ! "" :D",0,2017-03-03T17:25:38Z,2017-03-03T17:25:38Z,,UggF0OekyLzfUXgCoAEC
wUn05hdkhjM,"Awesome! The only enjoyable movie series from Marvel Studios, IMO.","Awesome! The only enjoyable movie series from Marvel Studios, IMO.",0,2017-03-03T09:13:04Z,2017-03-03T09:13:04Z,,Ugh3Oi0q-S_2ZngCoAEC
wUn05hdkhjM,Best visual effects ever??,Best visual effects ever??,0,2017-03-03T09:05:53Z,2017-03-03T09:05:53Z,,Ugjp6QxlQkPT83gCoAEC
wUn05hdkhjM,THE CHAIN THO,THE CHAIN THO,0,2017-03-03T08:19:07Z,2017-03-03T08:19:07Z,,UgjVFX2pAcJ2XngCoAEC
wUn05hdkhjM,My gosh marvel! You pulled of a Batman v Superman at the end,My gosh marvel! You pulled of a Batman v Superman at the end,1,2017-03-03T07:40:54Z,2017-03-03T07:40:54Z,,Ugg0HlHj6SAolHgCoAEC
wUn05hdkhjM,"so technically, Peter&#39;s mother was f**ked by a planet....","so technically, Peter's mother was f**ked by a planet....",0,2017-03-03T06:45:10Z,2017-03-03T06:45:10Z,,Ugi_XDfOc2wnlHgCoAEC
wUn05hdkhjM,THE HYPE IS REAL,THE HYPE IS REAL,0,2017-03-03T05:35:47Z,2017-03-03T05:35:47Z,,Ugi2i22A7GKGY3gCoAEC
wUn05hdkhjM,"<a href=""http://www.youtube.com/watch?v=wUn05hdkhjM&amp;t=1m28s"">1:28</a> star-lord straight dumping on someone. sick AF",1:28 star-lord straight dumping on someone. sick AF,0,2017-03-03T04:10:33Z,2017-03-03T04:10:33Z,,UgjQ0bHLH1kuO3gCoAEC
wUn05hdkhjM,"So, are the golden guys supposed to be the Church of Universal Truth?","So, are the golden guys supposed to be the Church of Universal Truth?",0,2017-03-03T03:35:30Z,2017-03-03T03:35:30Z,,UggpbyamQoG1BHgCoAEC
wUn05hdkhjM,Why can&#39;t D.C. Make a green lantern corp movie this good.,Why can't D.C. Make a green lantern corp movie this good.,0,2017-03-03T02:48:18Z,2017-03-03T02:48:18Z,,Uggq3ecdyEh-T3gCoAEC
wUn05hdkhjM,I&#39;m kinda hoping we get some kind of Thing easter egg now,I'm kinda hoping we get some kind of Thing easter egg now,0,2017-03-03T01:55:46Z,2017-03-03T01:55:46Z,,UgiGpzYh1qer73gCoAEC
wUn05hdkhjM,What did nebula yell out when she was in the Milano? It sounded an awful lot like &quot;PHINEAS!&quot;,"What did nebula yell out when she was in the Milano? It sounded an awful lot like ""PHINEAS!""",0,2017-03-03T01:46:59Z,2017-03-03T01:46:59Z,,Ugi-Azl9NOepQngCoAEC
wUn05hdkhjM,"im was expecting it to be a thanos -ish movie, turns out im wrong.","im was expecting it to be a thanos -ish movie, turns out im wrong.",0,2017-03-03T01:24:17Z,2017-03-03T01:24:17Z,,Ugjm7MhFqgNkAHgCoAEC
wUn05hdkhjM,"im was expecting it to be a thanos -ish movie, turns out im wrong.","im was expecting it to be a thanos -ish movie, turns out im wrong.",0,2017-03-03T01:24:01Z,2017-03-03T01:24:01Z,,UghSiC_Sq7jY6ngCoAEC
wUn05hdkhjM,KURT RUSSELL IS EGO!!! I will be very disappointed if we don&#39;t see him as a planet in the movie. VERY DISAPPOINTED.,KURT RUSSELL IS EGO!!! I will be very disappointed if we don't see him as a planet in the movie. VERY DISAPPOINTED.,0,2017-03-03T01:19:47Z,2017-03-03T01:19:47Z,,UgiqCNVzsD09bngCoAEC
wUn05hdkhjM,FLEETWOOD MAC!,FLEETWOOD MAC!,0,2017-03-03T01:18:56Z,2017-03-03T01:18:56Z,,UgizM93tNPYkWXgCoAEC
wUn05hdkhjM,Song?????,Song?????,0,2017-03-03T01:12:08Z,2017-03-03T01:12:08Z,,UgjAMYFDfEZI03gCoAEC
wUn05hdkhjM,Suicide Squad SUCK!!!<br>Guardians of the Galaxy RULES!!!!!!!!!!!!!,"Suicide Squad SUCK!!!
Guardians of the Galaxy RULES!!!!!!!!!!!!!",1,2017-03-03T01:09:12Z,2017-03-03T01:09:12Z,,UghYsrlzM4WMfXgCoAEC
wUn05hdkhjM,What&#39;s the name of the song?,What's the name of the song?,0,2017-03-03T00:56:58Z,2017-03-03T00:56:58Z,,UghLduxG6xIJoXgCoAEC
wUn05hdkhjM,This advertisement is fracking awesome,This advertisement is fracking awesome,0,2017-03-03T00:40:41Z,2017-03-03T00:40:41Z,,UgidTq7gSShIDngCoAEC
wUn05hdkhjM,ok first there was this song and this version is AWESOME!!!,ok first there was this song and this version is AWESOME!!!,0,2017-03-03T00:33:28Z,2017-03-03T00:33:28Z,,UghzOZ6y0SnnFXgCoAEC
wUn05hdkhjM,"NONONONONONONOOOOOOOOOOOOOOOOOOOOOOOOOOOOOOOOOOOOOOOOOOOOOOOOOOOOO<br>Why did marvel have to include &quot;I&#39;m your dad, peter&quot;!?!? They should have left off of &quot;Who the hell are you&quot; then show him so people ACTUALLY WATCH THE MOVIE!!! Marvel, don&#39;t get me wrong, I LOVE you guys, you are my life. But maybe take some classes on trailer making? And I swear, if one of those &quot;trailer analysis&quot; channels put that &quot;Star Lord&#39;s DAD was on the trailer&quot; sort of thing on their &quot;Top 8 things missed in the NEW Guardians of the Galaxy trailer&quot; I&#39;m going to lose it.","NONONONONONONOOOOOOOOOOOOOOOOOOOOOOOOOOOOOOOOOOOOOOOOOOOOOOOOOOOOO
Why did marvel have to include ""I'm your dad, peter""!?!? They should have left off of ""Who the hell are you"" then show him so people ACTUALLY WATCH THE MOVIE!!! Marvel, don't get me wrong, I LOVE you guys, you are my life. But maybe take some classes on trailer making? And I swear, if one of those ""trailer analysis"" channels put that ""Star Lord's DAD was on the trailer"" sort of thing on their ""Top 8 things missed in the NEW Guardians of the Galaxy trailer"" I'm going to lose it.",1,2017-03-03T00:06:58Z,2017-03-03T00:07:46Z,,UgjWfpvSmKTSwngCoAEC
wUn05hdkhjM,A group of misfits who have saved the Galaxy and have become the most popular in the Marvel Cinematic Universe. Thanks to James Gunn and this awsome Cast !!!!,A group of misfits who have saved the Galaxy and have become the most popular in the Marvel Cinematic Universe. Thanks to James Gunn and this awsome Cast !!!!,1,2017-03-02T23:50:38Z,2017-03-02T23:50:38Z,,UgiUmNjIADa5QHgCoAEC
wUn05hdkhjM,"Yondu has finally got his Mohawk back! Great trailer as well, Love Fleetwood Mac.","Yondu has finally got his Mohawk back! Great trailer as well, Love Fleetwood Mac.",1,2017-03-02T22:52:02Z,2017-03-02T22:52:02Z,,UgjVZya7vxmRBHgCoAEC
wUn05hdkhjM,Very.. very.. can&#39;t wait hhh,Very.. very.. can't wait hhh,0,2017-03-02T22:51:25Z,2017-03-02T22:51:25Z,,UghTtn39gBc1FHgCoAEC
wUn05hdkhjM,So damn excited for this!!,So damn excited for this!!,1,2017-03-02T22:31:32Z,2017-03-02T22:31:32Z,,Ugik_Nze5c6RE3gCoAEC
wUn05hdkhjM,"I&#39;m your dad, dear...","I'm your dad, dear...",0,2017-03-02T22:31:02Z,2017-03-02T22:31:02Z,,UgijCIL_UhKEongCoAEC
wUn05hdkhjM,Are You Sure About That,Are You Sure About That,0,2017-03-02T22:24:53Z,2017-03-02T22:24:53Z,,UgjgyN6TINBM5XgCoAEC
wUn05hdkhjM,Who plays Starlord&#39;s dad?,Who plays Starlord's dad?,0,2017-03-02T22:24:26Z,2017-03-02T22:24:26Z,,UgjF1hxiUDQC4XgCoAEC
wUn05hdkhjM,I only have this to say:  Shut up and take my money,I only have this to say:  Shut up and take my money,1,2017-03-02T22:22:43Z,2017-03-02T22:22:43Z,,UgjlGwbvOfAWqHgCoAEC
wUn05hdkhjM,i love baby groot :&quot;D,"i love baby groot :""D",0,2017-03-02T22:15:52Z,2017-03-02T22:15:52Z,,UghTqrh10qHxRXgCoAEC
wUn05hdkhjM,I wish Gamora was my partner,I wish Gamora was my partner,0,2017-03-02T22:02:48Z,2017-03-02T22:02:48Z,,UghYD5o07KrYcngCoAEC
wUn05hdkhjM,Logan was awesome.,Logan was awesome.,0,2017-03-02T21:08:49Z,2017-03-02T21:08:49Z,,UggwUBt3SgP19XgCoAEC
wUn05hdkhjM,What&#39;s the name of the soundtrack? I&#39;m loving it,What's the name of the soundtrack? I'm loving it,0,2017-03-02T20:50:01Z,2017-03-02T20:50:01Z,,UggTsMUawaRw03gCoAEC
wUn05hdkhjM,what is the name of this song?,what is the name of this song?,0,2017-03-02T20:24:35Z,2017-03-02T20:24:35Z,,Ugho6ZX_QlSoZngCoAEC
wUn05hdkhjM,...........Wow.,...........Wow.,0,2017-03-02T20:22:20Z,2017-03-02T20:22:20Z,,Ugg_GIcLaI_EoXgCoAEC
wUn05hdkhjM,"love the song, and the whole soundtrack very soon! Super excited!","love the song, and the whole soundtrack very soon! Super excited!",1,2017-03-02T19:54:59Z,2017-03-02T19:54:59Z,,UghtuPZSCi872XgCoAEC
wUn05hdkhjM,"THIS IS GAMORA. SHE&#39;S GOT MY BACK. I&#39;D ADVISE NOT GETTING KILLED BY HER, HER SWORD TRAPS THE SOULS OF ITS VICTIMS.","THIS IS GAMORA. SHE'S GOT MY BACK. I'D ADVISE NOT GETTING KILLED BY HER, HER SWORD TRAPS THE SOULS OF ITS VICTIMS.",11,2017-03-02T18:53:21Z,2017-03-02T18:53:21Z,,Ugh6dd16VBF5MXgCoAEC
wUn05hdkhjM,:0,:0,0,2017-03-02T18:38:41Z,2017-03-02T18:38:41Z,,UgjgJBSkR_n_lHgCoAEC
wUn05hdkhjM,Looks awesome!,Looks awesome!,0,2017-03-02T18:28:52Z,2017-03-02T18:28:52Z,,UghPNRnwuMKn3XgCoAEC
wUn05hdkhjM,Ego had better turn out to be a bearded planet!,Ego had better turn out to be a bearded planet!,0,2017-03-02T18:21:26Z,2017-03-02T18:21:26Z,,Uggst-6a_eu9PHgCoAEC
wUn05hdkhjM,I loved playing that old school electronic football game as a kid.,I loved playing that old school electronic football game as a kid.,0,2017-03-02T18:01:30Z,2017-03-02T18:01:30Z,,Ugi1LgbkDGb7C3gCoAEC
wUn05hdkhjM,Heh pretty good comment.,Heh pretty good comment.,0,2017-03-05T02:16:53Z,2017-03-05T02:16:53Z,Uggh-T4QNhZwVXgCoAEC,Uggh-T4QNhZwVXgCoAEC.8PbkDwq4hSr8PhpHAo2H0l
wUn05hdkhjM,"firstly,  if marvel is so much better then dc why do u still give all your attention to Dc u just sound insecure about marvel. yes marvel might better movies but remember marvel had crap movies at the start to. Also dc has Oscars  and other things to be proud of like marvel is proud of its movies. Remember dc started comic book superheros. I don&#39;t why stupid people  like u can&#39;t understand why both are great. Instead u sit behind a computer and behave like a twelve year old.","firstly,  if marvel is so much better then dc why do u still give all your attention to Dc u just sound insecure about marvel. yes marvel might better movies but remember marvel had crap movies at the start to. Also dc has Oscars  and other things to be proud of like marvel is proud of its movies. Remember dc started comic book superheros. I don't why stupid people  like u can't understand why both are great. Instead u sit behind a computer and behave like a twelve year old.",1,2017-03-05T02:15:06Z,2017-03-05T02:15:06Z,Uggh-T4QNhZwVXgCoAEC,Uggh-T4QNhZwVXgCoAEC.8PbkDwq4hSr8Php44W9SeZ
wUn05hdkhjM,"at <a href=""http://www.youtube.com/watch?v=wUn05hdkhjM&amp;t=1m58s"">1:58</a> , you realise that Nebula is actually thrice as tall as Rocket.<br>skadoosh!","at 1:58 , you realise that Nebula is actually thrice as tall as Rocket.
skadoosh!",0,2017-03-02T17:35:21Z,2017-03-02T17:35:21Z,,Uggl4ZN72UhIzXgCoAEC
wUn05hdkhjM,"62 DC fans , dislike and cry somewhere","62 DC fans , dislike and cry somewhere",0,2017-03-02T17:13:55Z,2017-03-02T17:13:55Z,,UgilBPAS1nM7MHgCoAEC
wUn05hdkhjM,baby grooooottttt!!!,baby grooooottttt!!!,0,2017-03-02T17:13:12Z,2017-03-02T17:13:12Z,,UgjdmB5r0-OueHgCoAEC
wUn05hdkhjM,So damn late...,So damn late...,0,2017-03-02T17:10:15Z,2017-03-02T17:10:15Z,,UgjZlI-DYxTy4HgCoAEC
wUn05hdkhjM,watch it for baby groot,watch it for baby groot,1,2017-03-02T17:04:30Z,2017-03-02T17:04:30Z,,UgicWTv8e1SsQXgCoAEC
wUn05hdkhjM,We want wolverine in the avengers,We want wolverine in the avengers,1,2017-03-02T16:59:39Z,2017-03-02T16:59:39Z,,UghaFBBdx1AahngCoAEC
wUn05hdkhjM,I can totally picture Yondu killing an entire army while doing the Kill Bill whistle.,I can totally picture Yondu killing an entire army while doing the Kill Bill whistle.,0,2017-03-02T16:55:56Z,2017-03-02T16:55:56Z,,UgjYH8Ts9XrZwHgCoAEC
wUn05hdkhjM,When the music started you started dancing no don&#39;t lie you did,When the music started you started dancing no don't lie you did,0,2017-03-02T16:48:07Z,2017-03-02T16:48:07Z,,UggxVHb0INZR1HgCoAEC
wUn05hdkhjM,"Con Siomos Here&#39;s sonething: I love DC. I grew up with DC more than I did with Marvel, but with how the DCEU is being handled, it&#39;s not going to last. It tries way too hard to catch up to Marvel, even though the MCU has had a 5 year head start.","Con Siomos Here's sonething: I love DC. I grew up with DC more than I did with Marvel, but with how the DCEU is being handled, it's not going to last. It tries way too hard to catch up to Marvel, even though the MCU has had a 5 year head start.",1,2017-03-03T13:54:36Z,2017-03-03T13:54:36Z,UgiTlfmX6oNnZngCoAEC,UgiTlfmX6oNnZngCoAEC.8PbeOgKR3hv8PdvXdqdpgk
wUn05hdkhjM,"Soy el comentario , en español que buscabas :v<br><br>QUE TENGAS BUEN DIA ,TARDES NOCHES :D","Soy el comentario , en español que buscabas :v

QUE TENGAS BUEN DIA ,TARDES NOCHES :D",0,2017-03-02T16:46:04Z,2017-03-02T16:46:04Z,,Uggnc_63v-snO3gCoAEC
wUn05hdkhjM,This movie will be promising and fun in every sense of the word! :D,This movie will be promising and fun in every sense of the word! :D,0,2017-03-02T16:31:47Z,2017-03-02T16:31:47Z,,UggmEGAE50PxaXgCoAEC
wUn05hdkhjM,"he should have said &quot;PETER, I AM YOUR FATHER&quot;","he should have said ""PETER, I AM YOUR FATHER""",0,2017-03-02T16:24:06Z,2017-03-02T16:24:06Z,,UgicRYrte2_8U3gCoAEC
wUn05hdkhjM,superb!,superb!,0,2017-03-02T16:07:18Z,2017-03-02T16:07:18Z,,UgjkT39gGjCdsXgCoAEC
wUn05hdkhjM,remember Flash Gordon,remember Flash Gordon,0,2017-03-02T16:05:48Z,2017-03-02T16:05:48Z,,Uggp_-dDNvOsOngCoAEC
wUn05hdkhjM,3 guardians trailers but not one thor trailer,3 guardians trailers but not one thor trailer,0,2017-03-02T15:58:38Z,2017-03-02T15:58:38Z,,UgjE6kOdHKOyengCoAEC
wUn05hdkhjM,What&#39;s the name of this music!?,What's the name of this music!?,0,2017-03-02T15:57:33Z,2017-03-02T15:57:33Z,,UghJ3ZHYCJEcnngCoAEC
wUn05hdkhjM,"Peter, I am your father","Peter, I am your father",0,2017-03-02T15:51:43Z,2017-03-02T15:51:43Z,,Ugh0SeZhmjc_1ngCoAEC
wUn05hdkhjM,looks amazing,looks amazing,0,2017-03-02T15:40:33Z,2017-03-02T15:40:33Z,,UghjX1w_LdOiCXgCoAEC
wUn05hdkhjM,Dude.. Flynn&#39;s dad is Kurt Russell!,Dude.. Flynn's dad is Kurt Russell!,0,2017-03-02T15:38:28Z,2017-03-02T15:38:28Z,,UghSb-ptwIbLcngCoAEC
wUn05hdkhjM,"<a href=""http://www.youtube.com/watch?v=wUn05hdkhjM&amp;t=1m29s"">1:29</a> same reaction of mine after watching this trailer..😎😎",1:29 same reaction of mine after watching this trailer..😎😎,0,2017-03-02T15:37:40Z,2017-03-02T15:37:40Z,,UgjXRUeM0MAN7HgCoAEC
wUn05hdkhjM,"Watch out!!!<br>Leaked &#39;spoiler&#39; at <a href=""http://www.youtube.com/watch?v=wUn05hdkhjM&amp;t=2m08s"">2:08</a>!<br><br>What.. I tried to warn you.","Watch out!!!
Leaked 'spoiler' at 2:08!

What.. I tried to warn you.",0,2017-03-02T15:30:31Z,2017-03-02T15:30:31Z,,UgjlR_0Zj2Rl8XgCoAEC
wUn05hdkhjM,So the villains are basically the Nazis,So the villains are basically the Nazis,0,2017-03-02T15:28:40Z,2017-03-02T15:28:40Z,,UghEKUGe5u3jZ3gCoAEC
wUn05hdkhjM,",Show time&quot;<br>&quot;.A-holes",",Show time""
"".A-holes",0,2017-03-02T15:26:28Z,2017-03-02T15:26:28Z,,UgjGxDo4wECSNngCoAEC
wUn05hdkhjM,Did anyone realize the machine Star lord is using to track the monster in the beginning is a retro portable football game remember from back then,Did anyone realize the machine Star lord is using to track the monster in the beginning is a retro portable football game remember from back then,0,2017-03-02T15:20:52Z,2017-03-02T15:20:52Z,,Ugj8dtbbN9VPgngCoAEC
wUn05hdkhjM,EPIC AND GORGEUS XD,EPIC AND GORGEUS XD,0,2017-03-02T15:19:41Z,2017-03-02T15:19:41Z,,Ugi-v4GFgyzewngCoAEC
wUn05hdkhjM,"Evil laugh at <a href=""http://www.youtube.com/watch?v=wUn05hdkhjM&amp;t=0m18s"">0:18</a>? MAGUS?",Evil laugh at 0:18? MAGUS?,0,2017-03-02T15:18:38Z,2017-03-02T15:18:38Z,,UggY8C5uQjR51HgCoAEC
wUn05hdkhjM,THIS IS GUNNA BE AMAZING,THIS IS GUNNA BE AMAZING,0,2017-03-02T15:17:29Z,2017-03-02T15:17:29Z,,UggUuyEIIfqKk3gCoAEC
wUn05hdkhjM,"A:Oh!family family family,really?<br>B:okok, then family.","A:Oh!family family family,really?
B:okok, then family.",0,2017-03-02T15:17:29Z,2017-03-02T15:17:29Z,,UgiKxYYc59jUS3gCoAEC
wUn05hdkhjM,Those came from DC Fanboys.,Those came from DC Fanboys.,0,2017-03-02T16:21:16Z,2017-03-02T16:21:16Z,Ugi7b5pekcy1RngCoAEC,Ugi7b5pekcy1RngCoAEC.8PbV4tA5cHG8PbbWwuCwCn
wUn05hdkhjM,VAI SER MT LOKO,VAI SER MT LOKO,0,2017-03-02T15:04:28Z,2017-03-02T15:04:28Z,,UgjxZRz743wuzHgCoAEC
wUn05hdkhjM,:D,:D,0,2017-03-02T15:02:41Z,2017-03-02T15:02:41Z,,UgjH9WxFrJdd83gCoAEC
wUn05hdkhjM,"Awesome, now where do I spend all my money on merchandise?","Awesome, now where do I spend all my money on merchandise?",0,2017-03-02T15:02:26Z,2017-03-02T15:02:26Z,,UggCBem9ljdYF3gCoAEC
wUn05hdkhjM,"New hero girl!!! <a href=""https://www.instagram.com/p/BRGVN8mgksV/"">https://www.instagram.com/p/BRGVN8mgksV/</a>",New hero girl!!! https://www.instagram.com/p/BRGVN8mgksV/,0,2017-03-02T15:02:19Z,2017-03-02T15:02:19Z,,UggX5E5-IkwdeHgCoAEC
wUn05hdkhjM,Thumbnail: Guardians of the Galaxy Vo&#39;,Thumbnail: Guardians of the Galaxy Vo',0,2017-03-02T14:55:49Z,2017-03-02T14:57:31Z,,UgiGI8EbZWgUnngCoAEC
wUn05hdkhjM,Who is on the hype train right freakin now?,Who is on the hype train right freakin now?,0,2017-03-02T14:50:51Z,2017-03-02T14:51:03Z,,UghtOdLiMq9vungCoAEC
wUn05hdkhjM,What is the song,What is the song,0,2017-03-02T14:44:53Z,2017-03-02T14:44:53Z,,Uggv0j-WIE1f3HgCoAEC
wUn05hdkhjM,está genial la  peli,está genial la  peli,0,2017-03-02T14:43:25Z,2017-03-02T14:43:49Z,,Ugh2WUqghbvVbngCoAEC
wUn05hdkhjM,better then the first ones but to much spoilers,better then the first ones but to much spoilers,0,2017-03-02T14:42:16Z,2017-03-02T14:42:16Z,,UghrhHpr54ygvXgCoAEC
wUn05hdkhjM,What&#39;s this music?,What's this music?,0,2017-03-02T14:42:16Z,2017-03-02T14:42:16Z,,UghauzmZzFEvb3gCoAEC
wUn05hdkhjM,Where do i pre-order tickets?,Where do i pre-order tickets?,0,2017-03-02T14:40:34Z,2017-03-02T14:40:34Z,,UgiQDenzZfoLK3gCoAEC
wUn05hdkhjM,I love how groot is just like &quot;hi gamora!! Hi hi hi!&quot;<br>And she&#39;s like &quot;Hi&quot; but she&#39;s thinking &quot;I&#39;m a bit busy right now&quot;,"I love how groot is just like ""hi gamora!! Hi hi hi!""
And she's like ""Hi"" but she's thinking ""I'm a bit busy right now""",11,2017-03-02T14:38:35Z,2017-03-02T14:38:35Z,,UgjkCPIt_kbhN3gCoAEC
wUn05hdkhjM,"And then there&#39;s me, who&#39;s parents won&#39;t just up and let me watch the first one!!! (Sigh)","And then there's me, who's parents won't just up and let me watch the first one!!! (Sigh)",0,2017-03-02T14:37:03Z,2017-03-02T14:37:03Z,,UgivrKOAElG0-HgCoAEC
wUn05hdkhjM,I thought I see the meteor struck on mantis again,I thought I see the meteor struck on mantis again,0,2017-03-02T14:36:12Z,2017-03-02T14:36:12Z,,UgjI1BXvofcMU3gCoAEC
wUn05hdkhjM,"Kurt put a bit of John Wayne in his voice again! &quot;I&#39;m your <b>dad</b>, pilgrim.&quot;","Kurt put a bit of John Wayne in his voice again! ""I'm your *dad*, pilgrim.""",0,2017-03-02T14:35:20Z,2017-03-02T14:35:20Z,,UggziHc8LzAN53gCoAEC
wUn05hdkhjM,am i the only one who thought about the &#39;&#39;am your space dad&#39;&#39;from megamind XD,am i the only one who thought about the ''am your space dad''from megamind XD,0,2017-03-02T14:32:41Z,2017-03-02T14:32:41Z,,UgidGsg2gIrVy3gCoAEC
wUn05hdkhjM,Nathan Drake... That 2-Bit Sone of a Thief,Nathan Drake... That 2-Bit Sone of a Thief,0,2017-03-02T14:31:24Z,2017-03-02T14:31:24Z,,UgjZV07R7KkXwXgCoAEC
wUn05hdkhjM,..... what&#39;s the name of this song?,..... what's the name of this song?,0,2017-03-02T14:31:17Z,2017-03-02T14:31:17Z,,UghnmrMfVbvAcngCoAEC
wUn05hdkhjM,Soundtrack is going PLATINUM again for sure!! Classic Fleetwood Mac! 😭🙌🏽,Soundtrack is going PLATINUM again for sure!! Classic Fleetwood Mac! 😭🙌🏽,0,2017-03-02T14:28:49Z,2017-03-02T14:28:49Z,,UgirpfIYARAq6ngCoAEC
wUn05hdkhjM,DIE SPACESHIP!!,DIE SPACESHIP!!,0,2017-03-02T14:28:05Z,2017-03-02T14:28:05Z,,UgjIPVpC8i8csXgCoAEC
wUn05hdkhjM,LOGAN IS THE BEST!,LOGAN IS THE BEST!,0,2017-03-02T14:27:53Z,2017-03-02T14:27:53Z,,Ugh5gNSX3x2AgngCoAEC
wUn05hdkhjM,Yesssssssssss!!! Baby Groot is adorable!! 😍😍,Yesssssssssss!!! Baby Groot is adorable!! 😍😍,0,2017-03-02T14:26:04Z,2017-03-02T14:26:04Z,,UggaAyu7GijezXgCoAEC
wUn05hdkhjM,"<a href=""http://www.youtube.com/watch?v=wUn05hdkhjM&amp;t=2m16s"">2:16</a> alternate scene<br>star lord:noooo,that&#39;s not truee,that&#39;s impossiblee<br>ego:search your feelings you know it to be true<br>star lord:nooooooooo","2:16 alternate scene
star lord:noooo,that's not truee,that's impossiblee
ego:search your feelings you know it to be true
star lord:nooooooooo",7,2017-03-02T14:24:04Z,2017-03-02T14:24:04Z,,UgjbdUUd-ZNvMHgCoAEC
wUn05hdkhjM,which music did you use in this trailer,which music did you use in this trailer,0,2017-03-02T14:20:23Z,2017-03-02T14:20:23Z,,UghzF_L6lIEmJngCoAEC
wUn05hdkhjM,Kick ass trailer guardians   back better than ever,Kick ass trailer guardians   back better than ever,0,2017-03-02T14:14:35Z,2017-03-02T14:14:35Z,,UgjGA7LhSa_l63gCoAEC
wUn05hdkhjM,what was it that Drax says right after saying &quot;family.&quot;,"what was it that Drax says right after saying ""family.""",0,2017-03-02T14:11:26Z,2017-03-02T14:11:26Z,,Ugjl41l5982VangCoAEC
wUn05hdkhjM,"Yes, we&#39;re saving the galaxy again.","Yes, we're saving the galaxy again.",1,2017-03-02T14:08:24Z,2017-03-02T14:08:24Z,,UghFkC25oDXmW3gCoAEC
wUn05hdkhjM,MOVIE OF THE YEAR &lt;3,MOVIE OF THE YEAR <3,1,2017-03-02T14:07:42Z,2017-03-02T14:07:42Z,,Ught9Cy0xic2QXgCoAEC
wUn05hdkhjM,That moment when your late,That moment when your late,0,2017-03-02T14:07:17Z,2017-03-02T14:07:17Z,,UgjDwMnnlt87hHgCoAEC
wUn05hdkhjM,Thank you and God bless,Thank you and God bless,0,2017-03-02T14:03:27Z,2017-03-02T14:03:27Z,,UggjceWlm_29GXgCoAEC
wUn05hdkhjM,Hi,Hi,0,2017-03-02T13:59:47Z,2017-03-02T13:59:47Z,,Ugj9ei1IpoMJLXgCoAEC
wUn05hdkhjM,1. I like typing with CAPS LOCK ON<br>2. no words<br>3. My mistake<br>4. I heard that they will realesed a new trailer OF SPIDER-MAN HOMECOMING. But i was wrong,"1. I like typing with CAPS LOCK ON
2. no words
3. My mistake
4. I heard that they will realesed a new trailer OF SPIDER-MAN HOMECOMING. But i was wrong",0,2017-03-05T12:37:04Z,2017-03-05T12:37:04Z,UgjHKXqMC3PoCHgCoAEC,UgjHKXqMC3PoCHgCoAEC.8PbMBUwYXiY8PiwFUNyvBW
wUn05hdkhjM,What math do you see?,What math do you see?,0,2017-03-03T12:33:52Z,2017-03-03T12:33:52Z,UgjHKXqMC3PoCHgCoAEC,UgjHKXqMC3PoCHgCoAEC.8PbMBUwYXiY8PdmIHbqXbE
wUn05hdkhjM,"1. You&#39;re caps lock key is stuck.<br>2. *Spider-Man<br>3. Your statement is primarily a question, so the question mark goes before the exclamation point.<br>4. Obviously not here.","1. You're caps lock key is stuck.
2. *Spider-Man
3. Your statement is primarily a question, so the question mark goes before the exclamation point.
4. Obviously not here.",0,2017-03-02T23:54:22Z,2017-03-02T23:54:22Z,UgjHKXqMC3PoCHgCoAEC,UgjHKXqMC3PoCHgCoAEC.8PbMBUwYXiY8PcQNVOKGWC
wUn05hdkhjM,"&quot;You are not friends&quot;<br><br>&quot;No, we are family&quot;<br><br>That makes me cry.","""You are not friends""

""No, we are family""

That makes me cry.",22,2017-03-02T13:56:03Z,2017-03-02T13:56:03Z,,Ugj8ks-T53pp8ngCoAEC
wUn05hdkhjM,"which song it is from <a href=""http://www.youtube.com/watch?v=wUn05hdkhjM&amp;t=0m48s"">0:48</a>",which song it is from 0:48,0,2017-03-02T13:55:14Z,2017-03-02T13:55:14Z,,UgipSqDCcZUaHHgCoAEC
wUn05hdkhjM,Okay Marvel that last bit didn&#39;t need to be there. It would have been so much better to find out Starlord has a dad while watching the movie. You just gave a big spoiler to viewers with less knowledge of the comics. It would pay off more to see it on the bigscreen but no you went ahead and pulled a Terminator Genesis and look at that ended.,Okay Marvel that last bit didn't need to be there. It would have been so much better to find out Starlord has a dad while watching the movie. You just gave a big spoiler to viewers with less knowledge of the comics. It would pay off more to see it on the bigscreen but no you went ahead and pulled a Terminator Genesis and look at that ended.,0,2017-03-02T13:50:57Z,2017-03-02T13:50:57Z,,UgjVA-jUWj3bOngCoAEC
wUn05hdkhjM,"<a href=""http://www.youtube.com/watch?v=wUn05hdkhjM&amp;t=0m50s"">0:50</a> is Groot eating M&amp;Ms?",0:50 is Groot eating M&Ms?,1,2017-03-02T13:50:15Z,2017-03-02T13:50:15Z,,UgjehYnkjMHCQXgCoAEC
wUn05hdkhjM,"Supposedly an official video, but no closed captions? Just the auto-generated rubbish? Come on, why do you hate deaf people so much?","Supposedly an official video, but no closed captions? Just the auto-generated rubbish? Come on, why do you hate deaf people so much?",0,2017-03-02T13:48:47Z,2017-03-02T13:48:47Z,,Ugi1shE9OT5T73gCoAEC
wUn05hdkhjM,is this gonna be good,is this gonna be good,0,2017-03-02T13:48:06Z,2017-03-02T13:48:06Z,,UgjQwj-flNypyXgCoAEC
wUn05hdkhjM,WELCOME TO FREAKING GUARDIAN OF THE GALAXY,WELCOME TO FREAKING GUARDIAN OF THE GALAXY,0,2017-03-02T13:39:19Z,2017-03-02T13:39:19Z,,UgjvkMKExkKmwngCoAEC
wUn05hdkhjM,WOOW!!!,WOOW!!!,0,2017-03-02T13:33:34Z,2017-03-02T13:33:34Z,,UgjknhyFmXQiaXgCoAEC
wUn05hdkhjM,I love Marval Hero&#39;s,I love Marval Hero's,0,2017-03-02T13:31:19Z,2017-03-02T13:31:19Z,,UgijOG5bK4_FnHgCoAEC
wUn05hdkhjM,"Basically, a Farscape movie","Basically, a Farscape movie",0,2017-03-02T13:29:52Z,2017-03-02T13:29:52Z,,UgiSv1G5qRVa2ngCoAEC
wUn05hdkhjM,DIE SPACESHIP!!! lol,DIE SPACESHIP!!! lol,0,2017-03-02T13:28:05Z,2017-03-02T13:28:05Z,,Ugj0-Bs8VPdRangCoAEC
wUn05hdkhjM,DC Suicide Squad should be really jealous... Wait they won an Oscar never mine,DC Suicide Squad should be really jealous... Wait they won an Oscar never mine,0,2017-03-02T13:27:43Z,2017-03-02T13:27:43Z,,Ugjv95nyZcQq1XgCoAEC
wUn05hdkhjM,<b>&quot;And Who The Hell Are You&quot;</b><br><b>&quot;I&#39;m Your Father Luke... I Mean I&#39;m Your Dad Peter&quot;</b>,"*""And Who The Hell Are You""*
*""I'm Your Father Luke... I Mean I'm Your Dad Peter""*",7,2017-03-02T13:25:45Z,2017-03-02T13:25:45Z,,UgiRWyyyqJ7vGXgCoAEC
wUn05hdkhjM,AWESOME,AWESOME,0,2017-03-02T13:24:49Z,2017-03-02T13:24:49Z,,Ugh7ZU5PHRiPmngCoAEC
wUn05hdkhjM,Name song please,Name song please,0,2017-03-02T13:23:06Z,2017-03-02T13:23:06Z,,Ughc9cpmzm8xdHgCoAEC
wUn05hdkhjM,can&#39;t wait for the movie.......,can't wait for the movie.......,0,2017-03-02T13:15:59Z,2017-03-02T13:15:59Z,,UgiAn-5yC_ttJHgCoAEC
wUn05hdkhjM,I think it would have been better if the trailer cut off after Peter says &quot;Who the hell are you?&quot;,"I think it would have been better if the trailer cut off after Peter says ""Who the hell are you?""",0,2017-03-02T13:12:27Z,2017-03-02T13:12:27Z,,Ughkw7OZjeOcaHgCoAEC
wUn05hdkhjM,"Guys, guys. SPOILERS.","Guys, guys. SPOILERS.",0,2017-03-02T13:04:53Z,2017-03-02T13:04:53Z,,Uggidnlop61elXgCoAEC
wUn05hdkhjM,Marvel is life.,Marvel is life.,1,2017-03-02T13:04:07Z,2017-03-02T13:04:07Z,,UgjlrB97Z3a-JHgCoAEC
wUn05hdkhjM,"groot, put your seatbelt on.","groot, put your seatbelt on.",0,2017-03-02T13:03:25Z,2017-03-02T13:03:25Z,,UgiKD96qnNuMungCoAEC
wUn05hdkhjM,It also looks like their babysitting Groot so...<br>Guardians of the (baby) Groot?,"It also looks like their babysitting Groot so...
Guardians of the (baby) Groot?",0,2017-03-02T12:58:00Z,2017-03-02T12:58:00Z,,UgikIDQovYs5cXgCoAEC
wUn05hdkhjM,"&quot;Yondu told me enough! He said you KILLED my father!&quot;<br>&quot;No, I AM your father.&quot;<br>&quot;No. NOOO!&quot;","""Yondu told me enough! He said you KILLED my father!""
""No, I AM your father.""
""No. NOOO!""",1,2020-09-22T14:48:12Z,2020-09-23T07:51:57Z,UgiuFeGVrH_F-3gCoAEC,UgiuFeGVrH_F-3gCoAEC.8PbFD2i9Bgg9DuqGn0Is9w
wUn05hdkhjM,Hes has unlimited power on that planet,Hes has unlimited power on that planet,2,2019-05-17T23:57:46Z,2019-05-17T23:57:46Z,UgiuFeGVrH_F-3gCoAEC,UgiuFeGVrH_F-3gCoAEC.8PbFD2i9Bgg8v2oThE9Wtl
wUn05hdkhjM,Still no Nova? Oh well.,Still no Nova? Oh well.,0,2017-03-02T12:54:36Z,2017-03-02T12:54:36Z,,Ugh7jNd0tYVXqXgCoAEC
wUn05hdkhjM,Idk why but image of groot eating candy in a massive seat is just so adorable,Idk why but image of groot eating candy in a massive seat is just so adorable,0,2017-03-02T12:50:00Z,2017-03-02T12:50:09Z,,Ugh231QsiIwt33gCoAEC
wUn05hdkhjM,I hope Mr Spoiler gets Kylo Ren&#39;d!,I hope Mr Spoiler gets Kylo Ren'd!,0,2017-03-02T12:47:51Z,2017-03-02T12:47:51Z,,UghIpNl57fBeY3gCoAEC
wUn05hdkhjM,The People who dislike this are idiots.,The People who dislike this are idiots.,0,2017-03-02T12:45:40Z,2017-03-02T12:45:40Z,,UggsDK92a74ecngCoAEC
wUn05hdkhjM,Stuff just got real.,Stuff just got real.,0,2017-03-02T12:43:41Z,2017-03-02T12:43:41Z,,UgjwCixH0YOkiXgCoAEC
wUn05hdkhjM,"Dr Manhattan and Silver Surfer: The Matter Bosses <br>I love both DC and Marvel, but I don&#39;t like the DCEU.<br>Well so far","Dr Manhattan and Silver Surfer: The Matter Bosses 
I love both DC and Marvel, but I don't like the DCEU.
Well so far",4,2017-05-24T18:02:31Z,2017-05-24T18:02:45Z,UggTrEQl5pQ-TXgCoAEC,UggTrEQl5pQ-TXgCoAEC.8PbDVX_WqxT8SxW5DUUAuH
wUn05hdkhjM,agree,agree,3,2017-03-03T18:54:33Z,2017-03-03T18:54:33Z,UggTrEQl5pQ-TXgCoAEC,UggTrEQl5pQ-TXgCoAEC.8PbDVX_WqxT8PeSrVKtNZb
wUn05hdkhjM,Vardenis Pavardenis people enjoy both. If you don&#39;t enjoy DC this comment had nothing to do with you. Go enjoy Marvel while I enjoy BOTH. Like a true comic book fan ,Vardenis Pavardenis people enjoy both. If you don't enjoy DC this comment had nothing to do with you. Go enjoy Marvel while I enjoy BOTH. Like a true comic book fan ,4,2017-03-02T13:08:17Z,2017-03-02T13:08:17Z,UggTrEQl5pQ-TXgCoAEC,UggTrEQl5pQ-TXgCoAEC.8PbDVX_WqxT8PbGRU9lqgl
wUn05hdkhjM,"<a href=""http://www.youtube.com/watch?v=wUn05hdkhjM&amp;t=0m30s"">0:30</a> Baby Groot scared",0:30 Baby Groot scared,0,2017-03-02T12:36:34Z,2017-03-02T12:36:34Z,,UggKprhoKb9x9XgCoAEC
wUn05hdkhjM,I cant wait for see that!,I cant wait for see that!,0,2017-03-02T12:32:45Z,2017-03-02T12:32:45Z,,UghLrLtwBDU9rHgCoAEC
wUn05hdkhjM,I thought he was gonna say<br>&quot;I&#39;m your dad bitch&quot;,"I thought he was gonna say
""I'm your dad bitch""",0,2017-03-02T12:32:31Z,2017-03-02T12:32:31Z,,UggaVtOMPq45HngCoAEC
wUn05hdkhjM,is that a rifle?,is that a rifle?,0,2017-03-02T12:31:44Z,2017-03-02T12:31:44Z,,UghIm35_ldKl3ngCoAEC
wUn05hdkhjM,i love how we know that kurt russel is peters dad before marvel released the trailer,i love how we know that kurt russel is peters dad before marvel released the trailer,7,2017-03-02T12:31:03Z,2017-03-02T12:31:03Z,,Ugj9euEBoSiDVXgCoAEC
wUn05hdkhjM,Formula 1 fans already knew this.,Formula 1 fans already knew this.,0,2021-01-23T17:31:50Z,2021-01-23T17:31:50Z,Ugg0jbltCgCA1XgCoAEC,Ugg0jbltCgCA1XgCoAEC.8PbC3VayZXZ9IrqlwCY9sG
wUn05hdkhjM,The solo is godly,The solo is godly,1,2020-10-13T05:30:39Z,2020-10-13T05:30:39Z,Ugg0jbltCgCA1XgCoAEC,Ugg0jbltCgCA1XgCoAEC.8PbC3VayZXZ9Ejv9WM9Rn3
wUn05hdkhjM,Thank you !!,Thank you !!,2,2020-02-17T14:34:53Z,2020-02-17T14:34:53Z,Ugg0jbltCgCA1XgCoAEC,Ugg0jbltCgCA1XgCoAEC.8PbC3VayZXZ958USVDGZ-v
wUn05hdkhjM,Oooh  thanks 😁😁,Oooh  thanks 😁😁,2,2020-02-07T17:30:15Z,2020-02-07T17:30:15Z,Ugg0jbltCgCA1XgCoAEC,Ugg0jbltCgCA1XgCoAEC.8PbC3VayZXZ94k2_9_fUK1
wUn05hdkhjM,Thanks bro,Thanks bro,2,2019-12-19T10:57:13Z,2019-12-19T10:57:13Z,Ugg0jbltCgCA1XgCoAEC,Ugg0jbltCgCA1XgCoAEC.8PbC3VayZXZ92iaqnLgtJw
wUn05hdkhjM,"Damn, this trailer shows too much better of the plot","Damn, this trailer shows too much better of the plot",0,2017-03-02T12:27:21Z,2017-03-02T12:27:21Z,,Uggbc5E_DezAuHgCoAEC
wUn05hdkhjM,"EGOR THE LIVING PLANET, YAY! I guess he&#39;s not really a planet in the movies xD","EGOR THE LIVING PLANET, YAY! I guess he's not really a planet in the movies xD",0,2017-03-02T12:26:11Z,2017-03-02T12:26:11Z,,UgivUOytw3GFqXgCoAEC
wUn05hdkhjM,Ohh he should&#39;ve said &quot;I am your father&quot; and not dad!,"Ohh he should've said ""I am your father"" and not dad!",0,2017-03-02T12:22:04Z,2017-03-02T12:22:04Z,,UggGI3rgMHcCPngCoAEC
wUn05hdkhjM,you&#39;re late for this trailer mavel. But I still love it THANKS ^^,you're late for this trailer mavel. But I still love it THANKS ^^,1,2017-03-02T12:19:42Z,2017-03-02T12:19:42Z,,Ugjna1zUmdYC4HgCoAEC
wUn05hdkhjM,when you made the movie and the story line but you&#39;re the last one to upload the trailer,when you made the movie and the story line but you're the last one to upload the trailer,0,2017-03-02T12:13:14Z,2017-03-02T12:13:14Z,,UghfpwU0tB_DNngCoAEC
wUn05hdkhjM,"Peter: &quot;Sometimes, what you are looking for is on your right.&quot;<br>Drax: &quot;Your right.&quot;<br><b>Dies of laughter</b>","Peter: ""Sometimes, what you are looking for is on your right.""
Drax: ""Your right.""
*Dies of laughter*",1,2017-03-02T12:12:06Z,2017-03-02T12:12:06Z,,UgjJ8oSsHl-pGHgCoAEC
wUn05hdkhjM,SO pumped UP for this movie. I REALLY want to see more of Baby Groot. Also um Marvel you&#39;re kinda late to show this trailer,SO pumped UP for this movie. I REALLY want to see more of Baby Groot. Also um Marvel you're kinda late to show this trailer,1,2017-03-02T12:08:54Z,2017-03-02T12:08:54Z,,UghygVcIf-BSj3gCoAEC
wUn05hdkhjM,Howard Plays 4 Life great grammar,Howard Plays 4 Life great grammar,0,2017-03-02T23:23:06Z,2017-03-02T23:23:06Z,Ugjd8gvGnagWlXgCoAEC,Ugjd8gvGnagWlXgCoAEC.8Pb9cFocQgv8PcMnaXbJVC
wUn05hdkhjM,the trailer music is <br><br>Fleetwood Mac - The Chain (UNKLE Sounds Edit) <br><br>Welcome ^^,"the trailer music is 

Fleetwood Mac - The Chain (UNKLE Sounds Edit) 

Welcome ^^",0,2017-03-02T12:06:19Z,2017-03-02T12:06:19Z,,Uggl091koSU76HgCoAEC
wUn05hdkhjM,Yes,Yes,0,2017-03-02T12:05:11Z,2017-03-02T12:05:11Z,,UghUrso0nDSBDXgCoAEC
wUn05hdkhjM,How to watch marvel movies for free?<br><br>Sleep or hibernate in the theater for a long time and wake up when a marvel movie finally arrives!,"How to watch marvel movies for free?

Sleep or hibernate in the theater for a long time and wake up when a marvel movie finally arrives!",11,2017-03-02T12:04:13Z,2017-03-02T13:43:23Z,,UghFb1HhmcrjVngCoAEC
wUn05hdkhjM,"<a href=""http://www.youtube.com/watch?v=wUn05hdkhjM&amp;t=1m25s"">1:25</a> best part of the trailer",1:25 best part of the trailer,0,2017-03-02T12:02:40Z,2017-03-02T12:02:40Z,,UgjEyQWQewKIPXgCoAEC
wUn05hdkhjM,looks amazing!!!!,looks amazing!!!!,1,2017-03-02T12:02:31Z,2017-03-02T12:02:31Z,,UgjyVAFHG_E4engCoAEC
wUn05hdkhjM,uh oh Peter&#39;s dad?  Shit just got real son.,uh oh Peter's dad?  Shit just got real son.,0,2017-03-02T11:55:15Z,2017-03-02T11:55:15Z,,UggtmdzDViLuPHgCoAEC
wUn05hdkhjM,CGI on everything but Rocket looks pretty shitty,CGI on everything but Rocket looks pretty shitty,0,2017-03-02T11:42:59Z,2017-03-02T11:42:59Z,,UggduFWrbTmwbngCoAEC
wUn05hdkhjM,"I&#39;m your father, Peter","I'm your father, Peter",0,2017-03-02T11:38:19Z,2017-03-02T11:38:19Z,,UggDf4AZOd3d8HgCoAEC
wUn05hdkhjM,look out Spoiler,look out Spoiler,0,2017-03-02T11:37:02Z,2017-03-02T11:37:02Z,,UgiDXm9t8cZoUngCoAEC
wUn05hdkhjM,Dëv Råmãchåndrân ayesh and taserface,Dëv Råmãchåndrân ayesh and taserface,0,2017-03-02T22:21:54Z,2017-03-02T22:21:54Z,Ugijep-JUeQv03gCoAEC,Ugijep-JUeQv03gCoAEC.8Pb5sWVl6Jr8PcFnHU1xSX
wUn05hdkhjM,Vision Freak paragon?,Vision Freak paragon?,0,2017-03-02T15:11:43Z,2017-03-02T15:11:43Z,Ugijep-JUeQv03gCoAEC,Ugijep-JUeQv03gCoAEC.8Pb5sWVl6Jr8PbUZZ_trfw
wUn05hdkhjM,Kameron Austin gold... and it&#39;s Ayesha,Kameron Austin gold... and it's Ayesha,2,2017-03-02T14:52:29Z,2017-03-02T14:52:29Z,Ugijep-JUeQv03gCoAEC,Ugijep-JUeQv03gCoAEC.8Pb5sWVl6Jr8PbSMg8rWLl
wUn05hdkhjM,Dëv Råmãchåndrân The woman that has yellow all over her.(forgot her name),Dëv Råmãchåndrân The woman that has yellow all over her.(forgot her name),2,2017-03-02T12:46:04Z,2017-03-02T12:46:04Z,Ugijep-JUeQv03gCoAEC,Ugijep-JUeQv03gCoAEC.8Pb5sWVl6Jr8PbDtnmfGon
wUn05hdkhjM,This is gonna be lit,This is gonna be lit,0,2017-03-02T11:35:04Z,2017-03-02T11:35:04Z,,Ugjc_1nAMpov1HgCoAEC
wUn05hdkhjM,how come you guys took so long to post this on your own channel? great looking trailer btw 💯,how come you guys took so long to post this on your own channel? great looking trailer btw 💯,0,2017-03-02T11:34:10Z,2017-03-02T11:34:10Z,,UgiCBoVWbXIS_3gCoAEC
wUn05hdkhjM,I Am your father!,I Am your father!,0,2017-03-02T11:31:25Z,2017-03-02T11:31:25Z,,UghckAZ_ZimvUHgCoAEC
wUn05hdkhjM,"Huh. Just realizing this. The last movie didn&#39;t exactly show Gamora using a sword. Kinda hard believing now that using swords is Gamora&#39;s thing. But yeah, guns are Peter&#39;s things too.","Huh. Just realizing this. The last movie didn't exactly show Gamora using a sword. Kinda hard believing now that using swords is Gamora's thing. But yeah, guns are Peter's things too.",0,2017-03-02T11:20:30Z,2017-03-02T11:20:30Z,,UgiSbG3ErEicUHgCoAEC
wUn05hdkhjM,does anybody know what score is this? it&#39;s  crazyyy!!!,does anybody know what score is this? it's  crazyyy!!!,0,2017-03-02T11:12:36Z,2017-03-02T11:12:36Z,,Ugh6l7__HQ_xengCoAEC
wUn05hdkhjM,im am dad Peter!,im am dad Peter!,0,2017-03-02T11:11:40Z,2017-03-02T11:11:40Z,,UghhziyIa3rbEHgCoAEC
wUn05hdkhjM,"<a href=""http://www.youtube.com/watch?v=wUn05hdkhjM&amp;t=1m24s"">1:24</a> Baby Groot and Gamora",1:24 Baby Groot and Gamora,0,2017-03-02T11:04:31Z,2017-03-02T11:04:31Z,,Ugj3_EjJ7vFv6ngCoAEC
wUn05hdkhjM,But can it win best makeup?,But can it win best makeup?,0,2017-03-02T11:00:40Z,2017-03-02T11:00:40Z,,UgiGwWo9UqQ97ngCoAEC
wUn05hdkhjM,the ONLY marvel movie that gets me excited,the ONLY marvel movie that gets me excited,0,2017-03-02T11:00:19Z,2017-03-02T11:00:19Z,,UggAv0Zk07hBy3gCoAEC
wUn05hdkhjM,DC is shit<br>Marvel is best<br>I love this universe<br>Heart is beating in my chest :D,"DC is shit
Marvel is best
I love this universe
Heart is beating in my chest :D",4,2017-03-02T11:00:06Z,2017-03-02T11:00:06Z,,UgjaHF4cE4Ji6XgCoAEC
wUn05hdkhjM,"I used to own that very video game at the 2 second mark, I laughed my head off when I seen it and what he seemed to be using it for lol. good ole mattel football!","I used to own that very video game at the 2 second mark, I laughed my head off when I seen it and what he seemed to be using it for lol. good ole mattel football!",0,2017-03-02T10:55:52Z,2017-03-02T10:55:52Z,,UggYNi6Hc9Ysw3gCoAEC
wUn05hdkhjM,&quot;I&#39;m your dad Peter!&quot; <b>dropped my phone</b>,"""I'm your dad Peter!"" *dropped my phone*",0,2017-03-02T10:54:40Z,2017-04-16T00:19:40Z,,Ugio8e3NPqTrWXgCoAEC
wUn05hdkhjM,song pls?,song pls?,0,2017-03-02T10:49:16Z,2017-03-02T10:49:16Z,,UgjJI0Ez6cstd3gCoAEC
wUn05hdkhjM,awsome,awsome,0,2017-03-02T10:44:23Z,2017-03-02T10:44:23Z,,UghebggY1zBwPXgCoAEC
wUn05hdkhjM,just upload the whole movie...,just upload the whole movie...,0,2017-03-02T10:41:40Z,2017-03-02T10:41:40Z,,Ugi4fNkIUzBQiXgCoAEC
wUn05hdkhjM,The deep dark pits of my black heart warm at the sight of Baby Groot.,The deep dark pits of my black heart warm at the sight of Baby Groot.,0,2017-03-02T10:40:53Z,2017-03-02T10:40:53Z,,UggS-tZjUxqL7HgCoAEC
wUn05hdkhjM,"for the cinematic universe fans only maybe the don&#39;t know who the heck peter dad is, but for the real fans they know who he is.","for the cinematic universe fans only maybe the don't know who the heck peter dad is, but for the real fans they know who he is.",1,2017-03-02T10:40:01Z,2017-03-02T10:40:01Z,,Ugh11sORGrntQHgCoAEC
wUn05hdkhjM,Am i the only one who really didn&#39;t want to see the &quot;I&#39;m ur dad&quot; reveal in a trailer?,"Am i the only one who really didn't want to see the ""I'm ur dad"" reveal in a trailer?",15,2017-03-02T10:36:59Z,2017-03-02T10:36:59Z,,UgggTTqsiKMxDHgCoAEC
wUn05hdkhjM,star lord rocks everybody shocks.,star lord rocks everybody shocks.,0,2017-03-02T10:35:58Z,2017-03-02T10:35:58Z,,UgjqcwWgoXPlYHgCoAEC
wUn05hdkhjM,that laugh of drax when he jumps inside the beast &gt;_&lt;,that laugh of drax when he jumps inside the beast >_<,0,2017-03-02T10:26:28Z,2017-03-02T10:26:28Z,,UggpEElIHwn5v3gCoAEC
wUn05hdkhjM,after this.. avengers infinity wars part 1 ..can&#39;t wait 😄,after this.. avengers infinity wars part 1 ..can't wait 😄,0,2017-03-02T10:26:07Z,2017-03-02T10:26:07Z,,Ugh_qoSXWBm_43gCoAEC
wUn05hdkhjM,"Dormammu, I&#39;ve come to bargain","Dormammu, I've come to bargain",0,2017-03-02T10:12:18Z,2017-03-02T10:12:18Z,,UgjNYqu3RivSBXgCoAEC
wUn05hdkhjM,waiting Too Tamil Dubbing,waiting Too Tamil Dubbing,0,2017-03-02T10:11:17Z,2017-03-02T10:11:17Z,,Uginuhxi24VxjHgCoAEC
wUn05hdkhjM,"Peter: Who the hell are you?<br>Ego(Kurt Russel): I&#39;m your dad,Peter.<br> Rip Ego, We hardly knew ye.","Peter: Who the hell are you?
Ego(Kurt Russel): I'm your dad,Peter.
 Rip Ego, We hardly knew ye.",0,2017-03-02T10:09:55Z,2017-03-02T10:09:55Z,,Ugi353tFoZgEyngCoAEC
wUn05hdkhjM,Peter is brother of Superman,Peter is brother of Superman,0,2017-03-02T10:09:27Z,2017-03-02T10:09:37Z,,Ugg647aoOjmN3HgCoAEC
wUn05hdkhjM,The text on this trailer is purple in color and bleeding. Same as the color of Thanos. Does he bleed in purple?? What does this mean??,The text on this trailer is purple in color and bleeding. Same as the color of Thanos. Does he bleed in purple?? What does this mean??,0,2017-03-02T10:08:13Z,2017-03-02T10:08:13Z,,Ugg6ydUVYPX6y3gCoAEC
wUn05hdkhjM,music anyone?,music anyone?,0,2017-03-02T10:06:13Z,2017-03-02T10:06:13Z,,UghJvv42yK8KhngCoAEC
wUn05hdkhjM,"<a href=""http://www.youtube.com/watch?v=wUn05hdkhjM&amp;t=1m52s"">1:52</a> plasma rifle?",1:52 plasma rifle?,0,2017-03-02T10:05:41Z,2017-03-02T10:05:41Z,,UggrgqkcAsE4WXgCoAEC
wUn05hdkhjM,GROOT PUT YOUR SEATBELT ON,GROOT PUT YOUR SEATBELT ON,11,2017-03-02T10:04:02Z,2017-03-02T10:04:02Z,,Uggv4KRHS-Urj3gCoAEC
wUn05hdkhjM,hey look its a wild baby groot!<br><br>throw your pokeball to catch it.,"hey look its a wild baby groot!

throw your pokeball to catch it.",9,2017-03-02T10:03:42Z,2017-03-02T10:03:42Z,,UgjgEP3qjvfgIHgCoAEC
wUn05hdkhjM,i&#39;ve never clicked on a video so fast.<br><br>oh wait a second i have as i am sure many other people did aswell on trailers for other movies,"i've never clicked on a video so fast.

oh wait a second i have as i am sure many other people did aswell on trailers for other movies",4,2017-03-02T10:03:30Z,2017-03-02T10:03:30Z,,UgiFIoLtxClsM3gCoAEC
wUn05hdkhjM,slurp<br><br>slurp<br>slurp<br><br>dude...<br>what?<br>slurp<br>slurp<br>dude...<br>what?,"slurp

slurp
slurp

dude...
what?
slurp
slurp
dude...
what?",8,2017-03-02T10:03:08Z,2017-03-02T10:03:08Z,,UghlEojicPbhUHgCoAEC
wUn05hdkhjM,anyone need salt for their popcorn. I&#39;ve got a bunch due too last sunday&#39;s oscar ceremony,anyone need salt for their popcorn. I've got a bunch due too last sunday's oscar ceremony,6,2017-03-02T10:02:49Z,2017-03-02T10:02:49Z,,UghO9uMqw6WLc3gCoAEC
wUn05hdkhjM,@Kuz kuz thx bro I understood now,@Kuz kuz thx bro I understood now,0,2021-08-27T10:18:29Z,2021-08-27T10:18:29Z,UgjYEQKfhhv8k3gCoAEC,UgjYEQKfhhv8k3gCoAEC.8Paw8ChCwbC9RYFsvcto-e
wUn05hdkhjM,LMAOOooo,LMAOOooo,0,2021-08-21T21:31:48Z,2021-08-21T21:31:48Z,UgjYEQKfhhv8k3gCoAEC,UgjYEQKfhhv8k3gCoAEC.8Paw8ChCwbC9RK0ABzJfW2
wUn05hdkhjM,<i>&quot;I&#39;m The Gaurdian of the Samsung Galaxy.&quot;</i>,"_""I'm The Gaurdian of the Samsung Galaxy.""_",0,2021-03-27T19:29:57Z,2021-03-27T19:29:57Z,UgjYEQKfhhv8k3gCoAEC,UgjYEQKfhhv8k3gCoAEC.8Paw8ChCwbC9LPHN7SS1Xc
wUn05hdkhjM,😂😂😂😂😂😂😂,😂😂😂😂😂😂😂,1,2020-08-16T12:12:20Z,2020-08-16T12:12:20Z,UgjYEQKfhhv8k3gCoAEC,UgjYEQKfhhv8k3gCoAEC.8Paw8ChCwbC9CQI0oNWc0g
wUn05hdkhjM,LMAO,LMAO,1,2020-08-04T21:55:48Z,2020-08-04T21:55:48Z,UgjYEQKfhhv8k3gCoAEC,UgjYEQKfhhv8k3gCoAEC.8Paw8ChCwbC9BxRFnu3FgK
wUn05hdkhjM,Who are we? We are the suicide s....Guardian of the Galaxy,Who are we? We are the suicide s....Guardian of the Galaxy,0,2017-03-02T09:58:50Z,2017-03-02T09:58:50Z,,UghcmzErWujAq3gCoAEC
wUn05hdkhjM,awesome!!!,awesome!!!,0,2017-03-02T09:55:53Z,2017-03-02T09:55:53Z,,UggrB4tRl6oUWHgCoAEC
wUn05hdkhjM,Star lord and rocket flying together 👍🏻 NICE!!!!!!,Star lord and rocket flying together 👍🏻 NICE!!!!!!,0,2017-03-02T09:51:20Z,2017-03-02T09:51:20Z,,UgiFaPMz30x6DngCoAEC
wUn05hdkhjM,I was thinking about sharing this but wow...spoilers,I was thinking about sharing this but wow...spoilers,0,2017-03-02T09:49:29Z,2017-03-02T09:49:29Z,,UgjHpKtLQ611_XgCoAEC
wUn05hdkhjM,whats the name of the song used?,whats the name of the song used?,0,2017-03-02T09:49:09Z,2017-03-02T09:49:09Z,,UgjQiEEELWZxeHgCoAEC
wUn05hdkhjM,JUST TAKE MY MONEY!,JUST TAKE MY MONEY!,0,2017-03-02T09:38:56Z,2017-03-02T09:38:56Z,,UgjLcfOjcc2H8XgCoAEC
wUn05hdkhjM,I don&#39;t care who you are. Everyone needs a baby Groot eating candy in their life.,I don't care who you are. Everyone needs a baby Groot eating candy in their life.,0,2017-03-02T09:38:46Z,2017-03-02T09:38:46Z,,UggA43-SsskXvngCoAEC
wUn05hdkhjM,awesome!!!!,awesome!!!!,0,2017-03-02T09:37:30Z,2017-03-02T09:37:30Z,,UgjeXA03zAFm5ngCoAEC
wUn05hdkhjM,When you see the avenger&#39;s moment in here.,When you see the avenger's moment in here.,0,2017-03-02T09:35:15Z,2017-03-02T09:35:15Z,,Ughnbu3t9q4deHgCoAEC
wUn05hdkhjM,do i even need to watch the movie now ??,do i even need to watch the movie now ??,0,2017-03-02T09:30:09Z,2017-03-02T09:30:09Z,,UggRsmOCe7AXP3gCoAEC
wUn05hdkhjM,oh my god!,oh my god!,0,2017-03-02T09:30:03Z,2017-03-02T09:30:03Z,,Ugjy-tcGcjiJ6HgCoAEC
wUn05hdkhjM,Pretty Awesome!!!,Pretty Awesome!!!,0,2017-03-02T09:28:32Z,2017-03-02T09:28:32Z,,Ugi7MBZSzgMhZHgCoAEC
wUn05hdkhjM,which song is in background,which song is in background,0,2017-03-02T09:23:21Z,2017-03-02T09:23:21Z,,Uggh2krHms9ju3gCoAEC
wUn05hdkhjM,Peter......<br><br>I am your father<br><br><br><br><br><br><br><br><br>NOOOOOOOOOO!!!!!!!!!!!!,"Peter......

I am your father








NOOOOOOOOOO!!!!!!!!!!!!",0,2017-03-02T09:22:30Z,2017-03-02T09:22:30Z,,Ugh9GkSWZJ_ONngCoAEC
wUn05hdkhjM,cant wait to see yondu join!,cant wait to see yondu join!,0,2017-03-02T09:20:06Z,2017-03-02T09:20:06Z,,UgiaLUqHv8rIzngCoAEC
wUn05hdkhjM,Shivam Bhatia One of them didn&#39;t cut the hand of their son off,Shivam Bhatia One of them didn't cut the hand of their son off,1,2017-03-02T10:37:18Z,2017-03-02T10:37:18Z,UghAtNMXYzKaSXgCoAEC,UghAtNMXYzKaSXgCoAEC.8ParHi1THrM8Pb-9eXqSuK
wUn05hdkhjM,I love how amped up Yondu&#39;s mohawk is.,I love how amped up Yondu's mohawk is.,0,2017-03-02T09:18:59Z,2017-03-02T09:18:59Z,,Ugjg1yGHi8X-J3gCoAEC
wUn05hdkhjM,im your dad peter.. new version of im your father?,im your dad peter.. new version of im your father?,0,2017-03-02T09:15:53Z,2017-03-02T09:15:53Z,,UgjMJb5wmMxsg3gCoAEC
wUn05hdkhjM,This won&#39;t be as good as the Oscar winner Suicide Squad. The only thing DC has to say that they are &#39;good&#39;.,This won't be as good as the Oscar winner Suicide Squad. The only thing DC has to say that they are 'good'.,0,2017-03-02T09:15:34Z,2017-03-02T09:15:34Z,,UghQLBi2bep5DHgCoAEC
wUn05hdkhjM,What is the song playing,What is the song playing,0,2017-03-02T09:15:21Z,2017-03-02T09:15:21Z,,UgiByVixJFMXvHgCoAEC
wUn05hdkhjM,I actually got excited and thought it was another Guardians trailer..,I actually got excited and thought it was another Guardians trailer..,0,2017-03-02T09:15:05Z,2017-03-02T09:15:05Z,,UghWicNxGU2CpXgCoAEC
wUn05hdkhjM,Groot cuddly,Groot cuddly,0,2017-03-02T09:14:24Z,2017-03-02T09:14:24Z,,UggpdwzeANnql3gCoAEC
wUn05hdkhjM,Alguém Br ???,Alguém Br ???,0,2017-03-02T09:13:43Z,2017-03-02T09:13:43Z,,UggUlEbP43CS23gCoAEC
wUn05hdkhjM,OMG!!!!!!!!,OMG!!!!!!!!,0,2017-03-02T09:12:19Z,2017-03-02T09:12:19Z,,UgjXVh_gEsfTd3gCoAEC
wUn05hdkhjM,can marvel make a movie!or can marvel make a movie!!!!,can marvel make a movie!or can marvel make a movie!!!!,0,2017-03-02T09:11:47Z,2017-03-02T09:11:47Z,,UgjukdD9oS-MTngCoAEC
wUn05hdkhjM,What the song call,What the song call,0,2017-03-02T09:07:22Z,2017-03-02T09:07:22Z,,Ugi2dMWjVoK-c3gCoAEC
wUn05hdkhjM,"Guardians of the Galaxy, better than whole of DC <a href=""http://www.youtube.com/results?search_query=%23thetruth"">#thetruth</a>","Guardians of the Galaxy, better than whole of DC #thetruth",0,2017-03-02T09:06:17Z,2017-03-02T09:06:17Z,,Ugh0vWOMP2cjPngCoAEC
wUn05hdkhjM,Keeeeeeeeeeeeeeeeeeeeeeen!,Keeeeeeeeeeeeeeeeeeeeeeen!,0,2017-03-02T09:03:04Z,2017-03-02T09:03:04Z,,UghHn8uKSYs5UngCoAEC
wUn05hdkhjM,:),:),0,2017-03-02T09:02:56Z,2017-03-02T09:02:56Z,,Ugiwn6FuUHPjwXgCoAEC
wUn05hdkhjM,ego:i&#39;m your dad Peter<br>Star-Lord:Nooooo!!!!,"ego:i'm your dad Peter
Star-Lord:Nooooo!!!!",4,2017-03-02T09:01:25Z,2017-03-02T09:01:25Z,,Ugh83B5AnrcrfHgCoAEC
wUn05hdkhjM,Lol,Lol,1,2017-03-26T11:40:01Z,2017-03-26T11:40:01Z,UghiBCAnNPaetXgCoAEC,UghiBCAnNPaetXgCoAEC.8PapB9IqiZ98QZuQ1kils-
wUn05hdkhjM,Marvelmania360 when the trailer is too good so it breaks Youtubes system,Marvelmania360 when the trailer is too good so it breaks Youtubes system,1,2017-03-25T16:37:56Z,2017-03-25T16:37:56Z,UghiBCAnNPaetXgCoAEC,UghiBCAnNPaetXgCoAEC.8PapB9IqiZ98QXriC-7Qo3
wUn05hdkhjM,I love how marvel uploaded this after everyone else lol,I love how marvel uploaded this after everyone else lol,6,2017-03-02T08:59:45Z,2017-03-02T08:59:45Z,,UghqNPYO1tImFHgCoAEC
wUn05hdkhjM,"last time I was this early, la la land was still best picture","last time I was this early, la la land was still best picture",0,2017-03-02T08:57:02Z,2017-03-02T08:57:02Z,,Ugj8Piy4PCGl4XgCoAEC
wUn05hdkhjM,vicente fernandez,vicente fernandez,0,2017-05-01T15:42:32Z,2017-05-01T15:42:32Z,UgiF_3n3mnUYQ3gCoAEC,UgiF_3n3mnUYQ3gCoAEC.8PanraSobQx8S11mlg83DP
wUn05hdkhjM,EN9ITY It kinda was obvious it was him the moment they cast Kurt Russel. Either that or it&#39;s a trap and he&#39;s faking it,EN9ITY It kinda was obvious it was him the moment they cast Kurt Russel. Either that or it's a trap and he's faking it,0,2017-03-02T10:36:38Z,2017-03-02T10:36:38Z,UgiF_3n3mnUYQ3gCoAEC,UgiF_3n3mnUYQ3gCoAEC.8PanraSobQx8Pb-4mCgr1q
wUn05hdkhjM,wow is amazing,wow is amazing,0,2017-03-02T08:44:50Z,2017-03-02T08:44:50Z,,UghI1YewjjqylngCoAEC
wUn05hdkhjM,Vita realising on my birthday,Vita realising on my birthday,0,2017-03-02T08:42:52Z,2017-03-02T08:42:52Z,,UghipK-AG9SjgHgCoAEC
wUn05hdkhjM,Am I the only one who really likes nebula now?,Am I the only one who really likes nebula now?,0,2017-03-02T08:36:20Z,2017-03-02T08:36:20Z,,Ugh8BRUZ7daUEXgCoAEC
wUn05hdkhjM,I searched for this and clicked it but it was an advertisement instead of the actual video like wtf,I searched for this and clicked it but it was an advertisement instead of the actual video like wtf,0,2017-03-02T08:34:05Z,2017-03-02T08:34:05Z,,UggTgMPCG-WI_HgCoAEC
wUn05hdkhjM,Lee Lanzini It was an excusife   for Jimmy Kimmel,Lee Lanzini It was an excusife   for Jimmy Kimmel,1,2017-03-02T23:20:58Z,2017-03-02T23:20:58Z,UghLzml56ieopXgCoAEC,UghLzml56ieopXgCoAEC.8Pam-2dQYI78PcMYyVjJC0
wUn05hdkhjM,Anyone know what the song playing in the background is? And why did marvel release this late?,Anyone know what the song playing in the background is? And why did marvel release this late?,0,2017-03-02T08:30:12Z,2017-03-02T08:30:12Z,,Ugis9Zx1EJRl2HgCoAEC
wUn05hdkhjM,Should the father not be planet sized?,Should the father not be planet sized?,0,2017-03-02T08:29:01Z,2017-03-02T08:29:01Z,,UgjBzV42mS3bqngCoAEC
wUn05hdkhjM,"<a href=""http://www.youtube.com/watch?v=wUn05hdkhjM&amp;t=0m44s"">0:44</a> Well, it&#39;s 50% true. Don&#39;t laugh a fake laugh, because it&#39;s better than 49%.","0:44 Well, it's 50% true. Don't laugh a fake laugh, because it's better than 49%.",0,2017-03-02T08:26:47Z,2017-03-02T08:26:47Z,,UgjGI0fiFf60MHgCoAEC
wUn05hdkhjM,really late,really late,0,2017-03-02T08:26:40Z,2017-03-02T08:26:40Z,,Ugi4Sg3lOkIa3HgCoAEC
wUn05hdkhjM,i just can&#39;t &quot;unhear&quot; Emmet,"i just can't ""unhear"" Emmet",0,2017-03-02T08:26:33Z,2017-03-02T08:26:33Z,,UgjJsQ7GfBkWsXgCoAEC
wUn05hdkhjM,&quot;DIE SPACESHIP!&quot; 🤣🤣 never thought those two words can be put together😅,"""DIE SPACESHIP!"" 🤣🤣 never thought those two words can be put together😅",0,2017-03-02T08:25:56Z,2017-03-02T08:25:56Z,,Ugg_zdp5SnuvQHgCoAEC
wUn05hdkhjM,"You did it again, Marvel! You and your unnecessary jokes!","You did it again, Marvel! You and your unnecessary jokes!",0,2017-03-02T08:25:48Z,2017-03-02T08:25:48Z,,Ugic0dqAcMnACHgCoAEC
wUn05hdkhjM,"Whoever cut the trailer deserves an award. <br><br>There&#39;s no over telling of the entire plot. <br>Just snippets of scenes, action and a badass song that goes with the visuals. <br><br>Hype trailer at its best","Whoever cut the trailer deserves an award. 

There's no over telling of the entire plot. 
Just snippets of scenes, action and a badass song that goes with the visuals. 

Hype trailer at its best",19,2017-03-02T08:22:24Z,2017-03-02T08:22:24Z,,UgiWJujsIBtvpXgCoAEC
wUn05hdkhjM,This trailer is sooo freaking awesome!!! But can someone tell me the song which is used here??,This trailer is sooo freaking awesome!!! But can someone tell me the song which is used here??,0,2017-03-02T08:21:27Z,2017-03-02T08:21:27Z,,UghiCwaij6_3cHgCoAEC
wUn05hdkhjM,Kurt Russell and Chris Pratt actually do kinda look alike. I wouldn&#39;t be surprised if Kurt was Chris&#39; estranged father.,Kurt Russell and Chris Pratt actually do kinda look alike. I wouldn't be surprised if Kurt was Chris' estranged father.,0,2017-03-02T08:19:23Z,2017-03-02T08:19:23Z,,UgjMp82sMWZUOXgCoAEC
wUn05hdkhjM,pretty dope tbh,pretty dope tbh,0,2017-03-02T08:17:30Z,2017-03-02T08:17:30Z,,UggDfEWiFSXh_XgCoAEC
wUn05hdkhjM,"Jimmy Kimmel was the first one to release this! Marvel, why didn&#39;t you release this in your own channel? The trailer needs many views to be spread around the world and I hope that this trailer will not be the final one before it hits theaters May 05!","Jimmy Kimmel was the first one to release this! Marvel, why didn't you release this in your own channel? The trailer needs many views to be spread around the world and I hope that this trailer will not be the final one before it hits theaters May 05!",1,2017-03-02T08:10:29Z,2017-03-02T08:10:29Z,,Ugj7byzZQYiOEHgCoAEC
wUn05hdkhjM,"Who&#39;s Your Daddy, Pete? :D","Who's Your Daddy, Pete? :D",0,2017-03-02T08:07:05Z,2017-03-02T08:07:05Z,,UgjgR9JWxD1ES3gCoAEC
wUn05hdkhjM,"Here we need a Drax solo movie,Marvel!","Here we need a Drax solo movie,Marvel!",1,2017-03-02T08:03:04Z,2017-03-02T08:03:04Z,,Ughwc8bi_e5zHXgCoAEC
wUn05hdkhjM,มาช้ากว่าช่องอื่นจัง,มาช้ากว่าช่องอื่นจัง,0,2017-03-02T08:02:18Z,2017-03-02T08:02:18Z,,Ugh00o6I35GMYHgCoAEC
wUn05hdkhjM,I am your father!!!,I am your father!!!,1,2017-03-02T08:01:00Z,2017-03-02T08:01:00Z,,UgjuzNwwLdCwMHgCoAEC
wUn05hdkhjM,its not a spoiler.,its not a spoiler.,1,2017-03-02T08:09:05Z,2017-03-02T08:09:05Z,Ugj8PgftvQJAGHgCoAEC,Ugj8PgftvQJAGHgCoAEC.8PaiCcRoGaA8PajC7TIJ_O
wUn05hdkhjM,"<a href=""http://youtu.be/wUn05hdkhjM?t=1m27s"">1:27</a> When gamora shoots the gun she kind of glitches backward then forward slightly. Surely someone else noticed that too",1:27 When gamora shoots the gun she kind of glitches backward then forward slightly. Surely someone else noticed that too,3,2017-03-02T07:56:36Z,2017-03-02T07:56:36Z,,UghQOSZ25l32jngCoAEC
wUn05hdkhjM,sjipsdew my little brother wants to watch it so i have to pay the money XD,sjipsdew my little brother wants to watch it so i have to pay the money XD,0,2017-03-03T04:16:02Z,2017-03-03T04:16:02Z,UggpuPY3FHd7_XgCoAEC,UggpuPY3FHd7_XgCoAEC.8PahjdrA73J8PctK6uDhnN
wUn05hdkhjM,lol cars 3,lol cars 3,1,2017-03-02T23:49:31Z,2017-03-02T23:49:31Z,UggpuPY3FHd7_XgCoAEC,UggpuPY3FHd7_XgCoAEC.8PahjdrA73J8PcPoyb1H--
wUn05hdkhjM,"<a href=""http://www.youtube.com/watch?v=wUn05hdkhjM&amp;t=1m56s"">1:56</a> we all know what happens next",1:56 we all know what happens next,1,2017-03-02T07:55:20Z,2017-03-02T07:55:20Z,,UgjDz9vRXm9-1ngCoAEC
wUn05hdkhjM,"<a href=""http://www.youtube.com/watch?v=wUn05hdkhjM&amp;t=1m30s"">1:30</a> one word -BADASS",1:30 one word -BADASS,4,2017-03-02T07:54:45Z,2017-03-02T07:54:45Z,,Ugj5RhgFLNcE8HgCoAEC
wUn05hdkhjM,which is the music..??,which is the music..??,0,2017-03-02T07:54:04Z,2017-03-02T07:54:04Z,,UgjQwFtt47ldyXgCoAEC
wUn05hdkhjM,"More Guardians added, this is going to be an amazing.","More Guardians added, this is going to be an amazing.",0,2017-03-02T07:53:36Z,2017-03-02T07:53:36Z,,UgiDxp-6cP7CMngCoAEC
wUn05hdkhjM,Yellow diamond is that you ?,Yellow diamond is that you ?,0,2017-03-02T07:52:35Z,2017-03-02T07:52:35Z,,UgjBl_ubCgP13XgCoAEC
wUn05hdkhjM,Hands up if you cannot wait for this 🤚🏻🤚🏻🤚🏻,Hands up if you cannot wait for this 🤚🏻🤚🏻🤚🏻,0,2017-03-02T07:52:35Z,2017-03-02T07:52:35Z,,UgjqjzlQUxMHtHgCoAEC
wUn05hdkhjM,"I&#39;m your tribute to legendary space movies, Peter... ;D","I'm your tribute to legendary space movies, Peter... ;D",0,2017-03-02T07:51:20Z,2017-03-02T07:51:20Z,,UghgmOW5pDocEXgCoAEC
wUn05hdkhjM,Yes because the 2nd one is the super bowl one and it&#39;s extended so this is the 2nd and the other released in December last year is the 1st. The other in October is a sneak peek teaser FYI.,Yes because the 2nd one is the super bowl one and it's extended so this is the 2nd and the other released in December last year is the 1st. The other in October is a sneak peek teaser FYI.,0,2017-03-02T08:20:07Z,2017-03-02T08:20:07Z,UghA3T_awejG2HgCoAEC,UghA3T_awejG2HgCoAEC.8Pah4PL565V8PakSrECco3
wUn05hdkhjM,"Since Mantis isn&#39;t green, is this considered whitewashing?","Since Mantis isn't green, is this considered whitewashing?",0,2017-03-02T07:50:21Z,2017-03-02T07:50:21Z,,UgibBUhAPowdN3gCoAEC
wUn05hdkhjM,Ha ha ha like if you agree,Ha ha ha like if you agree,0,2017-03-02T07:50:13Z,2017-03-02T07:50:13Z,,UgjKiqEDJz3qPngCoAEC
wUn05hdkhjM,&quot;Die spaceship!!&quot;,"""Die spaceship!!""",0,2017-03-02T07:50:00Z,2017-03-02T07:50:00Z,,UghtrKg0ID9V83gCoAEC
wUn05hdkhjM,WHAT!!!,WHAT!!!,0,2017-03-02T07:49:02Z,2017-03-02T07:49:02Z,,UghUmAuzECriw3gCoAEC
wUn05hdkhjM,Marvel uploading with internet explorer haha,Marvel uploading with internet explorer haha,0,2017-03-02T07:45:04Z,2017-03-02T07:45:04Z,,UgjTTybvRxFsBngCoAEC
wUn05hdkhjM,Why do I get the feeling drax and nebula are gonna have a love/hate relationship (which is cool cause I would totally ship them XD),Why do I get the feeling drax and nebula are gonna have a love/hate relationship (which is cool cause I would totally ship them XD),0,2017-03-02T07:43:47Z,2017-03-02T07:43:47Z,,UgjMS_olNHSGkXgCoAEC
wUn05hdkhjM,Annnnnnnnnd another SuperHero type Moive...Yay?,Annnnnnnnnd another SuperHero type Moive...Yay?,0,2017-03-02T07:43:08Z,2017-03-02T07:43:08Z,,UghZAgYK7cZMQHgCoAEC
wUn05hdkhjM,And I&#39;m Hooked on a feeling that this movie will be awesome,And I'm Hooked on a feeling that this movie will be awesome,77,2017-03-02T07:42:48Z,2017-03-02T07:42:48Z,,UghkILNY-HYgsHgCoAEC
wUn05hdkhjM,star lord<br>who&#39;s your daddy??,"star lord
who's your daddy??",0,2017-03-02T07:39:56Z,2017-03-02T07:39:56Z,,Ugj8exrA_EZHdngCoAEC
wUn05hdkhjM,marvel uploaded this really late,marvel uploaded this really late,0,2017-03-02T07:39:23Z,2017-03-02T07:39:23Z,,UghJ-EXWf_uJKngCoAEC
wUn05hdkhjM,Julek Usiatycki he reminds me of Kurt russel,Julek Usiatycki he reminds me of Kurt russel,1,2017-03-02T11:01:27Z,2017-03-02T11:01:27Z,UgjrX852PCwSK3gCoAEC,UgjrX852PCwSK3gCoAEC.8PafnCUdddm8Pb1vaKlaBZ
wUn05hdkhjM,Yep,Yep,0,2017-03-02T07:52:31Z,2017-03-02T07:52:31Z,UghHrRoZ34Q-wHgCoAEC,UghHrRoZ34Q-wHgCoAEC.8Pafkzimdtq8PahImuGpF5
wUn05hdkhjM,Yep 2017 &gt; 2016,Yep 2017 > 2016,2,2017-03-02T07:52:04Z,2017-03-02T07:52:04Z,UghHrRoZ34Q-wHgCoAEC,UghHrRoZ34Q-wHgCoAEC.8Pafkzimdtq8PahFUEeljW
wUn05hdkhjM,The guys who made this posted this last. Wow.,The guys who made this posted this last. Wow.,1,2017-03-02T07:36:48Z,2017-03-02T07:36:48Z,,UgjHRVi77ZezkHgCoAEC
wUn05hdkhjM,Great song choice!! I love Fleetwood Mac,Great song choice!! I love Fleetwood Mac,6,2017-03-02T07:36:47Z,2017-03-02T07:36:47Z,,Ugg02c8JGDKAKHgCoAEC
wUn05hdkhjM,OMG epic i want to see it now,OMG epic i want to see it now,0,2017-03-02T07:36:28Z,2017-03-02T07:36:28Z,,Ugg7DfI8GmkEUXgCoAEC
wUn05hdkhjM,We making ALLL KINDS OF GAINS,We making ALLL KINDS OF GAINS,0,2017-03-02T07:36:28Z,2017-03-02T07:36:28Z,,Ughn04w5VQkn2ngCoAEC
wUn05hdkhjM,What song do they use in this trailer?,What song do they use in this trailer?,0,2017-03-02T07:34:02Z,2017-03-02T07:34:02Z,,UgjZcCUjFcTKB3gCoAEC
wUn05hdkhjM,"Yes, this is gonna be awesome!","Yes, this is gonna be awesome!",0,2017-03-02T07:34:02Z,2017-03-02T07:34:02Z,,UgglfE1yCp7Yr3gCoAEC
wUn05hdkhjM,what a surprise?,what a surprise?,0,2017-03-02T07:33:17Z,2017-03-02T07:33:17Z,,Ugg9QRclceS32XgCoAEC
wUn05hdkhjM,Thanks for not putting that stupid teaser before the trailer,Thanks for not putting that stupid teaser before the trailer,0,2017-03-02T07:32:54Z,2017-03-02T07:32:54Z,,UghhvJGCA0bqiHgCoAEC
wUn05hdkhjM,"I am extremely happy they&#39;re bringing back Nebula, excellent character.  She just oozes attitude I love it.","I am extremely happy they're bringing back Nebula, excellent character.  She just oozes attitude I love it.",23,2017-03-02T07:32:41Z,2017-03-02T07:33:07Z,,UggLt51-H2xfT3gCoAEC
wUn05hdkhjM,THAT ENDING THO!,THAT ENDING THO!,0,2017-03-02T07:32:37Z,2017-03-02T07:32:37Z,,UggkeZw3hgH3_ngCoAEC
wUn05hdkhjM,#NAME?,#NAME?,0,2017-11-04T23:44:21Z,2017-11-04T23:44:21Z,UgjG1Ao5QfR-UngCoAEC,UgjG1Ao5QfR-UngCoAEC.8Paen2Tc3KS8ZZP_HbLmWf
wUn05hdkhjM,K Night his name is ego but in the comics its ego the living planet so I dont know if it is going fully off the comics,K Night his name is ego but in the comics its ego the living planet so I dont know if it is going fully off the comics,0,2017-04-25T18:03:55Z,2017-04-25T18:03:55Z,UgjG1Ao5QfR-UngCoAEC,UgjG1Ao5QfR-UngCoAEC.8Paen2Tc3KS8RmqC-yxLde
wUn05hdkhjM,It&#39;s different than the comics. J&#39;son is his father in the comics though they could play it out that J&#39;son is just one of the many avatars that Ego creates to interact with other species. Would be a neat way to tie that together.,It's different than the comics. J'son is his father in the comics though they could play it out that J'son is just one of the many avatars that Ego creates to interact with other species. Would be a neat way to tie that together.,1,2017-03-04T11:44:50Z,2017-03-04T11:44:50Z,UgjG1Ao5QfR-UngCoAEC,UgjG1Ao5QfR-UngCoAEC.8Paen2Tc3KS8PgGU7pWzra
wUn05hdkhjM,K Night that sounds like a family guy sort of thing to happen,K Night that sounds like a family guy sort of thing to happen,0,2017-03-03T16:46:32Z,2017-03-03T16:46:32Z,UgjG1Ao5QfR-UngCoAEC,UgjG1Ao5QfR-UngCoAEC.8Paen2Tc3KS8PeECvy23U0
wUn05hdkhjM,K Night Ego the Living Planet.,K Night Ego the Living Planet.,2,2017-03-02T14:35:36Z,2017-03-02T14:35:36Z,UgjG1Ao5QfR-UngCoAEC,UgjG1Ao5QfR-UngCoAEC.8Paen2Tc3KS8PbQQyxyIgc
wUn05hdkhjM,Y&#39;all sure waited till the last minute,Y'all sure waited till the last minute,0,2017-03-02T07:28:39Z,2017-03-02T07:28:39Z,,UgjfmcdIEFST1XgCoAEC
wUn05hdkhjM,Eh,Eh,0,2017-03-02T07:28:21Z,2017-03-02T07:28:21Z,,UggKt_awpHyiLXgCoAEC
wUn05hdkhjM,"<a href=""http://www.youtube.com/watch?v=wUn05hdkhjM&amp;t=0m20s"">0:20</a> Feel Good Inc!!!!",0:20 Feel Good Inc!!!!,2,2017-03-02T07:28:17Z,2017-03-02T07:28:17Z,,UgjMnHGWrI1H2ngCoAEC
wUn05hdkhjM,+Jesus E Soltero <br>Oh I know. I&#39;m not giving up on DC. Just saying they really need to get it together. I&#39;m hoping they do. DC really has potential to be awesome. But they also need patience too. Dont worry about Marvel. Dont copy Marvel. Just focus on your property.,"+Jesus E Soltero 
Oh I know. I'm not giving up on DC. Just saying they really need to get it together. I'm hoping they do. DC really has potential to be awesome. But they also need patience too. Dont worry about Marvel. Dont copy Marvel. Just focus on your property.",0,2017-03-02T21:08:04Z,2017-03-02T21:08:04Z,Ugjl82yOn-X-OngCoAEC,Ugjl82yOn-X-OngCoAEC.8PaeSbZqYgD8Pc7LW0uuB_
wUn05hdkhjM,"Edster III Marvel did strugle at first, Incredible Hulk and Iron man 2 were part of their first universe, Just Give DC some time","Edster III Marvel did strugle at first, Incredible Hulk and Iron man 2 were part of their first universe, Just Give DC some time",0,2017-03-02T19:05:31Z,2017-03-02T19:05:31Z,Ugjl82yOn-X-OngCoAEC,Ugjl82yOn-X-OngCoAEC.8PaeSbZqYgD8PbuJvE0kBg
wUn05hdkhjM,"Marvel eu te amo, me da uma beijo sua linda.","Marvel eu te amo, me da uma beijo sua linda.",0,2017-03-02T07:27:34Z,2017-03-02T07:27:34Z,,Ugi-PMssrg_fbngCoAEC
wUn05hdkhjM,Best visuals i ever seen,Best visuals i ever seen,0,2017-03-02T07:27:10Z,2017-03-02T07:27:10Z,,UghK40pEKpm_3HgCoAEC
wUn05hdkhjM,&quot;Intense&quot;,"""Intense""",1,2017-03-02T07:27:06Z,2017-03-02T07:27:06Z,,UgiVZ_NFCkbgongCoAEC
wUn05hdkhjM,I think i like little groot more then big groot...,I think i like little groot more then big groot...,1,2017-03-02T07:27:03Z,2017-03-02T07:27:03Z,,UgjGgzpnef2iDXgCoAEC
wUn05hdkhjM,which song is played in the background,which song is played in the background,0,2017-03-02T07:25:52Z,2017-03-02T07:25:52Z,,UgiMmPpYp1Z3QngCoAEC
wUn05hdkhjM,HYPE,HYPE,1,2017-03-02T07:24:27Z,2017-03-02T07:24:27Z,,UgidnAgUUV__-HgCoAEC
wUn05hdkhjM,me: you are late <br>marvel: i was busy,"me: you are late 
marvel: i was busy",0,2017-03-02T07:23:24Z,2017-03-02T07:23:24Z,,Ughs2_2HiepNrngCoAEC
wUn05hdkhjM,I love how Marvel is the last to upload. Haha,I love how Marvel is the last to upload. Haha,1,2017-03-02T07:21:56Z,2017-03-02T07:21:56Z,,Ugi10LEOCdrTe3gCoAEC
wUn05hdkhjM,2 months to go,2 months to go,0,2017-03-02T07:20:44Z,2017-03-02T07:20:44Z,,UghfaLDaxMJo8ngCoAEC
wUn05hdkhjM,When Disney XD&#39;s been there done that,When Disney XD's been there done that,0,2017-03-02T07:20:31Z,2017-03-02T07:20:31Z,,UgictoBHHdfyDngCoAEC
wUn05hdkhjM,Take my money already!,Take my money already!,1,2017-03-02T07:18:18Z,2017-03-02T07:18:18Z,,UghXb-UcEAsWVngCoAEC
wUn05hdkhjM,What&#39;s the song in the trailer??,What's the song in the trailer??,0,2017-03-02T07:16:48Z,2017-03-02T07:16:48Z,,Ugj-uJY1SPq0IngCoAEC
wUn05hdkhjM,Dad: im ur dad peter... <br>peter: NOOOOOO!!!!! <br>😂😂😂,"Dad: im ur dad peter... 
peter: NOOOOOO!!!!! 
😂😂😂",4,2017-03-02T07:16:43Z,2017-03-02T07:16:43Z,,UggwR3sMCeyGz3gCoAEC
wUn05hdkhjM,How tall is Nebula?,How tall is Nebula?,0,2017-03-02T07:16:39Z,2017-03-02T07:16:39Z,,Ugh6FvMJZGQbpXgCoAEC
wUn05hdkhjM,&quot;I&#39;m your dad peter&quot; OMG THAT ENDING OF THE TRAILER THIS IS GONNA BE SO INTRESTING,"""I'm your dad peter"" OMG THAT ENDING OF THE TRAILER THIS IS GONNA BE SO INTRESTING",0,2017-03-02T07:16:17Z,2017-03-02T07:16:17Z,,Ughp3A-2xuDAC3gCoAEC
wUn05hdkhjM,But who said the movie is good?,But who said the movie is good?,2,2017-03-02T07:30:38Z,2017-03-02T07:30:38Z,UgglHq-VTc7L1XgCoAEC,UgglHq-VTc7L1XgCoAEC.8Pad2wuyBJD8PaenUThlAa
wUn05hdkhjM,Oh god when Drax said the whole thing about family I was really expecting Guardians and Fast and Furious to start crossing over.  I mean with FF8 coming Toretto is basically a Marvel superhero so why not?,Oh god when Drax said the whole thing about family I was really expecting Guardians and Fast and Furious to start crossing over.  I mean with FF8 coming Toretto is basically a Marvel superhero so why not?,1,2017-03-02T07:13:41Z,2017-03-02T07:13:41Z,,Ugg1rm-1xwH8GXgCoAEC
wUn05hdkhjM,AHHHHH!,AHHHHH!,0,2017-03-02T07:13:04Z,2017-03-02T07:13:04Z,,Ugg3aQsOQ5cVxXgCoAEC
wUn05hdkhjM,Then your not gonna like infinity war. I know it&#39;s been 1 year since it,Then your not gonna like infinity war. I know it's been 1 year since it,1,2019-05-17T23:55:06Z,2019-05-17T23:55:06Z,Ugjwx1kIiSeGqXgCoAEC,Ugjwx1kIiSeGqXgCoAEC.8PacjcbcYDw8v2oAChPVEh
wUn05hdkhjM,Olivia Siggers  have u seen her chode!?,Olivia Siggers  have u seen her chode!?,0,2017-04-13T13:58:41Z,2017-04-13T13:58:41Z,Ugjwx1kIiSeGqXgCoAEC,Ugjwx1kIiSeGqXgCoAEC.8PacjcbcYDw8RIVaRNuI-A
wUn05hdkhjM,onyourleftbooob Exactly,onyourleftbooob Exactly,2,2017-03-07T08:00:14Z,2017-03-07T08:00:14Z,Ugjwx1kIiSeGqXgCoAEC,Ugjwx1kIiSeGqXgCoAEC.8PacjcbcYDw8Pna9d-AsCi
wUn05hdkhjM,"While it doesn&#39;t bother me because of how much it has been talked about, just because something is at the beginning of a movie doesn&#39;t mean it isn&#39;t a spoiler","While it doesn't bother me because of how much it has been talked about, just because something is at the beginning of a movie doesn't mean it isn't a spoiler",4,2017-03-04T21:19:06Z,2017-03-04T21:19:06Z,Ugjwx1kIiSeGqXgCoAEC,Ugjwx1kIiSeGqXgCoAEC.8PacjcbcYDw8PhIC5UBeK9
wUn05hdkhjM,TOKAGERO1 Good,TOKAGERO1 Good,1,2017-03-04T12:35:29Z,2017-03-04T12:35:29Z,Ugjwx1kIiSeGqXgCoAEC,Ugjwx1kIiSeGqXgCoAEC.8PacjcbcYDw8PgMGxSWTy7
wUn05hdkhjM,13648,13648,0,2017-03-02T07:11:47Z,2017-03-02T07:11:47Z,,UghDTC6cICDaNngCoAEC
wUn05hdkhjM,I am definitely excited for this.,I am definitely excited for this.,1,2017-03-02T07:11:35Z,2017-03-02T07:11:35Z,,Ugi57vc44U1Wq3gCoAEC
wUn05hdkhjM,It sounds just like the intro to Crazy Train!,It sounds just like the intro to Crazy Train!,5,2017-03-02T07:28:10Z,2017-03-02T07:28:10Z,UghQtu_varSsxHgCoAEC,UghQtu_varSsxHgCoAEC.8Pacaco-Rvg8PaeWN6c1TF
wUn05hdkhjM,Thumbnail<br>Guardians of the Galaxy Vo&#39;,"Thumbnail
Guardians of the Galaxy Vo'",0,2017-03-02T07:11:01Z,2017-03-02T07:11:17Z,,UggXp6fQdGy_D3gCoAEC
wUn05hdkhjM,Are you planning to release the whole movie in trailers?,Are you planning to release the whole movie in trailers?,0,2017-03-02T07:10:23Z,2017-03-02T07:10:23Z,,UggCUHbCyBRNPngCoAEC
wUn05hdkhjM,rockets translation: I am so proud of my role in guardians of the galaxy!!,rockets translation: I am so proud of my role in guardians of the galaxy!!,1,2017-03-02T07:12:42Z,2017-03-02T07:12:42Z,Ugim45bw97KuLHgCoAEC,Ugim45bw97KuLHgCoAEC.8PacPy7fCQe8Pack6cPyfC
wUn05hdkhjM,Damn.. Grow up already GROOT !,Damn.. Grow up already GROOT !,0,2017-03-02T07:09:45Z,2017-03-02T07:09:59Z,,UggHvIUNFUUQc3gCoAEC
wUn05hdkhjM,"so that&#39;s it huh Marvel, you&#39;re some kind of Late Squad...","so that's it huh Marvel, you're some kind of Late Squad...",0,2017-03-02T07:09:12Z,2017-03-02T07:09:12Z,,UggwFU_mFNAk7XgCoAEC
wUn05hdkhjM,so late,so late,0,2017-03-02T07:06:24Z,2017-03-02T07:06:24Z,,UghDExZ_9pbw5XgCoAEC
wUn05hdkhjM,spoiler alert,spoiler alert,0,2017-03-02T07:06:19Z,2017-03-02T07:06:19Z,,Ugib1LEeY3rthngCoAEC
wUn05hdkhjM,Marvel........Wow Just Wow,Marvel........Wow Just Wow,0,2017-03-02T07:05:31Z,2017-03-02T07:05:31Z,,Ugg0TndXtwRBZ3gCoAEC
wUn05hdkhjM,I still can&#39;t get over how cute Baby Groot is!! 😭,I still can't get over how cute Baby Groot is!! 😭,2,2017-03-02T07:04:58Z,2017-03-02T07:04:58Z,,Ugg3W1Wy5nX3iXgCoAEC
wUn05hdkhjM,"G3nesis999 I can imagine them fighting for a doll, Marvel do it!!!!!","G3nesis999 I can imagine them fighting for a doll, Marvel do it!!!!!",3,2017-03-02T07:14:39Z,2017-03-02T07:14:39Z,Ugj2mL4G-Eq0MngCoAEC,Ugj2mL4G-Eq0MngCoAEC.8PabnGHaeWs8PacyQgoylW
wUn05hdkhjM,I&#39;m in! Great trailer. Really capturing the comic vibe here people!,I'm in! Great trailer. Really capturing the comic vibe here people!,3,2017-03-02T07:04:08Z,2017-03-02T07:04:08Z,,UgjC1OKuMFJpdngCoAEC
wUn05hdkhjM,&quot;Who the hell are you?&quot;<br>&quot;THE HANGMAN&quot;,"""Who the hell are you?""
""THE HANGMAN""",4,2017-03-02T07:03:39Z,2017-03-02T07:03:39Z,,Ugg5O34UMZXjFXgCoAEC
wUn05hdkhjM,"+daniel allen <br><br>It&#39;s only the movies where Marvel is doing better than them because other than that, DC clearly takes the cake in all of those other departments.<br>Whether it be the live action TV shows or the animated ones, whether it be the comics or the video games, DC owns Marvel in all of them.","+daniel allen 

It's only the movies where Marvel is doing better than them because other than that, DC clearly takes the cake in all of those other departments.
Whether it be the live action TV shows or the animated ones, whether it be the comics or the video games, DC owns Marvel in all of them.",2,2017-03-03T22:09:07Z,2017-03-03T22:09:07Z,UgjcthdKSRGFE3gCoAEC,UgjcthdKSRGFE3gCoAEC.8PabdjVw2HF8Peo7_U60ax
wUn05hdkhjM,"Abhi Sharma maybe marvel, DC needs to go back to the drawing board","Abhi Sharma maybe marvel, DC needs to go back to the drawing board",2,2017-03-03T02:47:24Z,2017-03-03T02:47:24Z,UgjcthdKSRGFE3gCoAEC,UgjcthdKSRGFE3gCoAEC.8PabdjVw2HF8PcjArHFqQ8
wUn05hdkhjM,like por el padre de star lord,like por el padre de star lord,1,2017-03-02T07:02:48Z,2017-03-02T07:02:48Z,,Ugj6R6CnW2rw3ngCoAEC
wUn05hdkhjM,"<b>DIE, SPACESHIP!</b><br><br>And see that at <a href=""https://www.youtube.com/watch?v=wUn05hdkhjM&amp;t=0m36s"">0:36</a>? Those aliens took their cue from the Nova Corps.","*DIE, SPACESHIP!*

And see that at 0:36? Those aliens took their cue from the Nova Corps.",4,2017-03-02T07:02:26Z,2017-03-02T07:03:09Z,,UgitsQIV3T_2QXgCoAEC
wUn05hdkhjM,already saw this on Jimmy Kimmel,already saw this on Jimmy Kimmel,0,2017-03-02T07:01:58Z,2017-03-02T07:01:58Z,,UgihQTiPOKOVXHgCoAEC
wUn05hdkhjM,Fleetwood mac - the chain <br>the song,"Fleetwood mac - the chain 
the song",13,2017-03-02T07:01:32Z,2017-03-02T07:01:32Z,,UgiK2ooKtMSjmHgCoAEC
wUn05hdkhjM,Ego looks pretty death proof for a man his age.,Ego looks pretty death proof for a man his age.,26,2017-03-02T07:01:03Z,2017-03-02T07:03:09Z,,UgifsHM20LJXKXgCoAEC
wUn05hdkhjM,"Song <a href=""http://www.youtube.com/watch?v=wUn05hdkhjM&amp;t=1m15s"">1:15</a> :) plz",Song 1:15 :) plz,0,2017-03-02T07:00:51Z,2017-03-02T07:00:51Z,,UgjtCeX2cEhbV3gCoAEC
wUn05hdkhjM,Gamora to groot Hi,Gamora to groot Hi,1,2017-03-02T07:00:13Z,2017-03-02T07:00:13Z,,UgjfJ1Ygx8NWqngCoAEC
wUn05hdkhjM,this is great,this is great,0,2017-03-02T06:58:59Z,2017-03-02T06:58:59Z,,Ugg4OdD0tkM7EngCoAEC
wUn05hdkhjM,This looks delicious!,This looks delicious!,16,2017-03-02T06:58:57Z,2017-03-02T06:58:57Z,,Ugh3o5DnxuGCVHgCoAEC
wUn05hdkhjM,I&#39;m so excited to see baby Groot kick some ass,I'm so excited to see baby Groot kick some ass,0,2017-03-02T06:58:37Z,2017-03-02T06:58:37Z,,UghuC2aYO63bxngCoAEC
wUn05hdkhjM,"I&#39;m really excited for this movie and all, but this comment will probably get 0 likes.","I'm really excited for this movie and all, but this comment will probably get 0 likes.",3,2017-03-02T06:58:15Z,2017-03-02T06:58:15Z,,UgjkAh0_C9oDIXgCoAEC
wUn05hdkhjM,pero que buen tráiler papuh,pero que buen tráiler papuh,0,2017-03-02T06:57:57Z,2017-03-02T06:57:57Z,,UgjXnVFCn7M0cngCoAEC
wUn05hdkhjM,We&#39;re family line has to be banned now.,We're family line has to be banned now.,0,2017-03-02T06:57:52Z,2017-03-02T06:57:52Z,,UgiRA0gR7HrHsHgCoAEC
wUn05hdkhjM,"Love the part <a href=""https://www.youtube.com/watch?v=wUn05hdkhjM&amp;t=1m52s"">1:52</a> the blaster and the music blending together",Love the part 1:52 the blaster and the music blending together,22,2017-03-02T06:57:40Z,2017-03-02T06:58:14Z,,UgghLIoJC9HH5HgCoAEC
wUn05hdkhjM,What did Drax say at the end?,What did Drax say at the end?,0,2017-03-02T06:57:24Z,2017-03-02T06:57:34Z,,UgiVwvLTl1F-GXgCoAEC
wUn05hdkhjM,Drax is hilarious and you will quote everything he says.,Drax is hilarious and you will quote everything he says.,0,2017-03-02T06:56:09Z,2017-03-02T06:56:09Z,,Ugg_PBZIZfjy0ngCoAEC
wUn05hdkhjM,Starwars!!!!!sorry,Starwars!!!!!sorry,0,2017-03-02T06:56:13Z,2017-03-02T06:56:13Z,,Ugh6vFJCLrO1A3gCoAEC
wUn05hdkhjM,Omg,Omg,0,2017-03-02T06:55:51Z,2017-03-02T06:55:51Z,,Ugghvbf9IFgHkngCoAEC
wUn05hdkhjM,DAD??????????????,DAD??????????????,0,2017-03-02T06:55:00Z,2017-03-02T06:55:00Z,,Ugj6yhUNgzG_tngCoAEC
wUn05hdkhjM,views going up by the hundreds every second,views going up by the hundreds every second,0,2017-03-02T06:54:58Z,2017-03-02T06:54:58Z,,UggTcdMvRQEFsngCoAEC
wUn05hdkhjM,O pimba domina aqui pourra,O pimba domina aqui pourra,0,2017-03-02T06:54:44Z,2017-03-02T06:54:44Z,,UgjjVry2AaT0DHgCoAEC
wUn05hdkhjM,The Chain remix totally makes this trailer.,The Chain remix totally makes this trailer.,0,2017-03-02T06:54:11Z,2017-03-02T06:54:11Z,,UgjsgnZhInzS73gCoAEC
wUn05hdkhjM,"True, but say you didn&#39;t, and you just say this in the cinema before a movie. Then what?","True, but say you didn't, and you just say this in the cinema before a movie. Then what?",0,2017-03-02T09:07:26Z,2017-03-02T09:07:26Z,UggeImwWkzc87ngCoAEC,UggeImwWkzc87ngCoAEC.8PaabZzlcjH8PapsSpY3FI
wUn05hdkhjM,The &quot;I&#39;m your dad&quot; bit? Everyone knew this going in.,"The ""I'm your dad"" bit? Everyone knew this going in.",2,2017-03-02T07:21:31Z,2017-03-02T07:21:56Z,UggeImwWkzc87ngCoAEC,UggeImwWkzc87ngCoAEC.8PaabZzlcjH8PadkkMfcps
wUn05hdkhjM,Been here before 10K views,Been here before 10K views,0,2017-03-02T06:53:34Z,2017-03-02T06:53:34Z,,UghjWAWrKgN0wngCoAEC
wUn05hdkhjM,Kimmel premiered this yesterday,Kimmel premiered this yesterday,0,2017-03-02T06:52:28Z,2017-03-02T06:52:28Z,,UgiRFhYTuzIJ0XgCoAEC
wUn05hdkhjM,Wow Cool,Wow Cool,0,2017-03-02T06:52:01Z,2017-03-02T06:52:01Z,,UgjMEELgPSYn13gCoAEC
wUn05hdkhjM,I don&#39;t know where i&#39;ve heard this line before... &quot;I am your father...&#39;&#39; Meh probably some z rated movie,"I don't know where i've heard this line before... ""I am your father...'' Meh probably some z rated movie",0,2017-03-02T06:51:45Z,2017-03-02T06:51:45Z,,UghhPjfF1lxoPHgCoAEC
wUn05hdkhjM,Last,Last,0,2017-03-02T06:49:40Z,2017-03-02T06:49:40Z,,Ugho0_5pb60aQHgCoAEC
wUn05hdkhjM,PIDR,PIDR,0,2017-03-02T06:48:53Z,2017-03-02T06:48:53Z,,UggZTQcoo9ZJVXgCoAEC
wUn05hdkhjM,"Ah! The jizz, it won&#39;t stop spewing! I&#39;m too excited!&quot;","Ah! The jizz, it won't stop spewing! I'm too excited!""",0,2017-03-02T06:48:46Z,2017-03-02T06:48:46Z,,UghYAFozx0GWNXgCoAEC
wUn05hdkhjM,"&quot;The Chain&quot; by Fleetwood Mac, love love love.","""The Chain"" by Fleetwood Mac, love love love.",0,2017-03-02T06:48:29Z,2017-03-02T06:48:29Z,,Ugif4aZVBjlo0XgCoAEC
wUn05hdkhjM,This movie looks like so much fun.,This movie looks like so much fun.,0,2017-03-02T06:48:16Z,2017-03-02T06:48:16Z,,Uggnz3kSmrOerHgCoAEC
wUn05hdkhjM,I already watched on movie trailer clips,I already watched on movie trailer clips,0,2017-03-02T06:48:15Z,2017-03-02T06:48:15Z,,UghBTEysfGNjengCoAEC
wUn05hdkhjM,when otros canales suben el trailer antes q tu,when otros canales suben el trailer antes q tu,0,2017-03-02T06:48:04Z,2017-03-02T06:48:04Z,,UgjbgVebEFM42HgCoAEC
wUn05hdkhjM,Drax is hilarious and we should quote everything he says...,Drax is hilarious and we should quote everything he says...,8,2017-03-02T06:47:57Z,2017-03-02T06:47:57Z,,UgizWWim-lHtxXgCoAEC
wUn05hdkhjM,Trailer gera furdunducio,Trailer gera furdunducio,0,2017-03-02T06:47:29Z,2017-03-02T06:47:29Z,,UgjSF48vf_yEZngCoAEC
wUn05hdkhjM,"So that&#39;s it, huh? <br><br><br><br><br>We&#39;re some kind of Guardians of the Galaxy?","So that's it, huh? 




We're some kind of Guardians of the Galaxy?",4,2017-03-02T06:47:27Z,2017-03-02T06:47:27Z,,UgiUSqhauKgEgngCoAEC
wUn05hdkhjM,"WOAH! No way he&#39;s his dad, didn&#39;t see that coming dang!!","WOAH! No way he's his dad, didn't see that coming dang!!",0,2017-03-02T06:46:37Z,2017-03-02T06:46:37Z,,UghnDhRTKEvYgXgCoAEC
wUn05hdkhjM,really early,really early,0,2017-03-02T06:46:30Z,2017-03-02T06:46:30Z,,UgjR_ZwUdnUi6HgCoAEC
wUn05hdkhjM,"@The Good Reylo yeah, but the rest...","@The Good Reylo yeah, but the rest...",0,2023-05-11T03:02:57Z,2023-05-11T03:02:57Z,UggZ5HZXN6tvH3gCoAEC,UggZ5HZXN6tvH3gCoAEC.8Pa_hlPU4Lh9pZ4UDxn0Kq
wUn05hdkhjM,@Thomas shelby <b>laughs in Guardians of the Galaxy Vol. 3 being a masterpiece</b>,@Thomas shelby *laughs in Guardians of the Galaxy Vol. 3 being a masterpiece*,0,2023-05-11T01:37:41Z,2023-05-11T01:37:41Z,UggZ5HZXN6tvH3gCoAEC,UggZ5HZXN6tvH3gCoAEC.8Pa_hlPU4Lh9pYvinGMMlw
wUn05hdkhjM,​@The Good Reylo joke,​@The Good Reylo joke,0,2023-05-11T01:32:48Z,2023-05-11T01:32:48Z,UggZ5HZXN6tvH3gCoAEC,UggZ5HZXN6tvH3gCoAEC.8Pa_hlPU4Lh9pYvA1qKpYC
wUn05hdkhjM,@CleoVersusHollywoodThe MCU’s still going strong.<br><br>DC is in shambles,"@CleoVersusHollywoodThe MCU’s still going strong.

DC is in shambles",0,2023-04-12T15:28:47Z,2023-04-12T15:28:47Z,UggZ5HZXN6tvH3gCoAEC,UggZ5HZXN6tvH3gCoAEC.8Pa_hlPU4Lh9oPjmaNXkUz
wUn05hdkhjM,This aged poorly,This aged poorly,0,2023-04-07T14:13:55Z,2023-04-07T14:13:55Z,UggZ5HZXN6tvH3gCoAEC,UggZ5HZXN6tvH3gCoAEC.8Pa_hlPU4Lh9oCjEpOyEIT
wUn05hdkhjM,"I’ll do you one better, WHY is Gamora?","I’ll do you one better, WHY is Gamora?",0,2021-10-07T19:00:36Z,2021-10-07T19:00:36Z,Ugh_lFYu6Tq3rngCoAEC,Ugh_lFYu6Tq3rngCoAEC.8Pa_fSaE8WX9TClDzgwi00
wUn05hdkhjM,"Drax: &quot;Did you make a peniz?&quot; <br>Quill: &quot;Dude&quot;<br>Gamora: &quot;What is wrong with you&quot;<br>Drax: &quot; if he&#39;s a planet, how can he make a baby with your mother? It would smush her!&quot;<br>Quill: &quot;I don&#39;t wanna know how my parents  &quot;<br>Drax: &quot;Why? My father would tell us stories about impregnating my mother every winter solictice&quot;<br>Quill: &quot;that&#39;s gross&quot;<br>Drax: &quot;It was beautiful, You earthers have hang ups.&quot;","Drax: ""Did you make a peniz?"" 
Quill: ""Dude""
Gamora: ""What is wrong with you""
Drax: "" if he's a planet, how can he make a baby with your mother? It would smush her!""
Quill: ""I don't wanna know how my parents  ""
Drax: ""Why? My father would tell us stories about impregnating my mother every winter solictice""
Quill: ""that's gross""
Drax: ""It was beautiful, You earthers have hang ups.""",1,2021-09-09T03:37:08Z,2021-09-09T03:37:08Z,Ugh_lFYu6Tq3rngCoAEC,Ugh_lFYu6Tq3rngCoAEC.8Pa_fSaE8WX9S30HlcicEi
wUn05hdkhjM,And that&#39;s literally what&#39;s happening,And that's literally what's happening,0,2021-05-05T17:37:31Z,2021-05-05T17:37:31Z,Ugh_lFYu6Tq3rngCoAEC,Ugh_lFYu6Tq3rngCoAEC.8Pa_fSaE8WX9MyVVr9oJYP
wUn05hdkhjM,“AHAAHAHAHAHAAAAAAAA” ~Drax,“AHAAHAHAHAHAAAAAAAA” ~Drax,0,2020-12-25T10:43:27Z,2020-12-25T10:43:27Z,Ugh_lFYu6Tq3rngCoAEC,Ugh_lFYu6Tq3rngCoAEC.8Pa_fSaE8WX9HgRzRlhFUF
wUn05hdkhjM,Comic pop!,Comic pop!,0,2020-10-13T03:51:26Z,2020-10-13T03:51:26Z,Ugh_lFYu6Tq3rngCoAEC,Ugh_lFYu6Tq3rngCoAEC.8Pa_fSaE8WX9EjjnuV2CpO
wUn05hdkhjM,Already watched this as many times as possible since it was posted,Already watched this as many times as possible since it was posted,0,2017-03-02T06:45:16Z,2017-03-02T06:45:16Z,,Ugg3vlSYCX5FUXgCoAEC
wUn05hdkhjM,The hype is so real.,The hype is so real.,44,2017-03-02T06:44:46Z,2017-03-02T06:44:46Z,,UghWPcWMyFuP1ngCoAEC
wUn05hdkhjM,but why it can&#39;t be liked twice and how i go around it?,but why it can't be liked twice and how i go around it?,0,2017-03-02T06:44:32Z,2017-03-02T06:44:32Z,,UgjLbk2wTGGgT3gCoAEC
wUn05hdkhjM,"Notification Sqaaaaaaaaaad, where you at???????","Notification Sqaaaaaaaaaad, where you at???????",0,2017-03-02T06:44:26Z,2017-03-02T06:44:26Z,,UgilgxdKHC5ElngCoAEC
wUn05hdkhjM,"Unbelievably excited for this film, the heart, humour and stunning visuals are still there!<br><br>Excelsior to you Marvel!","Unbelievably excited for this film, the heart, humour and stunning visuals are still there!

Excelsior to you Marvel!",9,2017-03-02T06:43:58Z,2017-03-02T06:43:58Z,,UghG1Wk69Y_U6HgCoAEC
wUn05hdkhjM,Who has seen the aquaman footage uploaded by Snyder?,Who has seen the aquaman footage uploaded by Snyder?,0,2017-03-02T06:42:56Z,2017-03-02T06:42:56Z,,UghzctqSAlZJRXgCoAEC
wUn05hdkhjM,"&quot;Peter, I am your father.&quot;<br>&quot;Noooooooo!!!!!!!&quot;","""Peter, I am your father.""
""Noooooooo!!!!!!!""",1,2017-03-02T06:41:57Z,2017-03-02T06:41:57Z,,UgjXZPItdQERsXgCoAEC
wUn05hdkhjM,never been this early 😁<br>I&#39;m sooooo excited 😍,"never been this early 😁
I'm sooooo excited 😍",1,2017-03-02T06:41:44Z,2017-03-02T06:41:44Z,,UghNpp5-1MiOkHgCoAEC
wUn05hdkhjM,So that&#39;s it huh?...We some kinda <b>Guardians of the Galaxy</b>,So that's it huh?...We some kinda *Guardians of the Galaxy*,1,2017-03-02T06:41:43Z,2017-03-02T06:41:43Z,,UghSMueTSD8SCngCoAEC
wUn05hdkhjM,Last time I was this early...,Last time I was this early...,0,2017-03-02T06:41:32Z,2017-03-02T06:41:32Z,,UghInwY1PXszD3gCoAEC
wUn05hdkhjM,Marvel uploads their trailers a day after everyone else 😂,Marvel uploads their trailers a day after everyone else 😂,0,2017-03-02T06:40:39Z,2017-03-02T06:40:39Z,,UghzfFBkuuaTS3gCoAEC
wUn05hdkhjM,Am I the only one who saw this yesterday?,Am I the only one who saw this yesterday?,1,2017-03-02T06:40:14Z,2017-03-02T06:40:14Z,,Uggrs4pKLFNxEHgCoAEC
wUn05hdkhjM,Groot we are groot,Groot we are groot,0,2017-03-02T08:18:12Z,2017-03-02T08:18:12Z,UghgTStFnKSjnXgCoAEC,UghgTStFnKSjnXgCoAEC.8PaZw17wMiD8PakEodIhL7
wUn05hdkhjM,why baby groot seems so depressed or sad?,why baby groot seems so depressed or sad?,0,2017-03-02T06:39:07Z,2017-03-02T06:39:07Z,,UgjAJwBAgJpZdHgCoAEC
wUn05hdkhjM,@BladeGamingStation thank you. Idky people force other people to pick a side. Like bruh let me enjoy both of them😂,@BladeGamingStation thank you. Idky people force other people to pick a side. Like bruh let me enjoy both of them😂,0,2020-04-18T07:19:12Z,2020-04-18T07:19:12Z,Ugg9S8KfZRpCa3gCoAEC,Ugg9S8KfZRpCa3gCoAEC.8PaZt_Nwj7497_m4tOK2jy
wUn05hdkhjM,After 2 years Dc Pussyshits knew why Those charecters were saved and how to end..,After 2 years Dc Pussyshits knew why Those charecters were saved and how to end..,0,2019-05-24T05:01:59Z,2019-05-24T05:01:59Z,Ugg9S8KfZRpCa3gCoAEC,Ugg9S8KfZRpCa3gCoAEC.8PaZt_Nwj748vIo36gLm25
wUn05hdkhjM,"Okay, AoU is trying too hard to force comedy AND it doesn&#39;t build up on the arc of some charcters:<br>Example: Quicksilver&#39;s death, why was there NO FUNERAL? You don&#39;t even see Wanda feel the effects of her Brother&#39;s death for long. They did not have an emotional reaction, a sense of tragedy and sadness of the situation.<br><br>And some of the effects.......Urgh. Look at the scene where Cap swing from a Truck&#39;s retrovisor..... I didn&#39;t know Steve was one of the Ancient One&#39;s students......Captain Strange!!! (Jk).<br>It also tries to shove TOO MUCH. Focus on the primary story. Ultron as a character was WASTED. They had so much to do with him, his abilities and other things.<br>They made him too human and also try to give him some humor. It goes against what his character is supposed to be. They gave him such power to make him a weakling in the end. He could have ended Black Widow&#39;s life to really break some of the team, and he didn&#39;t. WHY? There is so much i want to say, but i feel like i&#39;m rambling and ranting.<br><br>Anyways, it is still an enjoyable movie, but it still has some obvious flaws.","Okay, AoU is trying too hard to force comedy AND it doesn't build up on the arc of some charcters:
Example: Quicksilver's death, why was there NO FUNERAL? You don't even see Wanda feel the effects of her Brother's death for long. They did not have an emotional reaction, a sense of tragedy and sadness of the situation.

And some of the effects.......Urgh. Look at the scene where Cap swing from a Truck's retrovisor..... I didn't know Steve was one of the Ancient One's students......Captain Strange!!! (Jk).
It also tries to shove TOO MUCH. Focus on the primary story. Ultron as a character was WASTED. They had so much to do with him, his abilities and other things.
They made him too human and also try to give him some humor. It goes against what his character is supposed to be. They gave him such power to make him a weakling in the end. He could have ended Black Widow's life to really break some of the team, and he didn't. WHY? There is so much i want to say, but i feel like i'm rambling and ranting.

Anyways, it is still an enjoyable movie, but it still has some obvious flaws.",2,2017-04-11T22:26:51Z,2017-04-11T22:26:51Z,Ugg9S8KfZRpCa3gCoAEC,Ugg9S8KfZRpCa3gCoAEC.8PaZt_Nwj748REG9bSHZum
wUn05hdkhjM,you just quoted many movies before and after the avengers. the plots of both avengers movies are not the main focus. the characters are.,you just quoted many movies before and after the avengers. the plots of both avengers movies are not the main focus. the characters are.,0,2017-04-11T22:17:44Z,2017-04-11T22:17:44Z,Ugg9S8KfZRpCa3gCoAEC,Ugg9S8KfZRpCa3gCoAEC.8PaZt_Nwj748REF6q4L1qH
wUn05hdkhjM,"since when was age of ultron a bad movie? it built up on it&#39;s characters, unlike the first. it actually improved that major issue. the first one had no character development. it was a series of one liners and character interactions, and I loved it for it. if age of ultron was the first avengers film, the original avengers wouldn&#39;y be praised as much","since when was age of ultron a bad movie? it built up on it's characters, unlike the first. it actually improved that major issue. the first one had no character development. it was a series of one liners and character interactions, and I loved it for it. if age of ultron was the first avengers film, the original avengers wouldn'y be praised as much",0,2017-04-11T22:15:53Z,2017-04-11T22:15:53Z,Ugg9S8KfZRpCa3gCoAEC,Ugg9S8KfZRpCa3gCoAEC.8PaZt_Nwj748REEuE6YqtR
wUn05hdkhjM,NOT FIRST<br><br><br><br><br><br>still pretty early though,"NOT FIRST





still pretty early though",0,2017-03-02T06:38:26Z,2017-03-02T06:38:26Z,,Ugg_I14elkUaBngCoAEC
wUn05hdkhjM,Last time I was this early Baby Groot was just Groot.,Last time I was this early Baby Groot was just Groot.,0,2017-03-02T06:38:17Z,2017-03-02T06:38:17Z,,Ugj5DEqgwA1Rn3gCoAEC
wUn05hdkhjM,Wooow,Wooow,0,2017-03-02T06:38:13Z,2017-03-02T06:38:13Z,,Ugif346gBZwCE3gCoAEC
wUn05hdkhjM,"Like The Final, Like Like","Like The Final, Like Like",1,2017-03-02T06:38:05Z,2017-03-02T06:38:05Z,,Ugg6bR-uxgPym3gCoAEC
wUn05hdkhjM,"Finally we get to see Star-Lord&#39;s dad! And I can&#39;t wait to see Rocket and baby Groot! &lt;3 &lt;3 &lt;3<br><br>Also, I&#39;m the only one here who actually wants Gamora to be with Drax instead?! They&#39;d be an awesome couple!","Finally we get to see Star-Lord's dad! And I can't wait to see Rocket and baby Groot! <3 <3 <3

Also, I'm the only one here who actually wants Gamora to be with Drax instead?! They'd be an awesome couple!",0,2017-03-02T06:36:59Z,2017-03-02T06:36:59Z,,UggQJ0MkrqxCdngCoAEC
wUn05hdkhjM,"It doesn&#39;t get but gotg 1&amp;2 are my most favourite marvel movies, this is the only movie where I love all characters","It doesn't get but gotg 1&2 are my most favourite marvel movies, this is the only movie where I love all characters",0,2021-05-27T17:11:08Z,2021-05-27T17:11:08Z,Ugi5qsnusGzlUHgCoAEC,Ugi5qsnusGzlUHgCoAEC.8PaZdJOn_7n9Nr5ym5VNv3
wUn05hdkhjM,It&#39;s done really well at the box office but has failed to reach $1 billion.,It's done really well at the box office but has failed to reach $1 billion.,1,2017-08-06T20:38:19Z,2017-08-06T20:38:19Z,Ugi5qsnusGzlUHgCoAEC,Ugi5qsnusGzlUHgCoAEC.8PaZdJOn_7n8VwKk50Vj8g
wUn05hdkhjM,well it didnt,well it didnt,2,2017-07-30T13:51:31Z,2017-07-30T13:51:31Z,Ugi5qsnusGzlUHgCoAEC,Ugi5qsnusGzlUHgCoAEC.8PaZdJOn_7n8Vd_cNgp1xq
wUn05hdkhjM,I am Legend agree transformers always do that but i believe that it will gross 1-1.1 billions  maybe guardians will outrgroos or  at least reach it,I am Legend agree transformers always do that but i believe that it will gross 1-1.1 billions  maybe guardians will outrgroos or  at least reach it,1,2017-04-13T15:13:50Z,2017-04-13T15:13:50Z,Ugi5qsnusGzlUHgCoAEC,Ugi5qsnusGzlUHgCoAEC.8PaZdJOn_7n8RIdBrNH8Pj
wUn05hdkhjM,"Funny thing is, TF5 will probably be critically panned, but gross more than all 3 marvel films","Funny thing is, TF5 will probably be critically panned, but gross more than all 3 marvel films",0,2017-04-13T15:05:33Z,2017-04-13T15:05:33Z,Ugi5qsnusGzlUHgCoAEC,Ugi5qsnusGzlUHgCoAEC.8PaZdJOn_7n8RIcF4jdEb3
wUn05hdkhjM,"&quot;But I guess we&#39;re both doing guns now, I just didn&#39;t know that&quot; Best line from the trailer","""But I guess we're both doing guns now, I just didn't know that"" Best line from the trailer",1,2017-03-02T06:36:46Z,2017-03-02T06:36:46Z,,UghNCmRnwyALUXgCoAEC
wUn05hdkhjM,Razer Howl <br>Nope,"Razer Howl 
Nope",0,2017-03-15T03:32:44Z,2017-03-15T03:32:44Z,UgjvRKGDDT1fIngCoAEC,UgjvRKGDDT1fIngCoAEC.8PaZWqva2bo8Q6huPM23i9
wUn05hdkhjM,*Spider-Man,*Spider-Man,3,2017-03-02T23:55:28Z,2017-03-02T23:55:28Z,UgjvRKGDDT1fIngCoAEC,UgjvRKGDDT1fIngCoAEC.8PaZWqva2bo8PcQV_AxNje
wUn05hdkhjM,yes and thor trailer,yes and thor trailer,1,2017-03-02T22:17:21Z,2017-03-02T22:17:21Z,UgjvRKGDDT1fIngCoAEC,UgjvRKGDDT1fIngCoAEC.8PaZWqva2bo8PcFGyxcK4B
wUn05hdkhjM,Yes but I also want more Guardians clips to AND A THOR TRAILER,Yes but I also want more Guardians clips to AND A THOR TRAILER,4,2017-03-02T15:26:42Z,2017-03-02T15:26:42Z,UgjvRKGDDT1fIngCoAEC,UgjvRKGDDT1fIngCoAEC.8PaZWqva2bo8PbWHLbEMuG
wUn05hdkhjM,yes :&#39;v,yes :'v,0,2017-03-02T15:05:25Z,2017-03-02T15:05:25Z,UgjvRKGDDT1fIngCoAEC,UgjvRKGDDT1fIngCoAEC.8PaZWqva2bo8PbTqOH7HM1
wUn05hdkhjM,150 views.,150 views.,0,2017-03-02T06:35:07Z,2017-03-02T06:35:07Z,,UghF05Pozs-poXgCoAEC
wUn05hdkhjM,Ye boiii,Ye boiii,0,2017-03-02T06:34:47Z,2017-03-02T06:34:47Z,,UgjxZO8DIdt27XgCoAEC
wUn05hdkhjM,german????,german????,1,2017-03-02T06:34:39Z,2017-03-02T06:34:39Z,,UgieLcjn7LMlQngCoAEC
wUn05hdkhjM,This comment gonna be gone soon.,This comment gonna be gone soon.,1,2017-03-02T06:34:08Z,2017-03-02T06:34:08Z,,UghPzCj4ZYi_jXgCoAEC
wUn05hdkhjM,y los subtitulos ctm,y los subtitulos ctm,0,2017-03-02T06:34:06Z,2017-03-02T06:34:06Z,,UgiGtShbZCMsOHgCoAEC
wUn05hdkhjM,"man drax&#39;s laugh at <a href=""http://www.youtube.com/watch?v=wUn05hdkhjM&amp;t=0m20s"">0:20</a> made my day",man drax's laugh at 0:20 made my day,0,2017-03-02T06:33:59Z,2017-03-02T06:33:59Z,,Ugh3VDDoXlTKSHgCoAEC
wUn05hdkhjM,"TheBudderMC Not really, since this was posted like a day ago... (and yes, I know being this early to a video/trailer)","TheBudderMC Not really, since this was posted like a day ago... (and yes, I know being this early to a video/trailer)",4,2017-03-02T07:13:58Z,2017-03-02T07:13:58Z,Ugi7X7ewDbpl8XgCoAEC,Ugi7X7ewDbpl8XgCoAEC.8PaZJ-21y328PactTW_uxm
wUn05hdkhjM,Kind of late marvel,Kind of late marvel,0,2017-03-02T06:33:45Z,2017-03-02T06:33:45Z,,UggFjJBNG2cm_ngCoAEC
wUn05hdkhjM,@Rias Jollota I have throughly enjoyed watching the new Star Wars movies and Solo A Star Wars Story answered a lot of questions that I was curious about,@Rias Jollota I have throughly enjoyed watching the new Star Wars movies and Solo A Star Wars Story answered a lot of questions that I was curious about,1,2019-03-21T00:37:36Z,2019-03-21T00:37:57Z,UghUEpCSmhHQBXgCoAEC,UghUEpCSmhHQBXgCoAEC.8PaZFRbn6t98siXvjZ2RK5
wUn05hdkhjM,"yes, star wars invented the concept of fathers","yes, star wars invented the concept of fathers",3,2018-12-28T01:14:01Z,2018-12-28T01:14:01Z,UghUEpCSmhHQBXgCoAEC,UghUEpCSmhHQBXgCoAEC.8PaZFRbn6t98pNt6nXQNLr
wUn05hdkhjM,@Rias Jollota rogue one is a masterpiece other sw of disney not i have hope for episode IX,@Rias Jollota rogue one is a masterpiece other sw of disney not i have hope for episode IX,1,2018-12-10T21:21:08Z,2018-12-10T21:21:08Z,UghUEpCSmhHQBXgCoAEC,UghUEpCSmhHQBXgCoAEC.8PaZFRbn6t98oggxFeEUm_
wUn05hdkhjM,I prefer Guardians over the new Star Wars any day.<br>Star wars died when it was sold to Disney.,"I prefer Guardians over the new Star Wars any day.
Star wars died when it was sold to Disney.",2,2018-05-15T13:10:54Z,2018-05-15T13:10:54Z,UghUEpCSmhHQBXgCoAEC,UghUEpCSmhHQBXgCoAEC.8PaZFRbn6t98gGehm6wXDG
wUn05hdkhjM,I think you are confused,I think you are confused,1,2018-01-06T23:59:22Z,2018-01-06T23:59:22Z,UghUEpCSmhHQBXgCoAEC,UghUEpCSmhHQBXgCoAEC.8PaZFRbn6t98b5eNTFGLQI
wUn05hdkhjM,Thank you for introducing me to Fleetwood Mac. The Chain is an amazing song.,Thank you for introducing me to Fleetwood Mac. The Chain is an amazing song.,0,2017-03-02T06:33:23Z,2017-03-02T06:33:23Z,,UghQJ6ogwilID3gCoAEC
wUn05hdkhjM,First 42 viewer,First 42 viewer,0,2017-03-02T06:33:22Z,2017-03-02T06:33:22Z,,UghkeQbwAUX6OHgCoAEC
wUn05hdkhjM,"+Zetsuke4 <br><br>No. According to my claim, it varies depending on the length of the video.",#NAME?,0,2017-04-28T11:44:28Z,2017-04-28T11:44:28Z,UghgqO96cpkUw3gCoAEC,UghgqO96cpkUw3gCoAEC.8PaZCp1I39L8Rtt9U9PtX3
wUn05hdkhjM,"+Abhi Sharma According to your claim, if a video is 29 seconds long, then it is impossible for them to get views?","+Abhi Sharma According to your claim, if a video is 29 seconds long, then it is impossible for them to get views?",0,2017-04-28T08:04:05Z,2017-04-28T08:04:05Z,UghgqO96cpkUw3gCoAEC,UghgqO96cpkUw3gCoAEC.8PaZCp1I39L8RtUwMXDK0D
wUn05hdkhjM,It&#39;s STRANGE,It's STRANGE,0,2017-04-15T12:11:56Z,2017-04-15T12:11:56Z,UghgqO96cpkUw3gCoAEC,UghgqO96cpkUw3gCoAEC.8PaZCp1I39L8RNSyKMN7Gq
wUn05hdkhjM,Abhi Sharma   EXACTLY !!!!!,Abhi Sharma   EXACTLY !!!!!,1,2017-03-02T22:03:35Z,2017-03-02T22:03:35Z,UghgqO96cpkUw3gCoAEC,UghgqO96cpkUw3gCoAEC.8PaZCp1I39L8PcDhAYEnY8
wUn05hdkhjM,Black Heart Likes get calculated first since they go in at a much slower rate (and thus would still be accurate at an early point).,Black Heart Likes get calculated first since they go in at a much slower rate (and thus would still be accurate at an early point).,1,2017-03-02T18:27:54Z,2017-03-02T18:27:54Z,UghgqO96cpkUw3gCoAEC,UghgqO96cpkUw3gCoAEC.8PaZCp1I39L8Pbq0TikmYY
wUn05hdkhjM,Tfw you c a trailer 2 minutes after its upload and know it will get millions if views o.9,Tfw you c a trailer 2 minutes after its upload and know it will get millions if views o.9,0,2017-03-02T06:32:57Z,2017-03-02T06:32:57Z,,UghpFjy2m4LSZXgCoAEC
wUn05hdkhjM,26 views 219 likes is there a hacker or is it a glitch.,26 views 219 likes is there a hacker or is it a glitch.,0,2017-03-02T06:32:47Z,2017-03-02T06:32:47Z,,UghXeHYtk-_VzHgCoAEC
wUn05hdkhjM,"Luke Sky walker, Chain - Fleetwood Mac Remix by Hi Finesse.","Luke Sky walker, Chain - Fleetwood Mac Remix by Hi Finesse.",5,2017-04-30T12:42:01Z,2017-04-30T12:42:01Z,UghaJMHYjLUgIngCoAEC,UghaJMHYjLUgIngCoAEC.8PaZ9kUmcg-8Rz8Km0LSsu
wUn05hdkhjM,old motha,old motha,0,2017-04-13T15:44:26Z,2017-04-13T15:44:26Z,UghaJMHYjLUgIngCoAEC,UghaJMHYjLUgIngCoAEC.8PaZ9kUmcg-8RIggsSVTsp
wUn05hdkhjM,Luke Sky walker Darude Sandstorm,Luke Sky walker Darude Sandstorm,10,2017-03-05T00:48:59Z,2017-03-05T00:48:59Z,UghaJMHYjLUgIngCoAEC,UghaJMHYjLUgIngCoAEC.8PaZ9kUmcg-8PhfDKMOhhS
wUn05hdkhjM,Damn I&#39;ll Shazam when I&#39;m home lad still looking for a genuine answer.,Damn I'll Shazam when I'm home lad still looking for a genuine answer.,0,2017-03-02T22:20:13Z,2017-03-02T22:20:13Z,UghaJMHYjLUgIngCoAEC,UghaJMHYjLUgIngCoAEC.8PaZ9kUmcg-8PcFax9ltNM
wUn05hdkhjM,Never Gonna Give You Up- Rick Astley,Never Gonna Give You Up- Rick Astley,8,2017-03-02T15:26:02Z,2017-03-02T15:26:02Z,UghaJMHYjLUgIngCoAEC,UghaJMHYjLUgIngCoAEC.8PaZ9kUmcg-8PbWCMVaNh1
wUn05hdkhjM,ok,ok,1,2021-03-14T05:38:11Z,2021-03-14T05:38:11Z,UgiCDt2GrT9dzngCoAEC,UgiCDt2GrT9dzngCoAEC.8PaZ9daE_ib9KrJqiwCDhY
wUn05hdkhjM,cm klsdnl ks,cm klsdnl ks,0,2020-11-12T04:40:46Z,2020-11-12T04:40:46Z,UgiCDt2GrT9dzngCoAEC,UgiCDt2GrT9dzngCoAEC.8PaZ9daE_ib9Fx4IXWXPj_
wUn05hdkhjM,Everyone like : 👁👄👁,Everyone like : 👁👄👁,0,2020-07-10T14:07:53Z,2020-07-10T14:07:53Z,UgiCDt2GrT9dzngCoAEC,UgiCDt2GrT9dzngCoAEC.8PaZ9daE_ib9AwDpoqBPbo
wUn05hdkhjM,@Revali’s Gale guardians of the galaxy 3 2022,@Revali’s Gale guardians of the galaxy 3 2022,0,2020-07-06T02:56:52Z,2020-07-06T02:56:52Z,UgiCDt2GrT9dzngCoAEC,UgiCDt2GrT9dzngCoAEC.8PaZ9daE_ib9AkirdjKRg4
wUn05hdkhjM,Guardians of the galaxy 3 2022,Guardians of the galaxy 3 2022,1,2020-07-06T02:56:27Z,2020-07-06T02:56:27Z,UgiCDt2GrT9dzngCoAEC,UgiCDt2GrT9dzngCoAEC.8PaZ9daE_ib9Akioc-vdQ_
wUn05hdkhjM,YAASSSS THIS IS GONNA BE GOOD!!!!!,YAASSSS THIS IS GONNA BE GOOD!!!!!,3,2017-03-02T06:32:34Z,2017-03-02T06:32:34Z,,UggZI5gajAlo-ngCoAEC
wUn05hdkhjM,This comes out 4 days after my birthday... Best birthday present ever!!!,This comes out 4 days after my birthday... Best birthday present ever!!!,0,2017-03-02T06:32:34Z,2017-03-02T06:32:34Z,,UggEGY0pbULaHngCoAEC
wUn05hdkhjM,I&#39;m not.,I'm not.,6,2017-03-26T07:33:18Z,2017-03-26T07:33:18Z,UghFQQzfvwejWXgCoAEC,UghFQQzfvwejWXgCoAEC.8PaZ7Vbuo7q8QZTB43VCxK
wUn05hdkhjM,Dr Manhattan and Silver Surfer: The Matter Bosses Everybody is.,Dr Manhattan and Silver Surfer: The Matter Bosses Everybody is.,0,2017-03-20T07:14:22Z,2017-03-20T07:14:22Z,UghFQQzfvwejWXgCoAEC,UghFQQzfvwejWXgCoAEC.8PaZ7Vbuo7q8QJzF3YDJCe
wUn05hdkhjM,Noah Rossmann Mhh..right,Noah Rossmann Mhh..right,0,2017-03-03T13:23:09Z,2017-03-03T13:23:09Z,UghFQQzfvwejWXgCoAEC,UghFQQzfvwejWXgCoAEC.8PaZ7Vbuo7q8PdrwDiZYpM
wUn05hdkhjM,Pancho Medina just waiting for the trailer to drop,Pancho Medina just waiting for the trailer to drop,0,2017-03-03T11:33:53Z,2017-03-03T11:33:53Z,UghFQQzfvwejWXgCoAEC,UghFQQzfvwejWXgCoAEC.8PaZ7Vbuo7q8PdfQx0aCGG
wUn05hdkhjM,For me the Guardians are the greatest thing for Marvel Studios to do.<br>Thor is cool but the feaking Guardians of the Galaxy are amazingly awesome man,"For me the Guardians are the greatest thing for Marvel Studios to do.
Thor is cool but the feaking Guardians of the Galaxy are amazingly awesome man",5,2017-03-02T22:40:21Z,2017-03-02T22:40:21Z,UghFQQzfvwejWXgCoAEC,UghFQQzfvwejWXgCoAEC.8PaZ7Vbuo7q8PcHuRQUfeG
wUn05hdkhjM,Karl Thomas thanks bro,Karl Thomas thanks bro,0,2017-03-02T06:34:58Z,2017-03-02T06:34:58Z,UggT3vy21XfwUHgCoAEC,UggT3vy21XfwUHgCoAEC.8PaZ5lviun98PaZQhXPswQ
wUn05hdkhjM,space elephant The Chain by Fleetwood Mac,space elephant The Chain by Fleetwood Mac,0,2017-03-02T06:34:16Z,2017-03-02T06:34:16Z,UggT3vy21XfwUHgCoAEC,UggT3vy21XfwUHgCoAEC.8PaZ5lviun98PaZL_sdt9t
wUn05hdkhjM,WOOOOOWWWWWWWW,WOOOOOWWWWWWWW,1,2017-03-02T06:32:04Z,2017-03-02T06:32:04Z,,UgjyFS2qJDxGP3gCoAEC
wUn05hdkhjM,wow great movie i love this,wow great movie i love this,3,2017-03-02T06:32:03Z,2017-03-02T06:32:03Z,,UgjZeMJtYXW0qXgCoAEC
wUn05hdkhjM,WE GET TO SEE STAR LORD&#39;S DAD!!!!!,WE GET TO SEE STAR LORD'S DAD!!!!!,1,2017-03-02T06:31:52Z,2017-03-02T06:31:52Z,,UgjEjMng14_4a3gCoAEC
wUn05hdkhjM,Ohh my god,Ohh my god,0,2017-03-02T06:31:37Z,2017-03-02T06:31:37Z,,UgjLFr9a-0hmVXgCoAEC
wUn05hdkhjM,early,early,0,2017-03-02T06:31:34Z,2017-03-02T06:31:34Z,,UgjVoFn-PuvHcngCoAEC
wUn05hdkhjM,love chris 😻,love chris 😻,0,2017-03-02T06:31:17Z,2017-03-02T06:31:17Z,,UgjjP7ribEsdjXgCoAEC
wUn05hdkhjM,Absolutely gorgeous visuals.,Absolutely gorgeous visuals.,2,2017-03-02T06:31:15Z,2017-03-02T06:31:15Z,,UgjH4sLUdl94EngCoAEC
wUn05hdkhjM,I like the coloring of the trailer. Marvel made a good choice in picking the Red Weapons 8K as their camera. :),I like the coloring of the trailer. Marvel made a good choice in picking the Red Weapons 8K as their camera. :),1,2017-03-02T06:31:14Z,2017-03-02T06:31:33Z,,Ugjglu5fiVIGAHgCoAEC
wUn05hdkhjM,"No puedo esperar a ver que traerá de nuevo esta pelicula, será increíble :D","No puedo esperar a ver que traerá de nuevo esta pelicula, será increíble :D",4,2017-03-02T06:31:08Z,2017-03-02T06:31:08Z,,Ugim6sX8y9P8NHgCoAEC
wUn05hdkhjM,Nestor Lopez Gonzales It was excusifly for the Jimmy Kimmel YouTube channel,Nestor Lopez Gonzales It was excusifly for the Jimmy Kimmel YouTube channel,0,2017-03-02T23:17:24Z,2017-03-02T23:17:24Z,UggDcnFXUy9dVHgCoAEC,UggDcnFXUy9dVHgCoAEC.8PaYwZEeEzN8PcM8o_VQdV
wUn05hdkhjM,Nestor Lopez Gonzales Guess it was some kind of deal they made,Nestor Lopez Gonzales Guess it was some kind of deal they made,2,2017-03-02T07:01:42Z,2017-03-02T07:01:42Z,UggDcnFXUy9dVHgCoAEC,UggDcnFXUy9dVHgCoAEC.8PaYwZEeEzN8PabUbObBpx
wUn05hdkhjM,They probably didn&#39;t want to upload it on the same day that Jimmy Kimmel uploaded it,They probably didn't want to upload it on the same day that Jimmy Kimmel uploaded it,1,2017-03-02T06:40:36Z,2017-03-02T06:40:36Z,UggDcnFXUy9dVHgCoAEC,UggDcnFXUy9dVHgCoAEC.8PaYwZEeEzN8Pa_40VcRVE
wUn05hdkhjM,Carlos Franco 5th May,Carlos Franco 5th May,0,2017-03-02T07:13:13Z,2017-03-02T07:13:13Z,UggmOgl1r1YsOXgCoAEC,UggmOgl1r1YsOXgCoAEC.8PaYwUWDsBa8PacnwNpfIw
wUn05hdkhjM,hope you&#39;re ready,hope you're ready,1,2017-03-02T06:30:35Z,2017-03-02T06:30:35Z,,UgicagC5M4qgK3gCoAEC
wUn05hdkhjM,"So that&#39;s it huh, we&#39;re some kind of Guardians of the Galaxy?","So that's it huh, we're some kind of Guardians of the Galaxy?",2,2017-03-02T06:30:20Z,2017-03-02T06:30:20Z,,UghWsGJ2T37fYHgCoAEC
wUn05hdkhjM,***** Uh-huh.,***** Uh-huh.,0,2017-03-02T14:38:45Z,2017-03-02T14:38:45Z,Ugg8N8EvKeGrEngCoAEC,Ugg8N8EvKeGrEngCoAEC.8PaYtbyDpHf8PbQn83DcX6
wUn05hdkhjM,Nam Huynh Uh-huh.,Nam Huynh Uh-huh.,1,2017-03-02T14:38:34Z,2017-03-02T14:38:34Z,Ugg8N8EvKeGrEngCoAEC,Ugg8N8EvKeGrEngCoAEC.8PaYtbyDpHf8PbQlmUbei6
wUn05hdkhjM,Nemo 2003 I am Groot,Nemo 2003 I am Groot,1,2017-03-02T12:32:49Z,2017-03-02T12:32:49Z,Ugg8N8EvKeGrEngCoAEC,Ugg8N8EvKeGrEngCoAEC.8PaYtbyDpHf8PbCNkzbLU5
wUn05hdkhjM,"The fate of the universe lies on your shoulders. Now whatever you do, don&#39;t push this button. Now repeat back what I just said.","The fate of the universe lies on your shoulders. Now whatever you do, don't push this button. Now repeat back what I just said.",3,2017-03-02T08:47:51Z,2017-03-02T08:47:51Z,Ugg8N8EvKeGrEngCoAEC,Ugg8N8EvKeGrEngCoAEC.8PaYtbyDpHf8Pand3nQXEt
wUn05hdkhjM,***** I am Groot<br>( Hydra agent confirm ),"***** I am Groot
( Hydra agent confirm )",1,2017-03-02T07:29:00Z,2017-03-02T07:29:00Z,Ugg8N8EvKeGrEngCoAEC,Ugg8N8EvKeGrEngCoAEC.8PaYtbyDpHf8PaebZlCRKl
wUn05hdkhjM,Fleetwood Mac - The Chain.,Fleetwood Mac - The Chain.,0,2017-03-02T06:30:17Z,2017-03-02T06:30:17Z,,UggTVrAfEmpwPXgCoAEC
wUn05hdkhjM,YOUR NOT MY DAD!,YOUR NOT MY DAD!,2,2017-03-02T08:14:58Z,2017-03-02T08:14:58Z,Ugjxhmvke1RzjngCoAEC,Ugjxhmvke1RzjngCoAEC.8PaYtSTowmP8Pajs9b5Ehx
wUn05hdkhjM,pimbaaa,pimbaaa,0,2017-03-02T06:30:11Z,2017-03-02T06:30:11Z,,UgielbWhRXhvzXgCoAEC
wUn05hdkhjM,esperó que se a una buena película,esperó que se a una buena película,0,2017-03-02T06:30:08Z,2017-03-02T06:30:08Z,,UghqPUFhuRU-_HgCoAEC
wUn05hdkhjM,This is going to be LIT!!!,This is going to be LIT!!!,17,2017-03-02T06:30:06Z,2017-03-02T06:30:06Z,,UgjeyhSseFoZiXgCoAEC
wUn05hdkhjM,Primeiro BR,Primeiro BR,0,2017-03-02T06:30:03Z,2017-03-02T06:30:03Z,,UgjkCi4_bIazd3gCoAEC
wUn05hdkhjM,can&#39;t wait,can't wait,0,2017-03-02T06:30:02Z,2017-03-02T06:30:02Z,,Ugjie-ELqkKSAHgCoAEC
wUn05hdkhjM,"I&#39;m 9th here. Still neva mind Marvel cos you&#39;re late, dude.","I'm 9th here. Still neva mind Marvel cos you're late, dude.",0,2017-03-02T06:30:02Z,2017-03-02T06:31:57Z,,UgjEij1ZpGb0VXgCoAEC
wUn05hdkhjM,Yes!!!,Yes!!!,1,2017-03-02T06:30:00Z,2017-03-02T06:30:00Z,,UgjUp9V9uYOdPXgCoAEC
wUn05hdkhjM,woow,woow,0,2017-03-02T06:29:55Z,2017-03-02T06:29:55Z,,UggbkXbrr29C6ngCoAEC
wUn05hdkhjM,algum brasileiro aqui,algum brasileiro aqui,0,2017-03-02T06:29:53Z,2017-03-02T06:29:53Z,,UgiF4bL7eUitM3gCoAEC
wUn05hdkhjM,Igor Danielli It was uploded excusifly for Jimmy kimmel,Igor Danielli It was uploded excusifly for Jimmy kimmel,0,2017-03-02T23:18:21Z,2017-03-02T23:18:21Z,UggfheQwFWsiS3gCoAEC,UggfheQwFWsiS3gCoAEC.8PaYpjCDA3r8PcMFkSXL5o
wUn05hdkhjM,is that not real pase?,is that not real pase?,0,2017-03-02T06:29:44Z,2017-03-02T06:29:44Z,,Ugi-S8V8jOdlqHgCoAEC
wUn05hdkhjM,Rip was first a couple seconds ago😂😂😂,Rip was first a couple seconds ago😂😂😂,2,2017-03-02T06:29:42Z,2017-03-02T06:29:42Z,,UggvbLSw2VbLh3gCoAEC
wUn05hdkhjM,Can someone tell me what silvestre stallone doin here?,Can someone tell me what silvestre stallone doin here?,0,2017-03-02T06:29:42Z,2017-03-02T06:29:42Z,,UgiIMoMwEOLFrXgCoAEC
wUn05hdkhjM,I have been waiting for this😁😁😁😁😁😝😝😝😝😝 Baby Groot Is so cuteee,I have been waiting for this😁😁😁😁😁😝😝😝😝😝 Baby Groot Is so cuteee,1,2017-03-02T06:29:42Z,2017-03-02T06:30:00Z,,UgipuayMH4_cWXgCoAEC
wUn05hdkhjM,so close to first,so close to first,0,2017-03-02T06:29:42Z,2017-03-02T06:29:42Z,,UgivKdNQiyTkV3gCoAEC
wUn05hdkhjM,Só agora que vocês postam? kkjkkkkkkkk,Só agora que vocês postam? kkjkkkkkkkk,0,2017-03-02T06:29:42Z,2017-03-02T06:29:42Z,,UggWFoyXRudLcHgCoAEC
wUn05hdkhjM,THIS IS THE EARLIEST IVE EVER BEEN ON ANYTHING!!!!! I AM GROOT!!!!,THIS IS THE EARLIEST IVE EVER BEEN ON ANYTHING!!!!! I AM GROOT!!!!,8,2017-03-02T06:29:39Z,2017-03-02T06:29:39Z,,UgjB4BheR2PyhXgCoAEC
wUn05hdkhjM,Is very much cool.,Is very much cool.,8,2017-03-02T06:29:39Z,2017-03-02T06:29:39Z,,UghAIZPWNV8JnngCoAEC
wUn05hdkhjM,17th,17th,0,2017-03-02T06:29:37Z,2017-03-02T06:29:37Z,,Ugg1HgAdi4Tvv3gCoAEC
wUn05hdkhjM,Here before its viral,Here before its viral,0,2017-03-02T06:29:36Z,2017-03-02T06:29:36Z,,Ugg-72bjgWGYLXgCoAEC
wUn05hdkhjM,9 views 66 likes 0 dislikes.....,9 views 66 likes 0 dislikes.....,0,2017-03-02T06:29:30Z,2017-03-02T06:29:30Z,,Ugh6gm4RvWcla3gCoAEC
wUn05hdkhjM,lit,lit,0,2017-03-02T06:29:29Z,2017-03-02T06:29:29Z,,UgiFp0v0D8h-IHgCoAEC
wUn05hdkhjM,3コメ,3コメ,0,2017-03-02T06:29:27Z,2017-03-02T06:29:27Z,,UgjTaMPSet4czHgCoAEC
wUn05hdkhjM,So that it? What we some kind of Guardians of the Galaxy?,So that it? What we some kind of Guardians of the Galaxy?,1,2017-03-02T06:29:25Z,2017-03-02T06:29:25Z,,UgjtrdlnjSQ2BHgCoAEC
wUn05hdkhjM,Primeiro Br porra,Primeiro Br porra,0,2017-03-02T06:29:23Z,2017-03-02T06:29:23Z,,Ugi22q9xXWN9f3gCoAEC
wUn05hdkhjM,nut*,nut*,0,2017-03-02T06:29:19Z,2017-03-02T06:29:19Z,,Ugj2Y13KFYZoEngCoAEC
wUn05hdkhjM,awesome 👌,awesome 👌,0,2017-03-02T06:29:19Z,2017-03-02T06:29:19Z,,Ugj2sWbjVjwC_3gCoAEC
wUn05hdkhjM,First... wait,First... wait,0,2017-03-02T06:29:19Z,2017-03-02T06:29:19Z,,UghmT5TlPI4WZXgCoAEC
wUn05hdkhjM,8 views 55 likes !!,8 views 55 likes !!,0,2017-03-02T06:29:17Z,2017-03-02T06:29:17Z,,UggH55NbEG2yq3gCoAEC
wUn05hdkhjM,y u guys late... ur marvel...,y u guys late... ur marvel...,2,2017-03-02T06:29:16Z,2017-03-02T06:29:16Z,,UghUVtx1CZmXWngCoAEC
wUn05hdkhjM,9th,9th,0,2017-03-02T06:29:14Z,2017-03-02T06:29:14Z,,UgjsoEzEMUKHWHgCoAEC
wUn05hdkhjM,Welcome to the freakin Guardians of the Galaxy,Welcome to the freakin Guardians of the Galaxy,0,2021-06-26T21:25:08Z,2021-06-26T21:25:08Z,UghMcUsDRwZgjHgCoAEC,UghMcUsDRwZgjHgCoAEC.8PaYlh2sj1t9P3ntPxIz-m
wUn05hdkhjM,more like a bunch of a holes,more like a bunch of a holes,0,2020-11-21T13:15:53Z,2020-11-21T13:15:53Z,UghMcUsDRwZgjHgCoAEC,UghMcUsDRwZgjHgCoAEC.8PaYlh2sj1t9GKAPBePNK6
wUn05hdkhjM,This comment aged really well.,This comment aged really well.,0,2020-06-18T23:47:18Z,2020-06-18T23:47:18Z,UghMcUsDRwZgjHgCoAEC,UghMcUsDRwZgjHgCoAEC.8PaYlh2sj1t9A3beM7Yx5O
wUn05hdkhjM,MegaSoulHero santudera,MegaSoulHero santudera,0,2019-09-02T06:12:19Z,2019-09-02T06:12:19Z,UghMcUsDRwZgjHgCoAEC,UghMcUsDRwZgjHgCoAEC.8PaYlh2sj1t8zN-OeXm_yW
wUn05hdkhjM,I&#39;d still like to see this meme once in a while lol,I'd still like to see this meme once in a while lol,0,2018-12-09T13:14:44Z,2018-12-09T13:14:44Z,UghMcUsDRwZgjHgCoAEC,UghMcUsDRwZgjHgCoAEC.8PaYlh2sj1t8odFUrVSSHX
wUn05hdkhjM,No. You are Harmabe.,No. You are Harmabe.,9,2017-03-02T09:42:46Z,2017-03-02T09:42:46Z,UghKi4FoHjZUG3gCoAEC,UghKi4FoHjZUG3gCoAEC.8PaYlgwt3IK8PatvBv1evl
wUn05hdkhjM,SquaredSpekz this is just a profile. I&#39;m not actually harambe. ,SquaredSpekz this is just a profile. I'm not actually harambe. ,7,2017-03-02T09:15:14Z,2017-03-02T09:15:14Z,UghKi4FoHjZUG3gCoAEC,UghKi4FoHjZUG3gCoAEC.8PaYlgwt3IK8Paql_xVOUh
wUn05hdkhjM,RealCoolGuy WHYYYYY HUHHHHH!!!!!,RealCoolGuy WHYYYYY HUHHHHH!!!!!,0,2017-03-02T08:32:04Z,2017-03-02T08:32:04Z,UghKi4FoHjZUG3gCoAEC,UghKi4FoHjZUG3gCoAEC.8PaYlgwt3IK8PalpS6joEM
wUn05hdkhjM,"No need to yell, mate.","No need to yell, mate.",1,2017-03-02T07:26:42Z,2017-03-02T07:26:42Z,UghKi4FoHjZUG3gCoAEC,UghKi4FoHjZUG3gCoAEC.8PaYlgwt3IK8PaeLeQ6Dle
wUn05hdkhjM,RealCoolGuy WELL AS A STUDENT THAT HAS BEEN UP FOR PROBABLY 40 HOURS NOW CAUSE OF ASSIGNMENTS IT FEELS LIKE ITS BEEN DAYS.,RealCoolGuy WELL AS A STUDENT THAT HAS BEEN UP FOR PROBABLY 40 HOURS NOW CAUSE OF ASSIGNMENTS IT FEELS LIKE ITS BEEN DAYS.,1,2017-03-02T07:12:55Z,2017-03-02T07:12:55Z,UghKi4FoHjZUG3gCoAEC,UghKi4FoHjZUG3gCoAEC.8PaYlgwt3IK8Paclf8yteK
wUn05hdkhjM,under 10 club nice:),under 10 club nice:),0,2017-03-02T06:29:13Z,2017-03-02T06:29:13Z,,Ugjx7L78hXPSN3gCoAEC
wUn05hdkhjM,Because they didn&#39;t want to upload it the same day Jimmy Kimmel uploaded it,Because they didn't want to upload it the same day Jimmy Kimmel uploaded it,0,2017-03-02T06:31:20Z,2017-03-02T06:31:30Z,UggID8ojMCxoS3gCoAEC,UggID8ojMCxoS3gCoAEC.8PaYlV9uJnd8PaZ08oHiCa
wUn05hdkhjM,Shadow Studios I actually don&#39;t even remember which exam I was talking about lol😂😂,Shadow Studios I actually don't even remember which exam I was talking about lol😂😂,0,2021-02-28T13:24:05Z,2021-02-28T13:24:05Z,UggoFa3DWG3zNHgCoAEC,UggoFa3DWG3zNHgCoAEC.8PaYl1H9aG09KJ61uSYEWg
wUn05hdkhjM,Caleb Nichelson Yes. Yes I am,Caleb Nichelson Yes. Yes I am,5,2017-05-06T21:34:03Z,2017-05-06T21:34:03Z,UggoFa3DWG3zNHgCoAEC,UggoFa3DWG3zNHgCoAEC.8PaYl1H9aG08SEXzm3Efw_
wUn05hdkhjM,are you INSANE???,are you INSANE???,2,2017-05-06T21:20:05Z,2017-05-06T21:20:05Z,UggoFa3DWG3zNHgCoAEC,UggoFa3DWG3zNHgCoAEC.8PaYl1H9aG08SEWOPjd_CL
wUn05hdkhjM,didi n friends,didi n friends,1,2017-04-19T07:55:59Z,2017-04-19T07:55:59Z,UggoFa3DWG3zNHgCoAEC,UggoFa3DWG3zNHgCoAEC.8PaYl1H9aG08RXIr8qgnhB
wUn05hdkhjM,Big-Bonkin-Head 9pm have to start studying for final exam which starts tomorrow and instead I am watching this.,Big-Bonkin-Head 9pm have to start studying for final exam which starts tomorrow and instead I am watching this.,4,2017-03-02T09:42:23Z,2017-03-02T09:42:23Z,UggoFa3DWG3zNHgCoAEC,UggoFa3DWG3zNHgCoAEC.8PaYl1H9aG08PatsRuziAu
wUn05hdkhjM,third,third,0,2017-03-02T06:29:06Z,2017-03-02T06:29:06Z,,Uggm3Pc49g1UzHgCoAEC
wUn05hdkhjM,"you&#39;re kind of late, Marvel","you're kind of late, Marvel",1,2017-03-02T06:29:06Z,2017-03-02T06:29:06Z,,UgjfdEB9VCvB7HgCoAEC
wUn05hdkhjM,Kjnnnkn,Kjnnnkn,0,2022-12-27T19:35:08Z,2022-12-27T19:35:08Z,UgjRyWrPzYlPn3gCoAEC,UgjRyWrPzYlPn3gCoAEC.8PaYkaJoAEi9k9EiA3FCyo
wUn05hdkhjM,Man this feel really different nowdays,Man this feel really different nowdays,1,2022-12-14T14:17:13Z,2022-12-14T14:17:13Z,UgjRyWrPzYlPn3gCoAEC,UgjRyWrPzYlPn3gCoAEC.8PaYkaJoAEi9jcC-FvQHbT
wUn05hdkhjM,"Not as late as the Civil War Trailer, Age of Ultron Trailer, Infinity War Trailer, and Endgame Trailer.","Not as late as the Civil War Trailer, Age of Ultron Trailer, Infinity War Trailer, and Endgame Trailer.",0,2019-03-16T07:08:49Z,2019-03-16T07:08:49Z,UgjRyWrPzYlPn3gCoAEC,UgjRyWrPzYlPn3gCoAEC.8PaYkaJoAEi8sXMifVA6jH
wUn05hdkhjM,Ohh I get it lol.,Ohh I get it lol.,0,2018-05-27T03:07:42Z,2018-05-27T03:07:42Z,UgjRyWrPzYlPn3gCoAEC,UgjRyWrPzYlPn3gCoAEC.8PaYkaJoAEi8gjUDIG79Vv
wUn05hdkhjM,Why?,Why?,1,2017-03-23T21:31:28Z,2017-03-23T21:31:28Z,UgjRyWrPzYlPn3gCoAEC,UgjRyWrPzYlPn3gCoAEC.8PaYkaJoAEi8QTEiGZ57CZ
wUn05hdkhjM,BABAYEGA,BABAYEGA,0,2017-03-02T06:29:03Z,2017-03-02T06:29:03Z,,UgiD9CFa872p2ngCoAEC
wUn05hdkhjM,Omg,Omg,0,2017-03-02T06:29:02Z,2017-03-02T06:29:02Z,,UggW7xFmuFcjcHgCoAEC
wUn05hdkhjM,Notification Squad,Notification Squad,0,2017-03-02T06:29:01Z,2017-03-02T06:29:01Z,,UggHeME_3y4eAHgCoAEC
wUn05hdkhjM,Woowww!!!,Woowww!!!,0,2017-03-02T06:28:59Z,2017-03-02T06:28:59Z,,UghRoEKCatMQpngCoAEC
wUn05hdkhjM,Hi,Hi,0,2017-03-02T06:28:56Z,2017-03-02T06:28:56Z,,UghU4-NTBKkjA3gCoAEC
wUn05hdkhjM,Second,Second,0,2017-03-02T06:28:54Z,2017-03-02T06:28:54Z,,UgjY7vSvO42YMngCoAEC
wUn05hdkhjM,2nd,2nd,0,2017-03-02T06:28:53Z,2017-03-02T06:28:53Z,,Ugi8JJs9jKKGbHgCoAEC
wUn05hdkhjM,awesome,awesome,0,2017-03-02T06:28:53Z,2017-03-02T06:28:53Z,,Ugi0QydPDhFLwXgCoAEC
wUn05hdkhjM,Y&#39;all jokers must be crazy.,Y'all jokers must be crazy.,3,2017-03-02T06:28:53Z,2017-03-02T06:29:04Z,,UggP3q3mr1GSyHgCoAEC
wUn05hdkhjM,hi,hi,1,2017-03-02T06:28:48Z,2017-03-02T06:28:48Z,,UgjUnj1L9QWVc3gCoAEC
wUn05hdkhjM,ooooo,ooooo,1,2017-03-02T06:28:47Z,2017-03-02T06:28:47Z,,UgifGDs5xSJu8HgCoAEC
